-- MySQL dump 10.13  Distrib 5.7.26, for osx10.10 (x86_64)
--
-- Host: localhost    Database: RD1_Assignment
-- ------------------------------------------------------
-- Server version	5.7.26

/*!40101 SET @OLD_CHARACTER_SET_CLIENT=@@CHARACTER_SET_CLIENT */;
/*!40101 SET @OLD_CHARACTER_SET_RESULTS=@@CHARACTER_SET_RESULTS */;
/*!40101 SET @OLD_COLLATION_CONNECTION=@@COLLATION_CONNECTION */;
/*!40101 SET NAMES utf8 */;
/*!40103 SET @OLD_TIME_ZONE=@@TIME_ZONE */;
/*!40103 SET TIME_ZONE='+00:00' */;
/*!40014 SET @OLD_UNIQUE_CHECKS=@@UNIQUE_CHECKS, UNIQUE_CHECKS=0 */;
/*!40014 SET @OLD_FOREIGN_KEY_CHECKS=@@FOREIGN_KEY_CHECKS, FOREIGN_KEY_CHECKS=0 */;
/*!40101 SET @OLD_SQL_MODE=@@SQL_MODE, SQL_MODE='NO_AUTO_VALUE_ON_ZERO' */;
/*!40111 SET @OLD_SQL_NOTES=@@SQL_NOTES, SQL_NOTES=0 */;

--
-- Table structure for table `cities`
--

DROP TABLE IF EXISTS `cities`;
/*!40101 SET @saved_cs_client     = @@character_set_client */;
/*!40101 SET character_set_client = utf8 */;
CREATE TABLE `cities` (
  `cityId` varchar(20) NOT NULL,
  `cityName` varchar(20) DEFAULT NULL,
  PRIMARY KEY (`cityId`)
) ENGINE=InnoDB DEFAULT CHARSET=utf8;
/*!40101 SET character_set_client = @saved_cs_client */;

--
-- Dumping data for table `cities`
--

LOCK TABLES `cities` WRITE;
/*!40000 ALTER TABLE `cities` DISABLE KEYS */;
INSERT INTO `cities` VALUES ('09007','連江縣'),('09020','金門縣'),('10002','宜蘭縣'),('10004','新竹縣'),('10005','苗栗縣'),('10007','彰化縣'),('10008','南投縣'),('10009','雲林縣'),('10010','嘉義縣'),('10013','屏東縣'),('10014','臺東縣'),('10015','花蓮縣'),('10016','澎湖縣'),('10017','基隆市'),('10018','新竹市'),('10020','嘉義市'),('63','臺北市'),('64','高雄市'),('65','新北市'),('66','臺中市'),('67','臺南市'),('68','桃園市');
/*!40000 ALTER TABLE `cities` ENABLE KEYS */;
UNLOCK TABLES;

--
-- Table structure for table `rain`
--

DROP TABLE IF EXISTS `rain`;
/*!40101 SET @saved_cs_client     = @@character_set_client */;
/*!40101 SET character_set_client = utf8 */;
CREATE TABLE `rain` (
  `cityId` varchar(20) NOT NULL,
  `locationName` varchar(20) NOT NULL,
  `hour_3` varchar(20) DEFAULT NULL,
  `hour_6` varchar(20) DEFAULT NULL,
  `hour_12` varchar(20) DEFAULT NULL,
  `hour_24` varchar(20) DEFAULT NULL,
  `now` varchar(20) DEFAULT NULL,
  `obsTime` datetime NOT NULL,
  PRIMARY KEY (`cityId`,`locationName`)
) ENGINE=InnoDB DEFAULT CHARSET=utf8;
/*!40101 SET character_set_client = @saved_cs_client */;

--
-- Dumping data for table `rain`
--

LOCK TABLES `rain` WRITE;
/*!40000 ALTER TABLE `rain` DISABLE KEYS */;
INSERT INTO `rain` VALUES ('09007','東莒','-998.00','-998.00','0.00','5.50','0.00','2020-09-03 17:10:00'),('09007','馬祖','-998.00','-998.00','0.00','0.00','0.00','2020-09-03 17:10:00'),('09020','九宮碼頭','-998.00','-998.00','0.00','0.00','0.00','2020-09-03 17:10:00'),('09020','金寧','-998.00','-998.00','0.00','0.00','0.00','2020-09-03 17:10:00'),('09020','金沙','-998.00','-998.00','0.00','0.00','0.00','2020-09-03 17:10:00'),('09020','金門','-998.00','-998.00','0.00','0.00','0.00','2020-09-03 17:10:00'),('09020','金門(東)','-998.00','-998.00','0.00','0.00','0.00','2020-09-03 17:10:00'),('10002','三星','-998.00','-998.00','0.00','0.00','0.00','2020-09-03 17:10:00'),('10002','五峰','-998.00','-998.00','0.00','15.00','0.00','2020-09-03 17:10:00'),('10002','五結','-998.00','-998.00','0.00','0.00','0.00','2020-09-03 17:10:00'),('10002','內城','-998.00','-998.00','0.00','0.00','0.00','2020-09-03 17:10:00'),('10002','冬山','-998.00','-998.00','0.00','0.00','0.00','2020-09-03 17:10:00'),('10002','北關','-998.00','-998.00','0.00','10.00','0.00','2020-09-03 17:10:00'),('10002','南山','1.00','3.00','3.00','3.00','3.00','2020-09-03 17:10:00'),('10002','南澳','-998.00','-998.00','0.00','0.00','0.00','2020-09-03 17:10:00'),('10002','員山','-998.00','-998.00','0.00','0.00','0.00','2020-09-03 17:10:00'),('10002','四季','5.00','7.00','7.00','7.00','7.00','2020-09-03 17:10:00'),('10002','土場','-998.00','-998.00','0.00','0.00','0.00','2020-09-03 17:10:00'),('10002','土場(1)','-998.00','-998.00','0.00','0.00','0.00','2020-09-03 17:10:00'),('10002','坪林石牌','-998.00','-998.00','0.00','9.00','0.00','2020-09-03 17:10:00'),('10002','多加屯','-998.00','-998.00','0.00','0.00','0.00','2020-09-03 17:10:00'),('10002','大溪國小','0.00','0.50','1.50','5.50','1.50','2020-09-03 17:10:00'),('10002','大濁水','2.00','2.00','2.00','2.00','2.00','2020-09-03 17:10:00'),('10002','大礁溪','-998.00','-998.00','0.00','0.00','0.00','2020-09-03 17:10:00'),('10002','大福','-998.00','-998.00','0.00','6.50','0.00','2020-09-03 17:10:00'),('10002','大里國小','-998.00','-998.00','0.00','2.00','0.50','2020-09-03 17:10:00'),('10002','太平山','7.50','7.50','7.50','8.00','7.50','2020-09-03 17:10:00'),('10002','太平山(1)','8.00','8.00','8.00','8.00','8.00','2020-09-03 17:10:00'),('10002','宜蘭','-998.00','-998.00','0.00','0.00','0.00','2020-09-03 17:10:00'),('10002','宜蘭畜試','-998.00','-998.00','0.00','0.00','0.00','2020-09-03 17:10:00'),('10002','寒溪','-998.00','-998.00','0.00','0.00','0.00','2020-09-03 17:10:00'),('10002','思源','0.50','0.50','0.50','0.50','0.50','2020-09-03 17:10:00'),('10002','新北城','-998.00','-998.00','0.00','0.00','0.00','2020-09-03 17:10:00'),('10002','新寮','-998.00','-998.00','0.00','0.00','0.00','2020-09-03 17:10:00'),('10002','新寮(1)','-998.00','-998.00','0.00','0.00','0.00','2020-09-03 17:10:00'),('10002','東澳','0.50','0.50','0.50','0.50','0.50','2020-09-03 17:10:00'),('10002','東澳嶺','-998.00','-998.00','0.00','0.00','0.00','2020-09-03 17:10:00'),('10002','桃源谷','-998.00','-998.00','0.00','3.50','0.00','2020-09-03 17:10:00'),('10002','梵梵(2)','-998.00','-998.00','0.00','0.00','0.00','2020-09-03 17:10:00'),('10002','樂水分校','-998.00','-998.00','0.00','0.00','0.00','2020-09-03 17:10:00'),('10002','樟林','-998.00','-998.00','0.00','0.00','0.00','2020-09-03 17:10:00'),('10002','樟樹山','0.00','1.00','1.00','1.00','1.00','2020-09-03 17:10:00'),('10002','武塔','-998.00','-998.00','0.00','0.00','0.00','2020-09-03 17:10:00'),('10002','永樂國小','-998.00','-998.00','0.00','0.00','0.00','2020-09-03 17:10:00'),('10002','池端','-998.00','-998.00','0.00','0.00','0.00','2020-09-03 17:10:00'),('10002','清水','-998.00','-998.00','0.00','0.00','0.00','2020-09-03 17:10:00'),('10002','烏石鼻','-998.00','-998.00','0.00','0.00','0.00','2020-09-03 17:10:00'),('10002','牛鬥','-998.00','-998.00','0.00','0.00','0.00','2020-09-03 17:10:00'),('10002','玉蘭','-998.00','-998.00','0.00','-999.00','0.00','2020-09-03 17:10:00'),('10002','留茂安','-998.00','-998.00','0.00','0.00','0.00','2020-09-03 17:10:00'),('10002','白嶺','4.00','4.50','5.50','5.50','5.50','2020-09-03 17:10:00'),('10002','礁溪','-998.00','-998.00','0.00','16.00','0.00','2020-09-03 17:10:00'),('10002','羅東','-998.00','-998.00','0.00','0.00','0.00','2020-09-03 17:10:00'),('10002','翠峰湖','1.50','2.00','2.50','3.00','3.00','2020-09-03 17:10:00'),('10002','蘇澳','-998.00','-998.00','0.00','0.00','0.00','2020-09-03 17:10:00'),('10002','蘭陽分場','-998.00','-998.00','0.00','0.00','0.00','2020-09-03 17:10:00'),('10002','西帽山','-998.00','-998.00','0.00','0.00','0.00','2020-09-03 17:10:00'),('10002','西德山','-998.00','-998.00','0.00','0.00','0.00','2020-09-03 17:10:00'),('10002','觀音海岸','0.50','0.50','0.50','0.50','0.50','2020-09-03 17:10:00'),('10002','金岳國小','0.50','0.50','0.50','0.50','0.50','2020-09-03 17:10:00'),('10002','雙連埤','-998.00','-998.00','0.00','0.00','0.00','2020-09-03 17:10:00'),('10002','頭城','-998.00','-998.00','0.00','9.00','0.00','2020-09-03 17:10:00'),('10002','鴛鴦湖','0.50','0.50','1.00','1.00','1.00','2020-09-03 17:10:00'),('10002','鶯子嶺','-998.00','-998.00','0.00','0.50','0.00','2020-09-03 17:10:00'),('10002','龜山島','-998.00','-998.00','0.00','1.00','0.00','2020-09-03 17:10:00'),('10004','五峰國小','-998.00','-998.00','0.00','0.00','0.00','2020-09-03 17:10:00'),('10004','五峰站','0.00','2.00','2.00','2.00','2.00','2020-09-03 17:10:00'),('10004','內灣國小','-998.00','-998.00','0.00','0.00','0.00','2020-09-03 17:10:00'),('10004','外坪五指','0.00','1.50','1.50','1.50','1.50','2020-09-03 17:10:00'),('10004','太閣南','-998.00','-998.00','0.00','0.00','0.00','2020-09-03 17:10:00'),('10004','寶山','0.00','6.50','6.50','6.50','6.50','2020-09-03 17:10:00'),('10004','尖石國小','-998.00','-998.00','0.50','0.50','0.50','2020-09-03 17:10:00'),('10004','峨眉','0.00','1.50','1.50','1.50','1.50','2020-09-03 17:10:00'),('10004','打鐵坑','-998.00','-998.00','15.00','15.00','15.00','2020-09-03 17:10:00'),('10004','新城國小','0.00','1.00','2.00','2.00','2.00','2020-09-03 17:10:00'),('10004','新埔','-998.00','-998.00','30.50','30.50','30.50','2020-09-03 17:10:00'),('10004','新埔(1)','-998.00','-998.00','19.00','19.00','19.00','2020-09-03 17:10:00'),('10004','新竹','-998.00','-998.00','10.00','10.00','10.00','2020-09-03 17:10:00'),('10004','新豐','-998.00','-998.00','66.00','66.00','66.00','2020-09-03 17:10:00'),('10004','梅花','-998.00','-998.00','0.00','0.00','0.00','2020-09-03 17:10:00'),('10004','橫山','-998.00','-998.00','0.00','0.00','0.00','2020-09-03 17:10:00'),('10004','清泉','0.00','7.00','7.00','7.00','7.00','2020-09-03 17:10:00'),('10004','湖口','-998.00','-998.00','58.50','58.50','58.50','2020-09-03 17:10:00'),('10004','玉峰','-998.00','-998.00','0.00','0.00','0.00','2020-09-03 17:10:00'),('10004','田埔分校','-998.00','-998.00','0.00','0.00','0.00','2020-09-03 17:10:00'),('10004','白石','0.00','2.00','2.00','4.00','2.00','2020-09-03 17:10:00'),('10004','白蘭','0.00','6.50','6.50','6.50','6.50','2020-09-03 17:10:00'),('10004','竹東','-998.00','-998.00','0.00','0.00','0.00','2020-09-03 17:10:00'),('10004','花園派出所','-998.00','-998.00','0.00','0.00','0.00','2020-09-03 17:10:00'),('10004','西丘斯山','1.00','1.00','1.00','1.00','1.00','2020-09-03 17:10:00'),('10004','錦屏國小','-998.00','-998.00','0.50','0.50','0.50','2020-09-03 17:10:00'),('10004','錦山派出所','0.00','0.50','0.50','0.50','0.50','2020-09-03 17:10:00'),('10004','鎮西堡','0.00','1.00','1.00','1.00','1.00','2020-09-03 17:10:00'),('10004','關西','-998.00','-998.00','0.50','0.50','0.50','2020-09-03 17:10:00'),('10004','關西(3)','-998.00','-998.00','0.00','0.00','0.00','2020-09-03 17:10:00'),('10004','雪霸','0.00','8.50','8.50','8.50','8.50','2020-09-03 17:10:00'),('10004','飛鳳山','0.50','0.50','0.50','0.50','0.50','2020-09-03 17:10:00'),('10004','鳥嘴山','-998.00','-998.00','2.00','2.00','2.00','2020-09-03 17:10:00'),('10005','三義','0.00','1.00','3.50','3.50','3.50','2020-09-03 17:10:00'),('10005','三義(2)','0.00','3.00','5.00','5.00','5.00','2020-09-03 17:10:00'),('10005','八卦','0.00','26.00','26.00','26.00','26.00','2020-09-03 17:10:00'),('10005','公館','-998.00','-998.00','1.00','1.00','1.00','2020-09-03 17:10:00'),('10005','卓蘭','0.00','0.50','0.50','8.50','0.50','2020-09-03 17:10:00'),('10005','南勢','-998.00','-998.00','17.50','18.00','18.00','2020-09-03 17:10:00'),('10005','南勢山','-998.00','-998.00','20.00','20.00','20.00','2020-09-03 17:10:00'),('10005','南庄','-998.00','-998.00','0.00','0.00','0.00','2020-09-03 17:10:00'),('10005','南庄(1)','-998.00','-998.00','0.00','0.00','0.00','2020-09-03 17:10:00'),('10005','南湖','0.00','1.00','1.00','5.00','1.00','2020-09-03 17:10:00'),('10005','南礦','0.00','8.00','8.00','8.00','8.00','2020-09-03 17:10:00'),('10005','和興','0.00','36.00','36.00','36.00','36.00','2020-09-03 17:10:00'),('10005','國一N142K','0.00','4.00','5.00','5.00','5.00','2020-09-03 17:10:00'),('10005','國一S114K','-998.00','-998.00','0.00','0.00','0.00','2020-09-03 17:10:00'),('10005','國一S123K','-998.00','-998.00','3.50','3.50','3.50','2020-09-03 17:10:00'),('10005','國一S132K','-998.00','-998.00','1.50','1.50','1.50','2020-09-03 17:10:00'),('10005','國一S152K','-998.00','-998.00','1.00','1.00','1.00','2020-09-03 17:10:00'),('10005','國三N119K','-998.00','-998.00','1.00','1.00','1.00','2020-09-03 17:10:00'),('10005','國三N151K','-998.00','-998.00','8.00','8.00','8.00','2020-09-03 17:10:00'),('10005','國三S140K','-998.00','-998.00','10.50','10.50','10.50','2020-09-03 17:10:00'),('10005','國三S156K','-998.00','-998.00','0.50','0.50','0.50','2020-09-03 17:10:00'),('10005','大坪頂','0.00','1.00','4.00','4.00','4.00','2020-09-03 17:10:00'),('10005','大埔','-998.00','-998.00','3.00','3.00','3.00','2020-09-03 17:10:00'),('10005','大河','-998.00','-998.00','0.00','0.00','0.00','2020-09-03 17:10:00'),('10005','大湖','0.00','1.50','1.50','2.50','1.50','2020-09-03 17:10:00'),('10005','大湖(1)','0.00','2.00','2.00','2.00','2.00','2020-09-03 17:10:00'),('10005','大湖分場','0.00','1.50','1.50','2.50','1.50','2020-09-03 17:10:00'),('10005','大潭','-998.00','-998.00','1.00','1.00','1.00','2020-09-03 17:10:00'),('10005','後龍','-998.00','-998.00','6.00','6.00','6.00','2020-09-03 17:10:00'),('10005','慈惠堂','0.00','3.50','8.50','8.50','8.50','2020-09-03 17:10:00'),('10005','新竹畜試','-998.00','-998.00','5.50','5.50','5.50','2020-09-03 17:10:00'),('10005','新開','-998.00','-998.00','0.00','13.50','0.00','2020-09-03 17:10:00'),('10005','明德','-998.00','-998.00','1.00','1.00','1.00','2020-09-03 17:10:00'),('10005','松安','0.00','11.00','11.00','12.00','11.00','2020-09-03 17:10:00'),('10005','橫龍山','0.00','4.00','4.00','4.00','4.00','2020-09-03 17:10:00'),('10005','泰安','0.00','15.00','15.00','15.00','15.00','2020-09-03 17:10:00'),('10005','火炎山','-998.00','-998.00','0.00','0.00','0.00','2020-09-03 17:10:00'),('10005','獅潭','0.00','35.50','35.50','35.50','35.50','2020-09-03 17:10:00'),('10005','珊珠湖','0.00','13.00','14.00','14.00','14.00','2020-09-03 17:10:00'),('10005','白布帆','0.50','3.50','3.50','8.50','3.50','2020-09-03 17:10:00'),('10005','竹南','-998.00','-998.00','3.00','3.00','3.00','2020-09-03 17:10:00'),('10005','苑裡','-998.00','-998.00','4.50','4.50','4.50','2020-09-03 17:10:00'),('10005','苗栗','-998.00','-998.00','5.00','5.00','5.00','2020-09-03 17:10:00'),('10005','苗栗農改','0.00','0.50','1.50','1.50','1.50','2020-09-03 17:10:00'),('10005','西湖','-998.00','-998.00','14.50','14.50','14.50','2020-09-03 17:10:00'),('10005','象鼻','-998.00','-998.00','0.00','1.50','0.00','2020-09-03 17:10:00'),('10005','象鼻(1)','0.00','2.00','2.00','9.00','2.00','2020-09-03 17:10:00'),('10005','通霄','-998.00','-998.00','12.00','12.00','12.00','2020-09-03 17:10:00'),('10005','造橋','-998.00','-998.00','1.00','1.00','1.00','2020-09-03 17:10:00'),('10005','銅鑼','0.00','1.50','7.50','7.50','7.50','2020-09-03 17:10:00'),('10005','開礦國小','0.00','21.50','21.50','22.50','21.50','2020-09-03 17:10:00'),('10005','頭份','-998.00','-998.00','1.00','1.00','1.00','2020-09-03 17:10:00'),('10005','馬拉邦山','-998.00','-998.00','0.00','5.50','0.00','2020-09-03 17:10:00'),('10005','馬都安','0.00','3.50','3.50','3.50','3.50','2020-09-03 17:10:00'),('10005','高鐵苗栗','-998.00','-998.00','4.00','4.00','4.00','2020-09-03 17:10:00'),('10005','鳳美','0.00','5.50','5.50','5.50','5.50','2020-09-03 17:10:00'),('10007','下水埔','-998.00','-998.00','0.00','0.00','0.00','2020-09-03 17:10:00'),('10007','二林','-998.00','-998.00','0.50','1.00','1.00','2020-09-03 17:10:00'),('10007','二水','-998.00','-998.00','0.00','0.00','0.00','2020-09-03 17:10:00'),('10007','伸港','-998.00','-998.00','0.00','0.00','0.00','2020-09-03 17:10:00'),('10007','北斗','0.00','2.00','2.00','2.00','2.00','2020-09-03 17:10:00'),('10007','員林','-998.00','-998.00','0.00','0.00','0.00','2020-09-03 17:10:00'),('10007','國一N198K','-998.00','-998.00','0.00','0.00','0.00','2020-09-03 17:10:00'),('10007','國一S207K','-998.00','-998.00','0.00','0.00','0.00','2020-09-03 17:10:00'),('10007','國三N191K','-998.00','-998.00','6.00','6.00','6.00','2020-09-03 17:10:00'),('10007','國三N196K','0.00','4.00','4.00','4.00','4.00','2020-09-03 17:10:00'),('10007','國三S202K','0.00','3.50','3.50','3.50','3.50','2020-09-03 17:10:00'),('10007','埔心','-998.00','-998.00','0.00','0.00','0.00','2020-09-03 17:10:00'),('10007','埔鹽','-998.00','-998.00','0.00','0.00','0.00','2020-09-03 17:10:00'),('10007','埤頭','0.00','1.00','1.00','1.00','1.00','2020-09-03 17:10:00'),('10007','大城','-998.00','-998.00','0.00','0.00','0.00','2020-09-03 17:10:00'),('10007','彰師大','0.00','1.00','1.00','1.00','1.00','2020-09-03 17:10:00'),('10007','溪州','0.00','0.50','0.50','0.50','0.50','2020-09-03 17:10:00'),('10007','溪湖','-998.00','-998.00','0.00','0.00','0.00','2020-09-03 17:10:00'),('10007','田中','0.00','1.50','1.50','1.50','1.50','2020-09-03 17:10:00'),('10007','田尾','-998.00','-998.00','0.00','0.00','0.00','2020-09-03 17:10:00'),('10007','社頭','0.00','0.50','0.50','0.50','0.50','2020-09-03 17:10:00'),('10007','福興','-998.00','-998.00','0.00','0.00','0.00','2020-09-03 17:10:00'),('10007','秀水','-998.00','-998.00','0.00','0.00','0.00','2020-09-03 17:10:00'),('10007','線西','-998.00','-998.00','1.00','1.50','1.50','2020-09-03 17:10:00'),('10007','臺中農改','-998.00','-998.00','0.00','0.00','0.00','2020-09-03 17:10:00'),('10007','芬園','-998.00','-998.00','0.00','0.00','0.00','2020-09-03 17:10:00'),('10007','花壇','-998.00','-998.00','0.00','0.00','0.00','2020-09-03 17:10:00'),('10007','芳苑','-998.00','-998.00','0.50','2.50','2.50','2020-09-03 17:10:00'),('10007','萬興(2)','-998.00','-998.00','0.00','1.00','1.00','2020-09-03 17:10:00'),('10007','頭汴','-998.00','-998.00','1.00','1.00','1.00','2020-09-03 17:10:00'),('10007','高鐵彰化','0.50','1.00','1.00','1.00','1.00','2020-09-03 17:10:00'),('10007','鹿港','-998.00','-998.00','2.00','2.00','2.00','2020-09-03 17:10:00'),('10008','上安','36.50','36.50','36.50','36.50','36.50','2020-09-03 17:10:00'),('10008','中寮','1.00','2.00','2.00','2.00','2.00','2020-09-03 17:10:00'),('10008','中心崙','10.50','10.50','10.50','13.50','10.50','2020-09-03 17:10:00'),('10008','中興新村','4.00','5.00','5.00','5.00','5.00','2020-09-03 17:10:00'),('10008','丹大','5.50','5.50','5.50','5.50','5.50','2020-09-03 17:10:00'),('10008','九份二山','40.50','40.50','40.50','46.50','40.50','2020-09-03 17:10:00'),('10008','人和國小','35.00','35.00','35.00','35.00','35.00','2020-09-03 17:10:00'),('10008','仁愛','3.50','3.50','3.50','12.00','3.50','2020-09-03 17:10:00'),('10008','信義','30.50','30.50','30.50','30.50','30.50','2020-09-03 17:10:00'),('10008','內茅埔(2)','30.00','30.00','30.00','30.00','30.00','2020-09-03 17:10:00'),('10008','六分寮','-998.00','-998.00','0.00','0.00','0.00','2020-09-03 17:10:00'),('10008','凌霄','3.50','3.50','3.50','19.00','3.50','2020-09-03 17:10:00'),('10008','凍頂茶改','0.50','0.50','0.50','0.50','0.50','2020-09-03 17:10:00'),('10008','北坑','16.50','16.50','16.50','17.00','16.50','2020-09-03 17:10:00'),('10008','北山(2)','22.00','22.00','22.00','30.00','22.00','2020-09-03 17:10:00'),('10008','北港國小','10.50','14.50','14.50','26.50','14.50','2020-09-03 17:10:00'),('10008','南投','-998.00','-998.00','0.00','0.00','0.00','2020-09-03 17:10:00'),('10008','南投服務區','-998.00','-998.00','0.00','0.00','0.00','2020-09-03 17:10:00'),('10008','南豐','-998.00','-998.00','0.00','3.00','0.00','2020-09-03 17:10:00'),('10008','卡奈托灣','5.50','5.50','5.50','5.50','5.50','2020-09-03 17:10:00'),('10008','合歡山','1.00','1.00','1.50','23.00','1.50','2020-08-28 12:20:00'),('10008','名間','-998.00','-998.00','0.00','0.00','0.00','2020-09-03 17:10:00'),('10008','和社','6.50','6.50','7.00','7.00','7.00','2020-09-03 17:10:00'),('10008','國三N223K','0.00','2.50','2.50','2.50','2.50','2020-09-03 17:10:00'),('10008','國三S217K','0.00','1.00','1.00','1.00','1.00','2020-09-03 17:10:00'),('10008','國姓','12.00','18.00','18.00','19.00','18.00','2020-09-03 17:10:00'),('10008','埔中','-998.00','-998.00','0.00','0.00','0.00','2020-09-03 17:10:00'),('10008','埔里','7.00','7.00','7.50','11.50','7.50','2020-09-03 17:10:00'),('10008','埔里分場','14.50','14.50','15.00','15.00','15.00','2020-09-03 17:10:00'),('10008','外大坪','20.00','20.00','20.00','24.50','20.00','2020-09-03 17:10:00'),('10008','大尖山','44.00','44.00','44.00','44.00','44.00','2020-09-03 17:10:00'),('10008','大觀發電廠','17.00','17.00','17.00','18.00','17.00','2020-09-03 17:10:00'),('10008','大鞍','17.50','17.50','17.50','17.50','17.50','2020-09-03 17:10:00'),('10008','奧萬大','3.50','3.50','3.50','5.00','3.50','2020-09-03 17:10:00'),('10008','小奇萊','5.50','5.50','6.00','8.50','6.00','2020-09-03 17:10:00'),('10008','平林國小','25.00','26.00','26.00','34.50','26.00','2020-09-03 17:10:00'),('10008','廬山','3.50','3.50','3.50','9.50','3.50','2020-09-03 17:10:00'),('10008','德化國小','5.00','5.00','5.00','5.50','5.00','2020-09-03 17:10:00'),('10008','惠蓀(2)','2.00','2.00','2.00','9.00','2.00','2020-09-03 17:10:00'),('10008','新興橋','22.00','22.00','22.00','22.00','22.00','2020-09-03 17:10:00'),('10008','新高口','37.00','37.00','37.00','37.00','37.00','2020-09-03 17:10:00'),('10008','日月潭','19.50','19.50','19.50','19.50','19.50','2020-09-03 17:10:00'),('10008','昆陽','4.00','4.00','4.00','6.50','4.00','2020-09-03 17:10:00'),('10008','望鄉','-998.00','-998.00','0.00','0.00','0.00','2020-09-03 17:10:00'),('10008','望鄉山','1.00','1.00','1.00','1.00','1.00','2020-09-03 17:10:00'),('10008','杉林溪','19.50','19.50','20.00','20.00','20.00','2020-09-03 17:10:00'),('10008','東埔','3.00','3.00','3.00','4.00','3.00','2020-09-03 17:10:00'),('10008','林試畢祿溪站','3.50','3.50','3.50','5.00','3.50','2020-09-03 17:10:00'),('10008','桶頭','47.50','47.50','47.50','48.00','47.50','2020-09-03 17:10:00'),('10008','桶頭(2)','45.00','45.00','45.00','46.00','45.00','2020-09-03 17:10:00'),('10008','梅峰','5.50','5.50','5.50','7.50','5.50','2020-09-03 17:10:00'),('10008','楓樹林','2.00','2.00','2.00','7.50','2.00','2020-09-03 17:10:00'),('10008','楠溪','15.00','16.00','16.00','17.00','16.00','2020-09-03 17:10:00'),('10008','樟湖','56.00','63.00','63.00','64.00','63.00','2020-09-03 17:10:00'),('10008','武界','36.50','36.50','36.50','36.50','36.50','2020-09-03 17:10:00'),('10008','水里','10.50','10.50','10.50','10.50','10.50','2020-09-03 17:10:00'),('10008','永興國小','17.00','17.00','17.00','17.50','17.00','2020-09-03 17:10:00'),('10008','消防署訓','2.50','2.50','2.50','2.50','2.50','2020-09-03 17:10:00'),('10008','清流','2.50','2.50','2.50','14.50','2.50','2020-09-03 17:10:00'),('10008','清流(1)','4.00','4.00','4.00','25.00','4.00','2020-09-03 17:10:00'),('10008','溪頭','19.00','19.00','19.00','19.00','19.00','2020-09-03 17:10:00'),('10008','玉山','6.00','7.50','7.50','8.00','7.50','2020-09-03 17:10:00'),('10008','玉峰國小','12.50','12.50','12.50','12.50','12.50','2020-09-03 17:10:00'),('10008','瑞岩','3.50','3.50','3.50','10.00','3.50','2020-09-03 17:10:00'),('10008','神木','32.00','32.00','32.00','32.00','32.00','2020-09-03 17:10:00'),('10008','神木村','21.00','21.00','21.00','21.50','21.00','2020-09-03 17:10:00'),('10008','福龜國小','20.00','23.50','23.50','23.50','23.50','2020-09-03 17:10:00'),('10008','竹山','4.00','4.00','4.00','4.00','4.00','2020-09-03 17:10:00'),('10008','線浸林道','23.00','23.00','23.00','23.50','23.00','2020-09-03 17:10:00'),('10008','羅娜國小','13.50','13.50','13.50','14.00','13.50','2020-09-03 17:10:00'),('10008','翠峰','4.50','4.50','4.50','7.00','5.00','2020-09-03 17:10:00'),('10008','翠巒','4.00','4.00','4.00','5.00','4.00','2020-09-03 17:10:00'),('10008','翠華','5.00','5.00','5.00','7.50','5.00','2020-09-03 17:10:00'),('10008','臺大內茅埔','29.50','29.50','29.50','29.50','29.50','2020-09-03 17:10:00'),('10008','臺大和社','6.50','7.00','7.00','7.00','7.00','2020-09-03 17:10:00'),('10008','臺大溪頭','29.00','29.00','29.00','29.00','29.00','2020-09-03 17:10:00'),('10008','臺大竹山','3.00','3.00','3.00','3.00','3.00','2020-09-03 17:10:00'),('10008','草屯','0.50','11.00','11.00','11.00','11.00','2020-09-03 17:10:00'),('10008','草屯(4)','3.00','7.00','7.00','7.00','7.00','2020-09-03 17:10:00'),('10008','萬大','4.00','4.00','4.00','7.50','4.00','2020-09-03 17:10:00'),('10008','萬大林道','10.50','10.50','10.50','11.00','10.50','2020-09-03 17:10:00'),('10008','萬大發電廠','2.50','2.50','2.50','5.50','2.50','2020-09-03 17:10:00'),('10008','蓮華池','41.00','41.00','41.00','45.00','41.00','2020-09-03 17:10:00'),('10008','蘆竹湳','62.50','68.00','68.00','71.00','68.00','2020-09-03 17:10:00'),('10008','西巒','46.00','46.00','46.00','46.00','46.00','2020-09-03 17:10:00'),('10008','豐丘','4.00','4.00','4.00','4.00','4.00','2020-09-03 17:10:00'),('10008','車籠埔','4.50','4.50','4.50','4.50','4.50','2020-09-03 17:10:00'),('10008','郡坑','40.00','40.00','40.00','40.00','40.00','2020-09-03 17:10:00'),('10008','長豐','2.00','6.00','6.00','17.50','6.00','2020-09-03 17:10:00'),('10008','阿眉','2.50','2.50','2.50','13.00','2.50','2020-09-03 17:10:00'),('10008','集集','2.00','2.00','2.00','2.00','2.00','2020-09-03 17:10:00'),('10008','集集(2)','0.00','2.00','2.00','2.00','2.00','2020-09-03 17:10:00'),('10008','雙冬','61.00','63.00','63.00','78.00','63.00','2020-09-03 17:10:00'),('10008','青雲','13.00','13.00','13.00','13.00','13.00','2020-09-03 17:10:00'),('10008','魚池','19.00','19.00','19.00','19.00','19.00','2020-09-03 17:10:00'),('10008','魚池茶改','16.00','16.00','16.50','16.50','16.50','2020-09-03 17:10:00'),('10008','鯉潭','6.50','6.50','6.50','9.50','6.50','2020-09-03 17:10:00'),('10008','鳳凰','18.00','18.00','18.00','18.00','18.00','2020-09-03 17:10:00'),('10008','龍神橋','17.00','19.00','19.00','19.00','19.00','2020-09-03 17:10:00'),('10009','二崙','-998.00','-998.00','0.00','0.00','0.00','2020-09-03 17:10:00'),('10009','元長','-998.00','-998.00','28.50','30.00','30.00','2020-09-03 17:10:00'),('10009','北港','7.00','7.50','26.00','30.00','30.00','2020-09-03 17:10:00'),('10009','北港(2)','4.00','4.00','25.00','25.00','25.00','2020-09-03 17:10:00'),('10009','口湖','-998.00','-998.00','1.00','12.00','12.00','2020-09-03 17:10:00'),('10009','口湖工作站','-998.00','-998.00','0.50','7.50','7.50','2020-09-03 17:10:00'),('10009','古坑','42.00','42.00','42.50','42.50','42.50','2020-09-03 17:10:00'),('10009','四湖','-998.00','-998.00','0.50','29.00','29.00','2020-09-03 17:10:00'),('10009','四湖植物園','-998.00','-998.00','0.00','0.00','0.00','2020-09-03 17:10:00'),('10009','國一N234K','0.00','0.50','1.00','1.00','1.00','2020-09-03 17:10:00'),('10009','國三N252K','2.00','3.00','3.50','3.50','3.50','2020-09-03 17:10:00'),('10009','土庫','-998.00','-998.00','5.50','5.50','5.50','2020-09-03 17:10:00'),('10009','坪頂','3.00','3.00','3.00','3.00','3.00','2020-09-03 17:10:00'),('10009','大埔','99.00','99.00','99.00','101.00','99.00','2020-09-03 17:10:00'),('10009','大埤','5.50','5.50','15.50','15.50','15.50','2020-09-03 17:10:00'),('10009','大庄合作社','0.00','2.00','2.00','2.00','2.00','2020-09-03 17:10:00'),('10009','宜梧','-998.00','-998.00','2.00','7.50','7.50','2020-09-03 17:10:00'),('10009','崙背','-998.00','-998.00','1.50','4.00','4.00','2020-09-03 17:10:00'),('10009','斗六','-998.00','-998.00','0.00','0.00','0.00','2020-09-03 17:10:00'),('10009','斗南','0.00','0.50','2.00','2.00','2.00','2020-09-03 17:10:00'),('10009','林內','7.50','7.50','7.50','7.50','7.50','2020-09-03 17:10:00'),('10009','林內(1)','5.00','5.00','5.00','5.00','5.00','2020-09-03 17:10:00'),('10009','棋山','38.00','38.00','38.00','38.00','38.00','2020-09-03 17:10:00'),('10009','水林','9.50','9.50','20.00','38.00','38.00','2020-09-03 17:10:00'),('10009','水試所臺西','-998.00','-998.00','0.00','0.00','0.00','2020-09-03 17:10:00'),('10009','臺大雲林校區','-998.00','-998.00','5.00','-999.00','5.00','2020-09-03 17:10:00'),('10009','臺西','-998.00','-998.00','0.50','0.50','0.50','2020-09-03 17:10:00'),('10009','臺西水試所','-998.00','-998.00','0.00','-999.00','0.00','2020-09-03 17:10:00'),('10009','草嶺','88.50','90.00','90.00','90.00','90.00','2020-09-03 17:10:00'),('10009','草嶺(2)','51.00','51.00','51.00','52.00','51.00','2020-09-03 17:10:00'),('10009','莿桐','2.00','2.00','2.50','2.50','2.50','2020-09-03 17:10:00'),('10009','華山','82.00','82.00','82.00','95.00','82.00','2020-09-03 17:10:00'),('10009','蔦松','-998.00','-998.00','0.50','49.00','49.00','2020-09-03 17:10:00'),('10009','虎尾','-998.00','-998.00','3.00','3.00','3.00','2020-09-03 17:10:00'),('10009','褒忠','-998.00','-998.00','5.50','8.00','8.00','2020-09-03 17:10:00'),('10009','褒忠(2)','-998.00','-998.00','3.00','3.00','3.00','2020-09-03 17:10:00'),('10009','西螺','0.00','5.50','5.50','5.50','5.50','2020-09-03 17:10:00'),('10009','西螺(2)','0.00','6.00','6.00','6.00','6.00','2020-09-03 17:10:00'),('10009','雲林東勢','-998.00','-998.00','10.50','19.50','19.50','2020-09-03 17:10:00'),('10009','雲林農改','18.50','18.50','20.00','20.00','20.00','2020-09-03 17:10:00'),('10009','高鐵雲林','0.00','2.50','4.00','4.00','4.00','2020-09-03 17:10:00'),('10009','麥寮','-998.00','-998.00','0.50','0.50','0.50','2020-09-03 17:10:00'),('10009','麥寮合作社','-998.00','-998.00','0.00','11.00','11.00','2020-09-03 17:10:00'),('10010','中坑(3)','28.00','28.00','28.00','28.00','28.00','2020-09-03 17:10:00'),('10010','中埔','47.00','47.00','47.00','47.00','47.00','2020-09-03 17:10:00'),('10010','六腳','6.00','6.00','14.00','14.50','14.50','2020-09-03 17:10:00'),('10010','十字','14.00','14.00','14.00','14.50','14.00','2020-09-03 17:10:00'),('10010','嘉義分場','-998.00','-998.00','4.50','4.50','4.50','2020-09-03 17:10:00'),('10010','嘉義梅山','37.50','37.50','37.50','38.00','37.50','2020-09-03 17:10:00'),('10010','國一N250K','3.50','3.50','10.00','10.00','10.00','2020-09-03 17:10:00'),('10010','外來吉','16.00','16.00','16.00','16.00','16.00','2020-09-03 17:10:00'),('10010','大林','14.50','14.50','15.50','15.50','15.50','2020-09-03 17:10:00'),('10010','大湖山','61.00','61.00','61.00','93.00','61.00','2020-09-03 17:10:00'),('10010','太保','-998.00','-998.00','2.50','2.50','2.50','2020-09-03 17:10:00'),('10010','太和村','25.00','25.00','25.00','34.00','25.00','2020-09-03 17:10:00'),('10010','奮起湖','17.00','17.00','17.50','22.50','17.50','2020-09-03 17:10:00'),('10010','小公田(2)','21.00','21.00','21.00','23.00','21.00','2020-09-03 17:10:00'),('10010','布袋','-998.00','-998.00','0.50','0.50','0.50','2020-09-03 17:10:00'),('10010','新港','9.00','9.00','10.50','12.00','12.00','2020-09-03 17:10:00'),('10010','新美','3.50','3.50','3.50','4.50','3.50','2020-09-03 17:10:00'),('10010','新美國小','3.00','3.00','3.00','3.50','3.00','2020-09-03 17:10:00'),('10010','朴子','-998.00','-998.00','6.50','6.50','6.50','2020-09-03 17:10:00'),('10010','東後寮','0.00','0.50','4.00','4.00','4.00','2020-09-03 17:10:00'),('10010','東石','-998.00','-998.00','6.50','7.50','7.50','2020-09-03 17:10:00'),('10010','樟腦寮(2)','67.00','67.00','67.00','127.00','67.00','2020-09-03 17:10:00'),('10010','民雄','5.00','5.00','6.00','6.00','6.00','2020-09-03 17:10:00'),('10010','水上','2.00','10.00','10.00','10.00','10.00','2020-09-03 17:10:00'),('10010','沄水國小','0.00','2.00','2.00','31.00','2.00','2020-08-28 12:20:00'),('10010','沙坑','45.00','45.00','45.00','45.00','45.00','2020-09-03 17:10:00'),('10010','溪口','6.00','6.00','11.50','11.50','11.50','2020-09-03 17:10:00'),('10010','溪口(3)','6.00','6.00','9.00','9.00','9.00','2020-09-03 17:10:00'),('10010','溪口農場','11.50','11.50','15.50','15.50','15.50','2020-09-03 17:10:00'),('10010','獨立山','72.00','72.00','72.00','101.50','72.00','2020-09-03 17:10:00'),('10010','瑞里','29.50','29.50','29.50','30.00','29.50','2020-09-03 17:10:00'),('10010','番路','58.00','58.00','58.00','58.00','58.00','2020-09-03 17:10:00'),('10010','石磐龍','35.00','35.00','35.00','50.50','35.00','2020-09-03 17:10:00'),('10010','竹崎','103.50','103.50','103.50','107.50','103.50','2020-09-03 17:10:00'),('10010','義竹分場','-998.00','-998.00','0.50','0.50','0.50','2020-09-03 17:10:00'),('10010','茶山','6.50','6.50','6.50','10.00','6.50','2020-09-03 17:10:00'),('10010','菜瓜坪','26.50','26.50','26.50','28.00','26.50','2020-09-03 17:10:00'),('10010','表湖','23.00','23.50','23.50','23.50','23.50','2020-09-03 17:10:00'),('10010','豐山','22.00','22.00','22.00','22.00','22.00','2020-09-03 17:10:00'),('10010','達邦','8.00','8.00','8.00','8.50','8.00','2020-09-03 17:10:00'),('10010','里佳','2.00','2.00','2.00','2.00','2.00','2020-09-03 17:10:00'),('10010','阿里山','0.00','5.50','6.00','-999.00','6.00','2020-08-28 12:20:00'),('10010','阿里山國小','10.00','10.00','10.00','11.00','10.00','2020-09-03 17:10:00'),('10010','頭凍','27.50','32.00','32.00','32.50','32.00','2020-09-03 17:10:00'),('10010','馬頭山','31.00','33.00','33.00','37.00','33.00','2020-09-03 17:10:00'),('10010','鹿草','-998.00','-998.00','0.00','2.00','0.00','2020-09-03 17:10:00'),('10010','龍美','12.50','17.00','17.00','20.50','17.00','2020-09-03 17:10:00'),('10013','三地門','0.50','0.50','0.50','1.00','0.50','2020-09-03 17:10:00'),('10013','上德文','-998.00','-998.00','0.00','0.00','0.00','2020-09-03 17:10:00'),('10013','丹路','-998.00','-998.00','0.00','3.00','1.50','2020-09-03 17:10:00'),('10013','九如','0.00','4.00','4.00','13.00','4.00','2020-09-03 17:10:00'),('10013','九棚','-998.00','-998.00','0.00','0.00','0.00','2020-09-03 17:10:00'),('10013','佳冬','-998.00','-998.00','0.00','19.00','5.00','2020-09-03 17:10:00'),('10013','佳樂水','-998.00','-998.00','0.00','0.00','0.00','2020-09-03 17:10:00'),('10013','佳義國小','-998.00','-998.00','0.00','4.50','0.00','2020-09-03 17:10:00'),('10013','來義','15.50','27.50','27.50','55.50','27.50','2020-09-03 17:10:00'),('10013','保力','-998.00','-998.00','0.00','7.00','6.50','2020-09-03 17:10:00'),('10013','內獅','-998.00','-998.00','0.00','34.50','0.50','2020-09-03 17:10:00'),('10013','內獅國小','-998.00','-998.00','0.00','42.50','5.00','2020-09-03 17:10:00'),('10013','力里','-998.00','-998.00','0.00','23.00','10.50','2020-09-03 17:10:00'),('10013','南仁湖','6.50','6.50','6.50','7.00','6.50','2020-09-03 17:10:00'),('10013','南和','-998.00','-998.00','0.00','9.00','3.00','2020-09-03 17:10:00'),('10013','南州','-998.00','-998.00','0.50','52.50','50.00','2020-09-03 17:10:00'),('10013','口社','0.50','0.50','0.50','0.50','0.50','2020-09-03 17:10:00'),('10013','古夏','-998.00','-998.00','0.00','1.00','0.00','2020-09-03 17:10:00'),('10013','四林格山','-998.00','-998.00','0.00','11.50','0.00','2020-09-03 17:10:00'),('10013','墾丁','-998.00','-998.00','0.00','0.00','0.00','2020-09-03 17:10:00'),('10013','墾雷','-998.00','-998.00','0.00','0.00','0.00','2020-09-03 17:10:00'),('10013','士文','14.00','14.00','14.00','47.00','17.00','2020-09-03 17:10:00'),('10013','壽卡','-998.00','-998.00','0.00','0.00','0.00','2020-09-03 17:10:00'),('10013','大坪頂','-998.00','-998.00','0.00','0.00','0.00','2020-09-03 17:10:00'),('10013','大漢山','4.00','7.00','8.00','22.00','14.00','2020-09-03 17:10:00'),('10013','尾寮山','55.50','55.50','55.50','59.00','55.50','2020-09-03 17:10:00'),('10013','屏東','-998.00','-998.00','0.00','2.50','0.00','2020-09-03 17:10:00'),('10013','屏東(5)','-998.00','-998.00','0.00','0.00','0.00','2020-09-03 17:10:00'),('10013','崁頂','-998.00','-998.00','0.00','9.00','9.00','2020-09-03 17:10:00'),('10013','恆春','-998.00','-998.00','0.00','0.00','0.00','2020-09-03 17:10:00'),('10013','恆春工作站','-998.00','-998.00','0.00','0.00','0.00','2020-09-03 17:10:00'),('10013','恆春畜試','-998.00','-998.00','0.00','0.00','0.00','2020-09-03 17:10:00'),('10013','新來義','16.00','28.00','28.00','63.00','28.00','2020-09-03 17:10:00'),('10013','新圍','0.00','0.50','1.00','1.00','1.00','2020-09-03 17:10:00'),('10013','新園','-998.00','-998.00','6.50','6.50','6.50','2020-09-03 17:10:00'),('10013','新埤','-998.00','-998.00','0.50','22.00','15.50','2020-09-03 17:10:00'),('10013','新庄國小','-998.00','-998.00','1.00','1.00','1.00','2020-09-03 17:10:00'),('10013','新瑪家','10.00','10.00','10.00','11.00','10.00','2020-09-03 17:10:00'),('10013','新豐(1)','1.00','1.00','1.00','1.00','1.00','2020-09-03 17:10:00'),('10013','旭海','-998.00','-998.00','0.00','0.00','0.00','2020-09-03 17:10:00'),('10013','春日','-998.00','-998.00','0.50','7.50','2.50','2020-09-03 17:10:00'),('10013','東港','-998.00','-998.00','0.00','78.00','41.50','2020-09-03 17:10:00'),('10013','東港工作站','-998.00','-998.00','5.50','39.00','38.50','2020-09-03 17:10:00'),('10013','枋寮','-998.00','-998.00','0.00','17.50','2.00','2020-09-03 17:10:00'),('10013','枋山','-998.00','-998.00','0.00','9.50','7.00','2020-09-03 17:10:00'),('10013','林邊','-998.00','-998.00','0.00','13.50','3.00','2020-09-03 17:10:00'),('10013','楓港','-998.00','-998.00','0.00','33.50','10.00','2020-09-03 17:10:00'),('10013','檳榔','-998.00','-998.00','0.00','5.00','0.00','2020-09-03 17:10:00'),('10013','泗林','2.00','2.00','2.00','3.00','3.00','2020-09-03 17:10:00'),('10013','泰武(2)','30.00','32.00','32.00','-999.00','32.00','2020-09-03 17:10:00'),('10013','滿州','-998.00','-998.00','0.00','0.50','0.50','2020-09-03 17:10:00'),('10013','潮州','-998.00','-998.00','0.00','0.50','0.50','2020-09-03 17:10:00'),('10013','牡丹','-998.00','-998.00','0.00','3.00','0.00','2020-09-03 17:10:00'),('10013','獅子','-998.00','-998.00','0.00','30.50','11.50','2020-09-03 17:10:00'),('10013','琉球嶼','-998.00','-998.00','0.00','0.00','0.00','2020-09-03 17:10:00'),('10013','瑪家','15.50','15.50','15.50','16.50','15.50','2020-09-03 17:10:00'),('10013','白鷺','12.50','13.50','13.50','24.50','14.50','2020-09-03 17:10:00'),('10013','石門','-998.00','-998.00','0.00','17.00','1.00','2020-09-03 17:10:00'),('10013','石門山','-998.00','-998.00','0.00','22.00','4.00','2020-09-03 17:10:00'),('10013','神山','-998.00','-998.00','0.00','0.00','0.00','2020-09-03 17:10:00'),('10013','竹田','-998.00','-998.00','0.00','0.00','0.00','2020-09-03 17:10:00'),('10013','舊泰武','41.00','43.00','43.00','50.50','43.00','2020-09-03 17:10:00'),('10013','萬丹','-998.00','-998.00','0.00','0.00','0.00','2020-09-03 17:10:00'),('10013','西大武山','14.00','14.00','14.00','15.00','14.00','2020-09-03 17:10:00'),('10013','貓鼻頭','-998.00','-998.00','0.00','0.00','0.00','2020-09-03 17:10:00'),('10013','赤山','0.50','0.50','0.50','13.50','0.50','2020-09-03 17:10:00'),('10013','車城','-998.00','-998.00','0.00','0.00','0.00','2020-09-03 17:10:00'),('10013','里港','-998.00','-998.00','0.00','0.00','0.00','2020-09-03 17:10:00'),('10013','長治','-998.00','-998.00','0.00','2.50','0.00','2020-09-03 17:10:00'),('10013','阿禮','0.50','2.50','3.00','52.50','3.00','2020-08-28 12:20:00'),('10013','高士','-998.00','-998.00','0.00','0.00','0.00','2020-09-03 17:10:00'),('10013','高樹','-998.00','-998.00','0.00','5.00','0.00','2020-09-03 17:10:00'),('10013','高雄農改','-998.00','-998.00','0.00','4.00','0.00','2020-09-03 17:10:00'),('10013','麟洛','-998.00','-998.00','0.00','3.00','0.00','2020-09-03 17:10:00'),('10013','龍泉','-998.00','-998.00','0.00','0.50','0.00','2020-09-03 17:10:00'),('10013','龍磐','-998.00','-998.00','0.00','0.00','0.00','2020-09-03 17:10:00'),('10014','七塊厝','4.00','4.00','4.00','4.00','4.00','2020-09-03 17:10:00'),('10014','上里','-998.00','-998.00','0.00','0.00','0.00','2020-09-03 17:10:00'),('10014','下馬','-998.00','-998.00','0.00','0.00','0.00','2020-09-03 17:10:00'),('10014','初鹿國中','-998.00','-998.00','0.00','0.00','0.00','2020-09-03 17:10:00'),('10014','利吉國小','-998.00','-998.00','0.00','0.00','0.00','2020-09-03 17:10:00'),('10014','利嘉','11.50','13.00','13.00','13.00','13.00','2020-09-03 17:10:00'),('10014','利嘉林道','1.00','1.00','1.00','1.00','1.00','2020-09-03 17:10:00'),('10014','加拿國小','2.50','2.50','2.50','2.50','2.50','2020-09-03 17:10:00'),('10014','加津林','-998.00','-998.00','0.00','0.00','0.00','2020-09-03 17:10:00'),('10014','勝林山','-998.00','-998.00','0.00','0.00','0.00','2020-09-03 17:10:00'),('10014','北源','2.00','2.00','2.00','2.00','2.00','2020-09-03 17:10:00'),('10014','南田','-998.00','-998.00','0.00','0.00','0.00','2020-09-03 17:10:00'),('10014','南美山','3.50','14.50','14.50','14.50','14.50','2020-09-03 17:10:00'),('10014','南鵝','-998.00','-998.00','0.00','0.00','0.00','2020-09-03 17:10:00'),('10014','台東(7)','-998.00','-998.00','0.00','0.00','0.00','2020-09-03 17:10:00'),('10014','向陽','5.50','5.50','5.50','5.50','5.50','2020-09-03 17:10:00'),('10014','向陽(2)','4.00','4.00','4.00','4.00','4.00','2020-09-03 17:10:00'),('10014','土阪','-998.00','-998.00','0.00','0.00','0.00','2020-09-03 17:10:00'),('10014','壽卡','-998.00','-998.00','0.00','0.00','0.00','2020-09-03 17:10:00'),('10014','大武','-998.00','-998.00','0.00','0.00','0.00','2020-09-03 17:10:00'),('10014','大溪山','-998.00','-998.00','0.00','0.00','0.00','2020-09-03 17:10:00'),('10014','大鳥','-998.00','-998.00','0.00','0.00','0.00','2020-09-03 17:10:00'),('10014','太麻里','-998.00','-998.00','0.00','0.00','0.00','2020-09-03 17:10:00'),('10014','太麻里1','-999.00','-999.00','0.00','0.00','0.00','2020-09-03 17:10:00'),('10014','太麻里2','-999.00','-999.00','0.00','0.00','0.00','2020-09-03 17:10:00'),('10014','射馬干','1.50','1.50','1.50','1.50','1.50','2020-09-03 17:10:00'),('10014','山豬窟','-998.00','-998.00','0.00','0.00','0.00','2020-09-03 17:10:00'),('10014','延平','1.00','2.00','2.00','2.00','2.00','2020-09-03 17:10:00'),('10014','忠勇','-998.00','-998.00','0.00','0.00','0.00','2020-09-03 17:10:00'),('10014','愛國埔分校','-998.00','-998.00','0.00','0.00','0.00','2020-09-03 17:10:00'),('10014','成功','2.00','2.00','2.00','2.00','2.00','2020-09-03 17:10:00'),('10014','摩天','-998.00','-998.00','0.00','0.00','0.00','2020-09-03 17:10:00'),('10014','斑鳩分場','3.50','5.00','5.00','5.00','5.00','2020-09-03 17:10:00'),('10014','新武(3)','-998.00','-998.00','0.00','0.00','0.00','2020-09-03 17:10:00'),('10014','東河','-998.00','-998.00','0.00','0.00','0.00','2020-09-03 17:10:00'),('10014','樟原(1)','2.00','2.00','2.00','2.00','2.00','2020-09-03 17:10:00'),('10014','檳榔四格山','0.50','0.50','0.50','0.50','0.50','2020-09-03 17:10:00'),('10014','武陵','7.00','7.00','7.00','7.00','7.00','2020-09-03 17:10:00'),('10014','歷坵','4.00','4.00','4.00','4.00','4.00','2020-09-03 17:10:00'),('10014','水試所成功','1.50','1.50','1.50','1.50','1.50','2020-09-03 17:10:00'),('10014','水試所知本','0.50','0.50','0.50','0.50','0.50','2020-09-03 17:10:00'),('10014','池上','10.00','10.00','10.00','10.00','10.00','2020-09-03 17:10:00'),('10014','瑞和','16.00','16.00','16.00','16.00','16.00','2020-09-03 17:10:00'),('10014','知本','-998.00','-998.00','0.00','0.00','0.00','2020-09-03 17:10:00'),('10014','知本(5)','-998.00','-998.00','0.00','0.00','0.00','2020-09-03 17:10:00'),('10014','石寧山','0.50','0.50','0.50','0.50','0.50','2020-09-03 17:10:00'),('10014','紅石','2.50','5.00','5.00','5.00','5.00','2020-09-03 17:10:00'),('10014','綠島','-998.00','-998.00','0.00','0.00','0.00','2020-09-03 17:10:00'),('10014','膽曼','5.00','9.00','9.00','9.00','9.00','2020-09-03 17:10:00'),('10014','臺東','-998.00','-998.00','0.00','0.00','0.00','2020-09-03 17:10:00'),('10014','臺東茶改','3.00','3.00','3.00','3.00','3.00','2020-09-03 17:10:00'),('10014','華源','-998.00','-998.00','0.00','0.00','0.00','2020-09-03 17:10:00'),('10014','蘭嶼','-998.00','-998.00','0.00','0.00','0.00','2020-09-03 17:10:00'),('10014','蘭嶼高中','-998.00','-998.00','0.00','0.00','0.00','2020-09-03 17:10:00'),('10014','賓朗果園','4.50','6.00','6.00','6.00','6.00','2020-09-03 17:10:00'),('10014','賓茂國小','-998.00','-998.00','0.00','0.00','0.00','2020-09-03 17:10:00'),('10014','達仁林場','-998.00','-998.00','0.00','0.00','0.00','2020-09-03 17:10:00'),('10014','都歷','0.50','0.50','0.50','0.50','0.50','2020-09-03 17:10:00'),('10014','都蘭','-998.00','-998.00','0.00','0.00','0.00','2020-09-03 17:10:00'),('10014','金峰','-998.00','-998.00','0.00','0.00','0.00','2020-09-03 17:10:00'),('10014','金峰嘉蘭','-998.00','-998.00','0.00','0.00','0.00','2020-09-03 17:10:00'),('10014','金峰鄉公所','-998.00','-998.00','0.00','0.00','0.00','2020-09-03 17:10:00'),('10014','金崙','-998.00','-998.00','0.00','0.00','0.00','2020-09-03 17:10:00'),('10014','金崙山','-998.00','-998.00','0.00','0.00','0.00','2020-09-03 17:10:00'),('10014','金針山','-998.00','-998.00','0.00','0.00','0.00','2020-09-03 17:10:00'),('10014','長濱','-998.00','-998.00','0.00','0.00','0.00','2020-09-03 17:10:00'),('10014','關山','37.50','37.50','37.50','37.50','37.50','2020-09-03 17:10:00'),('10014','電光','13.00','13.00','13.00','13.00','13.00','2020-09-03 17:10:00'),('10014','霧鹿','2.00','2.00','2.00','2.00','2.00','2020-09-03 17:10:00'),('10014','香蘭','-998.00','-998.00','0.00','0.00','0.00','2020-09-03 17:10:00'),('10014','鹿野','1.00','2.00','2.00','2.00','2.00','2020-09-03 17:10:00'),('10014','鹿鳴橋','1.00','1.00','1.00','1.00','1.00','2020-09-03 17:10:00'),('10015','三棧','-998.00','-998.00','0.00','0.00','0.00','2020-09-03 17:10:00'),('10015','中平林道','0.00','0.50','0.50','0.50','0.50','2020-09-03 17:10:00'),('10015','中興','7.50','7.50','7.50','7.50','7.50','2020-09-03 17:10:00'),('10015','佳心','6.50','6.50','6.50','6.50','6.50','2020-09-03 17:10:00'),('10015','光復','29.00','57.50','57.50','57.50','57.50','2020-09-03 17:10:00'),('10015','六十石山','11.00','11.00','11.00','11.00','11.00','2020-09-03 17:10:00'),('10015','加路蘭山','8.50','10.00','10.00','10.00','10.00','2020-09-03 17:10:00'),('10015','北埔','0.00','4.00','4.00','4.00','4.00','2020-09-03 17:10:00'),('10015','卓清國小','5.00','5.00','5.00','5.00','5.00','2020-09-03 17:10:00'),('10015','卓溪','1.00','1.00','1.00','1.00','1.00','2020-09-03 17:10:00'),('10015','卓溪國小','0.00','3.50','3.50','3.50','3.50','2020-09-03 17:10:00'),('10015','卓麓(4)','19.00','19.00','19.00','19.00','19.00','2020-09-03 17:10:00'),('10015','合歡山','-998.00','-998.00','0.00','20.50','0.00','2020-08-28 12:20:00'),('10015','吉安光華','1.50','1.50','1.50','1.50','1.50','2020-09-03 17:10:00'),('10015','和中','5.00','5.00','5.00','5.00','5.00','2020-09-03 17:10:00'),('10015','和平','1.50','2.50','2.50','2.50','2.50','2020-09-03 17:10:00'),('10015','和平林道','3.50','3.50','3.50','4.00','3.50','2020-09-03 17:10:00'),('10015','壽豐','1.00','1.00','1.00','1.00','1.00','2020-09-03 17:10:00'),('10015','大坑','0.50','0.50','0.50','0.50','0.50','2020-09-03 17:10:00'),('10015','大禹嶺','3.00','3.00','3.00','3.50','3.00','2020-09-03 17:10:00'),('10015','大興','14.50','31.50','31.50','31.50','31.50','2020-09-03 17:10:00'),('10015','大觀','1.00','6.00','6.00','6.00','6.00','2020-09-03 17:10:00'),('10015','大農','0.50','22.50','22.50','22.50','22.50','2020-09-03 17:10:00'),('10015','天祥','2.50','2.50','2.50','2.50','2.50','2020-09-03 17:10:00'),('10015','太安','1.50','63.00','63.00','63.00','63.00','2020-09-03 17:10:00'),('10015','太平國小','1.00','4.00','4.00','4.00','4.00','2020-09-03 17:10:00'),('10015','太魯閣','-998.00','-998.00','0.00','0.00','0.00','2020-09-03 17:10:00'),('10015','奇美國小','2.00','3.00','3.00','3.00','3.00','2020-09-03 17:10:00'),('10015','安通山','-998.00','-998.00','0.00','2.50','0.00','2020-08-28 12:20:00'),('10015','富世','-998.00','-998.00','0.00','0.00','0.00','2020-09-03 17:10:00'),('10015','富源','3.00','18.50','18.50','18.50','18.50','2020-09-03 17:10:00'),('10015','富里','43.50','43.50','43.50','43.50','43.50','2020-09-03 17:10:00'),('10015','山興分校','15.00','17.50','17.50','17.50','17.50','2020-09-03 17:10:00'),('10015','布洛灣','-998.00','-998.00','0.00','0.00','0.00','2020-09-03 17:10:00'),('10015','德武','3.50','4.50','4.50','4.50','4.50','2020-09-03 17:10:00'),('10015','慈恩','2.00','2.00','2.00','4.00','2.00','2020-09-03 17:10:00'),('10015','新城','0.00','1.50','1.50','1.50','1.50','2020-09-03 17:10:00'),('10015','新東礦','-998.00','-998.00','2.00','2.00','2.00','2020-09-03 17:10:00'),('10015','明里','18.00','18.00','18.00','18.00','18.00','2020-09-03 17:10:00'),('10015','月眉山','22.50','22.50','22.50','22.50','22.50','2020-09-03 17:10:00'),('10015','東富','3.00','4.00','4.00','4.00','4.00','2020-09-03 17:10:00'),('10015','東興部落','18.50','25.00','25.00','25.00','25.00','2020-09-03 17:10:00'),('10015','東華','4.00','4.00','4.00','4.00','4.00','2020-09-03 17:10:00'),('10015','東里','3.00','11.00','11.00','11.00','11.00','2020-09-03 17:10:00'),('10015','東里國中','6.00','14.00','14.00','14.00','14.00','2020-09-03 17:10:00'),('10015','水源','-998.00','-998.00','0.00','0.00','0.00','2020-09-03 17:10:00'),('10015','水璉','23.50','23.50','23.50','23.50','23.50','2020-09-03 17:10:00'),('10015','洛韶','1.50','1.50','1.50','2.00','1.50','2020-09-03 17:10:00'),('10015','清水斷崖','-998.00','-998.00','0.00','0.00','0.00','2020-09-03 17:10:00'),('10015','清水林道','0.50','0.50','0.50','0.50','0.50','2020-09-03 17:10:00'),('10015','溪口國小','1.50','1.50','1.50','1.50','1.50','2020-09-03 17:10:00'),('10015','玉里','1.00','7.00','7.00','7.00','7.00','2020-09-03 17:10:00'),('10015','瑞北國小','7.50','14.00','14.00','14.00','14.00','2020-09-03 17:10:00'),('10015','瑞穗','9.00','11.00','11.00','11.00','11.00','2020-09-03 17:10:00'),('10015','瑞穗林道','1.50','8.00','8.00','8.00','8.00','2020-09-03 17:10:00'),('10015','石梯坪','-998.00','-998.00','0.00','0.00','0.00','2020-09-03 17:10:00'),('10015','立山','0.50','0.50','0.50','0.50','0.50','2020-09-03 17:10:00'),('10015','紅葉','1.00','7.50','7.50','7.50','7.50','2020-09-03 17:10:00'),('10015','舞鶴','8.00','15.00','15.00','15.00','15.00','2020-09-03 17:10:00'),('10015','花蓮','-998.00','-998.00','0.00','0.00','0.00','2020-09-03 17:10:00'),('10015','花蓮農改','-998.00','-998.00','0.00','0.00','0.00','2020-09-03 17:10:00'),('10015','荖溪','0.00','0.50','0.50','0.50','0.50','2020-09-03 17:10:00'),('10015','萬榮','1.00','4.50','4.50','4.50','4.50','2020-09-03 17:10:00'),('10015','蕃薯寮','16.50','17.50','17.50','17.50','17.50','2020-09-03 17:10:00'),('10015','西林','-998.00','-998.00','-999.00','-999.00','2.00','2020-09-03 17:10:00'),('10015','豐南','25.50','25.50','25.50','25.50','25.50','2020-09-03 17:10:00'),('10015','豐濱','6.00','6.00','6.00','6.00','6.00','2020-09-03 17:10:00'),('10015','赤柯山','-998.00','-998.00','0.00','0.00','0.00','2020-09-03 17:10:00'),('10015','銅門','-998.00','-998.00','0.00','0.00','0.00','2020-09-03 17:10:00'),('10015','靜浦','-998.00','-998.00','0.00','0.00','0.00','2020-09-03 17:10:00'),('10015','馬太安','2.00','32.00','32.00','32.00','32.00','2020-09-03 17:10:00'),('10015','高寮','0.00','1.00','1.00','1.00','1.00','2020-09-03 17:10:00'),('10015','鯉魚潭','0.50','4.00','4.00','4.00','4.00','2020-09-03 17:10:00'),('10015','鳳林','13.00','22.00','22.00','22.00','22.00','2020-09-03 17:10:00'),('10015','鳳林山','7.00','14.50','14.50','14.50','14.50','2020-09-03 17:10:00'),('10015','鳳義坑','7.00','15.00','15.00','15.00','15.00','2020-09-03 17:10:00'),('10015','龍澗','1.00','1.00','1.00','1.50','1.00','2020-09-03 17:10:00'),('10016','吉貝','-998.00','-998.00','0.00','0.00','0.00','2020-09-03 17:10:00'),('10016','望安','-998.00','-998.00','0.00','0.00','0.00','2020-09-03 17:10:00'),('10016','東吉島','-998.00','-998.00','0.00','0.00','0.00','2020-09-03 17:10:00'),('10016','澎湖','-998.00','-998.00','0.00','0.00','0.00','2020-09-03 17:10:00'),('10016','花嶼','-998.00','-998.00','0.00','0.00','0.00','2020-09-03 17:10:00'),('10016','西嶼','-998.00','-998.00','0.00','0.00','0.00','2020-09-03 17:10:00'),('10017','七堵','0.00','0.50','7.00','7.50','7.00','2020-09-03 17:10:00'),('10017','五堵','0.00','2.00','10.00','11.00','10.00','2020-09-03 17:10:00'),('10017','基隆','-998.00','-998.00','2.50','2.50','2.50','2020-09-03 17:10:00'),('10017','基隆嶼','-998.00','-998.00','12.50','12.50','12.50','2020-09-03 17:10:00'),('10017','彭佳嶼','0.00','2.00','12.00','29.50','29.50','2020-09-03 17:10:00'),('10017','復興國小','-998.00','-998.00','6.00','6.00','6.00','2020-09-03 17:10:00'),('10018','內湖國小','-998.00','-998.00','1.00','1.00','1.00','2020-09-03 17:10:00'),('10018','成德中學','-998.00','-998.00','1.00','1.00','1.00','2020-09-03 17:10:00'),('10018','新竹市東區','-998.00','-998.00','3.50','3.50','3.50','2020-09-03 17:10:00'),('10018','香山','-998.00','-998.00','2.00','2.00','2.00','2020-09-03 17:10:00'),('10020','嘉義','13.50','13.50','13.50','13.50','13.50','2020-09-03 17:10:00'),('10020','嘉義市東區','33.50','33.50','33.50','33.50','33.50','2020-09-03 17:10:00'),('10020','嘉義農試','28.50','28.50','28.50','28.50','28.50','2020-09-03 17:10:00'),('63','三興國小','0.00','6.00','25.00','25.00','25.00','2020-09-03 17:10:00'),('63','中正國中','-998.00','-998.00','0.00','84.00','0.00','2020-08-28 12:20:00'),('63','中正橋','0.00','18.00','29.00','29.00','29.00','2020-09-03 17:10:00'),('63','中洲','-998.00','-998.00','3.50','3.50','3.50','2020-09-03 17:10:00'),('63','九如里','0.00','10.50','32.50','32.50','32.50','2020-09-03 17:10:00'),('63','仙跡岩','0.00','5.50','22.00','22.00','22.00','2020-09-03 17:10:00'),('63','信義','0.00','4.50','20.50','20.50','20.50','2020-09-03 17:10:00'),('63','內湖','-998.00','-998.00','7.50','7.50','7.50','2020-09-03 17:10:00'),('63','劍南路','-998.00','-998.00','6.00','6.00','6.00','2020-09-03 17:10:00'),('63','劍潭山','-998.00','-998.00','7.00','7.00','7.00','2020-09-03 17:10:00'),('63','北投國小','-998.00','-998.00','4.50','4.50','4.50','2020-09-03 17:10:00'),('63','北政國中','0.00','11.00','22.50','22.50','22.50','2020-09-03 17:10:00'),('63','博嘉國小','0.00','12.50','26.00','26.00','26.00','2020-09-03 17:10:00'),('63','四獸山','0.00','11.00','30.00','30.00','30.00','2020-09-03 17:10:00'),('63','國三南深路','0.00','10.00','31.50','31.50','31.50','2020-09-03 17:10:00'),('63','埤腹','0.00','8.00','19.00','19.00','19.00','2020-09-03 17:10:00'),('63','士林','0.00','0.50','5.50','5.50','5.50','2020-09-03 17:10:00'),('63','大安森林','0.00','3.50','23.50','23.50','23.50','2020-09-03 17:10:00'),('63','大屯國小','-998.00','-998.00','5.50','5.50','5.50','2020-09-03 17:10:00'),('63','大屯山','-998.00','-998.00','8.00','8.00','8.00','2020-09-03 17:10:00'),('63','大湖里','-998.00','-998.00','6.00','6.00','6.00','2020-09-03 17:10:00'),('63','天母','-998.00','-998.00','7.50','7.50','7.50','2020-09-03 17:10:00'),('63','太平國小','0.00','0.50','7.50','7.50','7.50','2020-09-03 17:10:00'),('63','奇岩','-998.00','-998.00','4.00','4.00','4.00','2020-09-03 17:10:00'),('63','安泰里','-998.00','-998.00','6.00','6.00','6.00','2020-09-03 17:10:00'),('63','小油坑','-998.00','-998.00','10.00','10.00','10.00','2020-09-03 17:10:00'),('63','市政中心','0.00','4.50','20.50','20.50','20.50','2020-09-03 17:10:00'),('63','平等國小','-998.00','-998.00','7.00','7.00','7.00','2020-09-03 17:10:00'),('63','建國','0.00','0.50','5.00','5.00','5.00','2020-09-03 17:10:00'),('63','指南里','0.00','8.50','19.50','19.50','19.50','2020-09-03 17:10:00'),('63','挹翠山莊','0.00','13.50','31.00','31.00','31.00','2020-09-03 17:10:00'),('63','擎天崗','0.00','0.50','9.00','9.00','9.00','2020-09-03 17:10:00'),('63','文化大學','-998.00','-998.00','5.50','-999.00','5.50','2020-09-03 17:10:00'),('63','文山','0.00','15.00','30.50','30.50','30.50','2020-09-03 17:10:00'),('63','明德樂園','-998.00','-998.00','0.00','84.50','0.00','2020-08-28 12:20:00'),('63','東湖國小','0.00','1.00','9.00','9.00','9.00','2020-09-03 17:10:00'),('63','松山','0.00','2.00','15.50','15.50','15.50','2020-09-03 17:10:00'),('63','格致國中','-998.00','-998.00','6.00','6.00','6.00','2020-09-03 17:10:00'),('63','桃源國中','-998.00','-998.00','8.00','8.00','8.00','2020-09-03 17:10:00'),('63','民生國中','0.00','1.50','10.00','10.00','10.00','2020-09-03 17:10:00'),('63','湖田國小','-998.00','-998.00','6.50','6.50','6.50','2020-09-03 17:10:00'),('63','溪山里','-998.00','-998.00','7.50','7.50','7.50','2020-09-03 17:10:00'),('63','玉成','0.00','4.00','14.00','14.00','14.00','2020-09-03 17:10:00'),('63','留公國中','0.00','6.00','21.50','21.50','21.50','2020-09-03 17:10:00'),('63','石牌','-998.00','-998.00','4.00','4.00','4.00','2020-09-03 17:10:00'),('63','碧湖國小','-998.00','-998.00','5.50','5.50','5.50','2020-09-03 17:10:00'),('63','社子','-998.00','-998.00','5.00','5.00','5.00','2020-09-03 17:10:00'),('63','福州山','0.00','9.00','26.50','26.50','26.50','2020-09-03 17:10:00'),('63','福德','-998.00','-998.00','5.00','5.00','5.00','2020-09-03 17:10:00'),('63','稻香里','-998.00','-998.00','6.00','6.00','6.00','2020-09-03 17:10:00'),('63','竹子湖','-998.00','-998.00','7.00','7.00','7.00','2020-09-03 17:10:00'),('63','至善國中','-998.00','-998.00','8.50','8.50','8.50','2020-09-03 17:10:00'),('63','臺北','0.00','2.00','16.00','16.00','16.00','2020-09-03 17:10:00'),('63','臺灣大學','0.00','5.00','28.00','28.00','28.00','2020-09-03 17:10:00'),('63','舊莊國小','0.00','7.00','23.50','23.50','23.50','2020-09-03 17:10:00'),('63','舊莊里','0.00','11.00','31.50','31.50','31.50','2020-09-03 17:10:00'),('63','茶製場','0.00','8.50','24.50','38.50','24.50','2020-09-03 17:10:00'),('63','菁山里','-998.00','-998.00','4.00','4.00','4.00','2020-09-03 17:10:00'),('63','貓空','-998.00','-998.00','5.50','5.50','5.50','2020-09-03 17:10:00'),('63','貴子坑','-998.00','-998.00','6.50','6.50','6.50','2020-09-03 17:10:00'),('63','金面山','-998.00','-998.00','2.50','2.50','2.50','2020-09-03 17:10:00'),('63','關渡','-998.00','-998.00','7.50','7.50','7.50','2020-09-03 17:10:00'),('63','陽明山','-998.00','-998.00','6.50','6.50','6.50','2020-09-03 17:10:00'),('63','陽明高中','0.00','0.50','5.50','5.50','5.50','2020-09-03 17:10:00'),('63','雙園','0.00','1.50','13.50','13.50','13.50','2020-09-03 17:10:00'),('63','雙溪','-998.00','-998.00','7.00','7.00','7.00','2020-09-03 17:10:00'),('63','鞍部','-998.00','-998.00','10.50','10.50','10.50','2020-09-03 17:10:00'),('64','三民','-998.00','-998.00','0.00','1.50','1.50','2020-09-03 17:10:00'),('64','仁武','-998.00','-998.00','0.00','1.00','1.00','2020-09-03 17:10:00'),('64','內門','-998.00','-998.00','14.00','14.00','14.00','2020-09-03 17:10:00'),('64','六龜','8.00','8.00','8.50','42.00','8.50','2020-09-03 17:10:00'),('64','六龜(4)','4.00','4.00','5.00','46.00','5.00','2020-09-03 17:10:00'),('64','南天池','1.00','1.00','1.00','1.00','1.00','2020-09-03 17:10:00'),('64','古亭坑','-998.00','-998.00','0.00','0.50','0.50','2020-09-03 17:10:00'),('64','吉東','-998.00','-998.00','0.00','0.00','0.00','2020-09-03 17:10:00'),('64','圓富國中','-998.00','-998.00','9.00','9.00','9.00','2020-09-03 17:10:00'),('64','多納(1)','5.00','5.00','5.00','5.00','5.00','2020-09-03 17:10:00'),('64','多納林道','8.00','8.00','8.00','8.00','8.00','2020-09-03 17:10:00'),('64','大寮','-998.00','-998.00','0.00','0.00','0.00','2020-09-03 17:10:00'),('64','大津','10.00','10.00','10.00','14.00','10.00','2020-09-03 17:10:00'),('64','大社','-998.00','-998.00','0.00','4.50','4.50','2020-09-03 17:10:00'),('64','天池','2.00','3.00','4.00','58.00','4.00','2020-08-28 12:20:00'),('64','寶山','48.00','48.00','48.00','50.00','48.00','2020-09-03 17:10:00'),('64','小林','3.00','3.00','3.00','3.00','3.00','2020-09-03 17:10:00'),('64','小關山','-998.00','-998.00','0.00','0.00','0.00','2020-09-03 17:10:00'),('64','尖山','0.00','1.00','6.00','8.00','6.00','2020-09-03 17:10:00'),('64','岡山','-998.00','-998.00','0.00','0.00','0.00','2020-09-03 17:10:00'),('64','左營','-998.00','-998.00','2.50','2.50','2.50','2020-09-03 17:10:00'),('64','建山國小','12.50','12.50','12.50','18.50','12.50','2020-09-03 17:10:00'),('64','彌陀','-998.00','-998.00','1.00','1.00','1.00','2020-09-03 17:10:00'),('64','御油山','0.00','6.00','6.00','92.50','7.00','2020-08-28 12:20:00'),('64','復興','0.50','0.50','0.50','1.00','0.50','2020-09-03 17:10:00'),('64','排雲','2.50','2.50','2.50','3.00','2.50','2020-09-03 17:10:00'),('64','新發','21.00','21.00','21.00','45.00','21.00','2020-09-03 17:10:00'),('64','新發國小','11.50','11.50','11.50','30.00','11.50','2020-09-03 17:10:00'),('64','新興','-998.00','-998.00','0.00','0.00','0.00','2020-09-03 17:10:00'),('64','旗南農改','0.50','3.50','3.50','83.00','3.50','2020-08-28 12:20:00'),('64','旗山','0.00','0.50','0.50','0.50','0.50','2020-09-03 17:10:00'),('64','旗山(4)','0.00','1.00','1.00','1.00','1.00','2020-09-03 17:10:00'),('64','旗津','-998.00','-998.00','0.00','0.00','0.00','2020-09-03 17:10:00'),('64','月眉','-998.00','-998.00','40.00','40.00','40.00','2020-09-03 17:10:00'),('64','木柵','0.00','1.00','13.00','13.00','13.00','2020-09-03 17:10:00'),('64','東沙島','-998.00','-998.00','0.00','0.00','0.00','2020-09-03 17:10:00'),('64','林園','-998.00','-998.00','2.50','36.50','31.00','2020-09-03 17:10:00'),('64','林試六龜中心','3.50','3.50','4.00','38.50','4.00','2020-09-03 17:10:00'),('64','林試扇平站','13.50','13.50','13.50','18.50','13.50','2020-09-03 17:10:00'),('64','梅山','-998.00','-998.00','0.00','0.00','0.00','2020-09-03 17:10:00'),('64','梅山(2)','1.00','1.00','1.00','1.00','1.00','2020-09-03 17:10:00'),('64','梓官','-998.00','-998.00','0.00','0.00','0.00','2020-09-03 17:10:00'),('64','楠梓','-998.00','-998.00','2.00','2.00','2.00','2020-09-03 17:10:00'),('64','橋頭','-998.00','-998.00','0.00','1.00','1.00','2020-09-03 17:10:00'),('64','民權','-998.00','-998.00','0.00','1.00','0.00','2020-09-03 17:10:00'),('64','永安','-998.00','-998.00','0.00','0.00','0.00','2020-09-03 17:10:00'),('64','湖內','-998.00','-998.00','0.50','0.50','0.50','2020-09-03 17:10:00'),('64','溝坪','-998.00','-998.00','39.00','39.00','39.00','2020-09-03 17:10:00'),('64','溪南(特)','2.50','2.50','2.50','2.50','2.50','2020-09-03 17:10:00'),('64','溪埔','0.00','3.00','4.00','8.00','4.00','2020-09-03 17:10:00'),('64','甲仙','2.00','2.00','2.50','44.50','2.50','2020-09-03 17:10:00'),('64','甲仙(2)','1.00','1.00','1.00','35.00','1.00','2020-09-03 17:10:00'),('64','美濃','-998.00','-998.00','0.00','0.00','0.00','2020-09-03 17:10:00'),('64','美濃(2)','-998.00','-998.00','2.00','2.00','2.00','2020-09-03 17:10:00'),('64','苓雅','-998.00','-998.00','0.50','0.50','0.50','2020-09-03 17:10:00'),('64','茂林蝶谷','11.50','11.50','11.50','11.50','11.50','2020-09-03 17:10:00'),('64','茄萣','-998.00','-998.00','0.00','0.00','0.00','2020-09-03 17:10:00'),('64','萬山','13.00','13.00','13.00','13.00','13.00','2020-09-03 17:10:00'),('64','藤枝','12.00','12.00','12.00','12.00','12.00','2020-09-03 17:10:00'),('64','路竹','-998.00','-998.00','0.00','0.00','0.00','2020-09-03 17:10:00'),('64','達卡努瓦','0.50','0.50','0.50','0.50','0.50','2020-09-03 17:10:00'),('64','那瑪夏國中','-998.00','-998.00','0.00','1.00','0.00','2020-09-03 17:10:00'),('64','金山','-998.00','-998.00','6.00','12.00','6.00','2020-09-03 17:10:00'),('64','阿公店','-998.00','-998.00','8.00','8.50','8.00','2020-09-03 17:10:00'),('64','阿蓮','0.00','0.50','3.00','3.00','3.00','2020-09-03 17:10:00'),('64','阿蓮(2)','0.00','1.00','2.00','2.00','2.00','2020-09-03 17:10:00'),('64','集來','4.00','4.00','12.00','12.00','12.00','2020-09-03 17:10:00'),('64','高中','3.00','3.00','3.00','3.50','3.00','2020-09-03 17:10:00'),('64','高中(2)','9.00','9.00','9.00','17.00','9.00','2020-09-03 17:10:00'),('64','高雄','-998.00','-998.00','0.00','0.00','0.00','2020-09-03 17:10:00'),('64','鳳山','-998.00','-998.00','0.00','10.00','8.00','2020-09-03 17:10:00'),('64','鳳山農試','-998.00','-998.00','0.00','8.00','6.50','2020-09-03 17:10:00'),('64','鳳森','-998.00','-998.00','13.00','13.50','13.50','2020-09-03 17:10:00'),('64','鼓山','-998.00','-998.00','0.00','0.00','0.00','2020-09-03 17:10:00'),('65','三和','-998.00','-998.00','8.50','8.50','8.50','2020-09-03 17:10:00'),('65','三峽','0.00','0.50','7.00','7.00','7.00','2020-09-03 17:10:00'),('65','三芝','-998.00','-998.00','5.50','7.00','7.00','2020-09-03 17:10:00'),('65','三貂嶺','0.00','3.00','8.00','13.00','8.00','2020-09-03 17:10:00'),('65','三貂角','-998.00','-998.00','0.00','7.00','0.00','2020-09-03 17:10:00'),('65','三重','0.00','0.50','9.00','9.00','9.00','2020-09-03 17:10:00'),('65','上林國小','-998.00','-998.00','3.00','22.00','3.00','2020-09-03 17:10:00'),('65','下盆','0.00','0.50','0.50','0.50','0.50','2020-09-03 17:10:00'),('65','中和','0.00','1.00','27.50','27.50','27.50','2020-09-03 17:10:00'),('65','九芎根','-998.00','-998.00','0.00','8.00','0.50','2020-09-03 17:10:00'),('65','五分山','0.00','3.00','8.50','16.50','8.50','2020-09-03 17:10:00'),('65','五城加油站','-998.00','-998.00','5.00','5.00','5.00','2020-09-03 17:10:00'),('65','五寮國小','-998.00','-998.00','0.50','0.50','0.50','2020-09-03 17:10:00'),('65','五指山','0.00','0.50','3.50','3.50','3.50','2020-09-03 17:10:00'),('65','五股','0.00','0.50','6.50','6.50','6.50','2020-09-03 17:10:00'),('65','信賢派出所','-998.00','-998.00','0.50','18.00','0.50','2020-09-03 17:10:00'),('65','八里','-998.00','-998.00','12.00','12.00','12.00','2020-09-03 17:10:00'),('65','十三股','-998.00','-998.00','0.50','1.50','0.50','2020-09-03 17:10:00'),('65','吉林國小','0.00','1.00','1.00','10.00','1.00','2020-09-03 17:10:00'),('65','員山子','-998.00','-998.00','0.00','0.00','0.00','2020-09-03 17:10:00'),('65','四十份','-998.00','-998.00','0.50','0.50','0.50','2020-09-03 17:10:00'),('65','四堵','-998.00','-998.00','0.00','0.50','0.00','2020-09-03 17:10:00'),('65','土城','0.00','1.00','19.00','19.00','19.00','2020-09-03 17:10:00'),('65','坪林','-998.00','-998.00','0.00','17.50','0.00','2020-09-03 17:10:00'),('65','大坪','-998.00','-998.00','9.00','9.00','9.00','2020-09-03 17:10:00'),('65','大桶山','-998.00','-998.00','1.00','1.00','1.00','2020-09-03 17:10:00'),('65','大粗坑','0.00','1.50','3.50','5.50','3.50','2020-09-03 17:10:00'),('65','大豹','-998.00','-998.00','0.00','0.00','0.00','2020-09-03 17:10:00'),('65','太平','-998.00','-998.00','0.00','16.50','0.00','2020-09-03 17:10:00'),('65','富貴角','-998.00','-998.00','8.50','11.00','11.00','2020-09-03 17:10:00'),('65','屈尺','-998.00','-998.00','0.00','0.00','0.00','2020-09-03 17:10:00'),('65','山佳','0.00','1.00','16.00','16.00','16.00','2020-09-03 17:10:00'),('65','平溪旅遊','0.00','5.00','14.00','24.00','14.00','2020-09-03 17:10:00'),('65','建安國小','0.00','0.50','2.00','2.00','2.00','2020-09-03 17:10:00'),('65','文山茶改','0.00','0.50','0.50','0.50','0.50','2020-09-03 17:10:00'),('65','新店','0.00','0.50','11.00','11.00','11.00','2020-09-03 17:10:00'),('65','新莊','0.00','0.50','8.50','8.50','8.50','2020-09-03 17:10:00'),('65','有木國小','-998.00','-998.00','1.00','1.00','1.00','2020-09-03 17:10:00'),('65','板橋','0.00','1.00','20.00','20.00','20.00','2020-09-03 17:10:00'),('65','林口','-998.00','-998.00','8.50','8.50','8.50','2020-09-03 17:10:00'),('65','林口(1)','0.00','1.00','11.00','11.00','11.00','2020-09-03 17:10:00'),('65','柑林國小','0.00','0.50','2.00','20.00','2.00','2020-09-03 17:10:00'),('65','桃改臺北分場','-998.00','-998.00','7.00','7.00','7.00','2020-09-03 17:10:00'),('65','桶後','-998.00','-998.00','0.00','7.50','0.00','2020-09-03 17:10:00'),('65','永和','0.00','2.00','33.50','33.50','33.50','2020-09-03 17:10:00'),('65','汐止','0.00','2.50','14.50','22.00','14.50','2020-09-03 17:10:00'),('65','泰平','-998.00','-998.00','0.00','17.50','0.00','2020-09-03 17:10:00'),('65','淡水','-999.00','-999.00','8.00','8.00','8.00','2020-09-03 17:10:00'),('65','深坑','0.00','12.00','19.50','19.50','19.50','2020-09-03 17:10:00'),('65','火燒寮','-998.00','-998.00','0.00','26.00','0.00','2020-09-03 17:10:00'),('65','熊空山','-998.00','-998.00','1.00','1.00','1.00','2020-09-03 17:10:00'),('65','瑞芳','0.00','1.00','6.00','8.00','6.00','2020-09-03 17:10:00'),('65','瑞芳(2)','0.00','1.00','5.00','6.00','5.00','2020-09-03 17:10:00'),('65','白沙灣','-998.00','-998.00','17.00','28.50','28.50','2020-09-03 17:10:00'),('65','石碇','0.00','5.50','9.50','13.00','9.50','2020-09-03 17:10:00'),('65','石碇(2)','0.00','11.00','20.00','20.00','20.00','2020-09-03 17:10:00'),('65','碧湖','-998.00','-998.00','0.00','0.50','0.00','2020-09-03 17:10:00'),('65','社后橋','1.00','4.00','13.00','19.00','13.00','2020-09-03 17:10:00'),('65','福山','-998.00','-998.00','1.00','1.00','1.00','2020-09-03 17:10:00'),('65','福山(3)','-998.00','-998.00','1.00','1.00','1.00','2020-09-03 17:10:00'),('65','福山植物園','-998.00','-998.00','0.50','0.50','0.50','2020-09-03 17:10:00'),('65','福隆','-998.00','-998.00','0.00','5.00','0.00','2020-09-03 17:10:00'),('65','精忠','0.00','4.00','10.00','10.00','10.00','2020-09-03 17:10:00'),('65','翡翠','0.00','0.50','0.50','0.50','0.50','2020-09-03 17:10:00'),('65','萬里國小','-998.00','-998.00','10.00','10.00','10.00','2020-09-03 17:10:00'),('65','蘆洲','0.00','0.50','6.00','6.00','6.00','2020-09-03 17:10:00'),('65','覽勝橋','-998.00','-998.00','0.00','5.00','0.00','2020-09-03 17:10:00'),('65','金山','-998.00','-998.00','4.50','4.50','4.50','2020-09-03 17:10:00'),('65','長坑國小','-998.00','-998.00','15.00','15.00','15.00','2020-09-03 17:10:00'),('65','雙溪','0.00','0.50','1.50','12.50','1.50','2020-09-03 17:10:00'),('65','鶯歌','0.00','0.50','6.00','6.00','6.00','2020-09-03 17:10:00'),('65','鼻頭角','0.00','1.00','1.00','1.00','1.00','2020-09-03 17:10:00'),('66','上谷關','8.00','9.50','9.50','15.00','9.50','2020-09-03 17:10:00'),('66','中坑','0.50','1.50','1.50','3.00','1.50','2020-09-03 17:10:00'),('66','中坑國小','11.00','18.00','18.00','25.00','18.00','2020-09-03 17:10:00'),('66','中竹林','15.50','26.50','26.50','26.50','26.50','2020-09-03 17:10:00'),('66','伯公龍','-998.00','-998.00','0.00','0.50','0.00','2020-09-03 17:10:00'),('66','卓蘭(2)','1.00','1.00','1.00','11.00','1.00','2020-09-03 17:10:00'),('66','南屯','2.50','4.50','4.50','10.00','4.50','2020-08-28 12:20:00'),('66','后里','-998.00','-998.00','1.50','1.50','1.50','2020-09-03 17:10:00'),('66','國一N174K','5.50','5.50','7.50','7.50','7.50','2020-09-03 17:10:00'),('66','國一S162K','-998.00','-998.00','7.50','7.50','7.50','2020-09-03 17:10:00'),('66','國一S169K','-998.00','-998.00','11.00','11.00','11.00','2020-09-03 17:10:00'),('66','國一S188K','0.00','1.50','1.50','1.50','1.50','2020-09-03 17:10:00'),('66','國三N208K','-998.00','-998.00','1.50','1.50','1.50','2020-09-03 17:10:00'),('66','國三S168K','-998.00','-998.00','1.00','1.00','1.00','2020-09-03 17:10:00'),('66','國三S173K','-998.00','-998.00','10.50','10.50','10.50','2020-09-03 17:10:00'),('66','國三S178K','0.50','0.50','7.00','7.00','7.00','2020-09-03 17:10:00'),('66','國四E5K','-998.00','-998.00','7.50','7.50','7.50','2020-09-03 17:10:00'),('66','坪廓分校','36.00','60.50','60.50','60.50','60.50','2020-09-03 17:10:00'),('66','外埔','-998.00','-998.00','1.50','1.50','1.50','2020-09-03 17:10:00'),('66','大坑','9.50','9.50','9.50','9.50','9.50','2020-09-03 17:10:00'),('66','大安','-998.00','-998.00','1.00','1.00','1.00','2020-09-03 17:10:00'),('66','大甲','-998.00','-998.00','0.50','0.50','0.50','2020-09-03 17:10:00'),('66','大肚','-998.00','-998.00','8.50','8.50','8.50','2020-09-03 17:10:00'),('66','大里','0.50','7.00','7.00','7.00','7.00','2020-09-03 17:10:00'),('66','大雅','0.50','0.50','8.00','8.00','8.00','2020-09-03 17:10:00'),('66','審馬陣','-998.00','-998.00','0.50','0.50','0.50','2020-09-03 17:10:00'),('66','峰谷國小','13.50','20.50','20.50','20.50','20.50','2020-09-03 17:10:00'),('66','德基','4.00','5.00','5.00','6.00','5.00','2020-09-03 17:10:00'),('66','慶福山','16.50','30.50','30.50','31.00','30.50','2020-09-03 17:10:00'),('66','新伯公','4.00','25.50','25.50','27.00','25.50','2020-09-03 17:10:00'),('66','新社','1.50','22.50','23.00','23.00','23.00','2020-09-03 17:10:00'),('66','東勢','1.00','4.00','4.00','4.00','4.00','2020-09-03 17:10:00'),('66','松鶴','18.00','18.00','18.00','30.00','18.00','2020-09-03 17:10:00'),('66','桃山','2.00','2.00','2.00','2.00','2.00','2020-09-03 17:10:00'),('66','桐林','1.50','8.00','8.00','8.00','8.00','2020-09-03 17:10:00'),('66','梧棲','-998.00','-998.00','2.50','2.50','2.50','2020-09-03 17:10:00'),('66','梨山','10.00','12.50','12.50','13.50','12.50','2020-09-03 17:10:00'),('66','武陵','-998.00','-998.00','0.00','0.00','0.00','2020-09-03 17:10:00'),('66','清水','-998.00','-998.00','2.00','2.00','2.00','2020-09-03 17:10:00'),('66','清水林','9.50','30.00','30.00','30.00','30.00','2020-09-03 17:10:00'),('66','潭子','0.50','0.50','1.00','1.00','1.00','2020-09-03 17:10:00'),('66','烏日','0.00','13.00','13.00','13.00','13.00','2020-09-03 17:10:00'),('66','烏石坑','0.00','1.50','1.50','5.50','1.50','2020-09-03 17:10:00'),('66','白冷','14.00','20.50','20.50','35.50','20.50','2020-09-03 17:10:00'),('66','白毛台','17.00','26.50','26.50','59.50','26.50','2020-09-03 17:10:00'),('66','石岡','0.00','1.50','1.50','2.00','1.50','2020-09-03 17:10:00'),('66','神岡','-998.00','-998.00','6.00','6.00','6.00','2020-09-03 17:10:00'),('66','稍來','0.00','25.00','25.00','43.50','25.00','2020-09-03 17:10:00'),('66','種苗繁殖','0.00','2.50','2.50','2.50','2.50','2020-09-03 17:10:00'),('66','臺中','13.00','14.50','14.50','14.50','14.50','2020-09-03 17:10:00'),('66','西屯','5.00','5.00','6.00','6.00','6.00','2020-09-03 17:10:00'),('66','豐原','-998.00','-998.00','2.00','2.00','2.00','2020-09-03 17:10:00'),('66','農業試驗所','0.50','23.00','23.00','23.00','23.00','2020-09-03 17:10:00'),('66','達觀國小','0.00','0.50','0.50','3.50','0.50','2020-09-03 17:10:00'),('66','雙崎(2)','-998.00','-998.00','0.00','5.00','0.00','2020-09-03 17:10:00'),('66','雪嶺','7.00','37.00','37.00','61.00','37.00','2020-09-03 17:10:00'),('66','頭汴坑','9.00','12.00','12.00','12.00','12.00','2020-09-03 17:10:00'),('66','龍井','-998.00','-998.00','3.50','3.50','3.50','2020-09-03 17:10:00'),('66','龍安','58.00','68.50','68.50','68.50','68.50','2020-09-03 17:10:00'),('67','七股','-998.00','-998.00','0.00','0.00','0.00','2020-09-03 17:10:00'),('67','七股研究中心','-998.00','-998.00','0.00','0.00','0.00','2020-09-03 17:10:00'),('67','下營','-998.00','-998.00','3.50','4.50','4.50','2020-09-03 17:10:00'),('67','仁德','-998.00','-998.00','0.00','0.00','0.00','2020-09-03 17:10:00'),('67','佳里','-998.00','-998.00','1.00','1.00','1.00','2020-09-03 17:10:00'),('67','六溪','38.00','38.00','38.00','38.00','38.00','2020-09-03 17:10:00'),('67','北寮','69.00','69.00','69.00','69.00','69.00','2020-09-03 17:10:00'),('67','北門','0.00','0.50','6.50','6.50','6.50','2020-09-03 17:10:00'),('67','南化(2)','0.00','6.00','54.00','54.00','54.00','2020-09-03 17:10:00'),('67','善化','-998.00','-998.00','0.50','8.00','8.00','2020-09-03 17:10:00'),('67','嘉南水利','0.00','0.00','0.00','-999.00','0.00','2020-09-03 17:10:00'),('67','大內','-998.00','-998.00','0.00','22.00','8.00','2020-09-03 17:10:00'),('67','大棟山','51.50','52.50','52.50','58.50','52.50','2020-09-03 17:10:00'),('67','大竹坑','38.00','38.00','38.00','60.00','38.00','2020-09-03 17:10:00'),('67','媽廟','0.00','10.00','10.00','10.50','10.50','2020-09-03 17:10:00'),('67','學甲','-998.00','-998.00','0.00','0.50','0.50','2020-09-03 17:10:00'),('67','安南','0.00','1.00','16.50','16.50','16.50','2020-09-03 17:10:00'),('67','安定','0.00','0.50','0.50','1.50','1.50','2020-09-03 17:10:00'),('67','安平','-998.00','-998.00','0.00','0.00','0.00','2020-09-03 17:10:00'),('67','官田','-998.00','-998.00','2.50','9.00','9.00','2020-09-03 17:10:00'),('67','將軍','-998.00','-998.00','2.00','2.00','2.00','2020-09-03 17:10:00'),('67','山上','0.50','1.00','1.50','43.50','1.50','2020-08-28 12:20:00'),('67','崁頭山','69.00','69.00','69.00','69.00','69.00','2020-09-03 17:10:00'),('67','崎頂','-998.00','-998.00','0.50','12.00','11.50','2020-09-03 17:10:00'),('67','左鎮','0.00','1.50','10.00','12.50','10.00','2020-09-03 17:10:00'),('67','後壁','1.00','3.50','5.00','5.00','5.00','2020-09-03 17:10:00'),('67','新市','-998.00','-998.00','2.50','2.50','2.50','2020-09-03 17:10:00'),('67','新營','0.00','0.00','11.50','11.50','11.50','2020-09-03 17:10:00'),('67','曾文','20.50','20.50','21.50','27.50','21.50','2020-09-03 17:10:00'),('67','東原','55.50','55.50','58.50','58.50','58.50','2020-09-03 17:10:00'),('67','東河','2.50','2.50','3.50','3.50','3.50','2020-09-03 17:10:00'),('67','柳營','0.00','1.00','9.50','9.50','9.50','2020-09-03 17:10:00'),('67','楠西','4.00','4.00','9.00','53.00','9.00','2020-09-03 17:10:00'),('67','水試所七股','-998.00','-998.00','0.00','0.00','0.00','2020-09-03 17:10:00'),('67','永康','0.00','0.50','1.50','2.00','2.00','2020-09-03 17:10:00'),('67','沙崙','-998.00','-998.00','0.00','3.50','3.50','2020-09-03 17:10:00'),('67','玉井','14.50','14.50','33.50','33.50','33.50','2020-09-03 17:10:00'),('67','王爺宮','1.00','1.00','9.00','27.00','9.00','2020-09-03 17:10:00'),('67','環湖','-998.00','-998.00','9.00','13.50','9.00','2020-09-03 17:10:00'),('67','畜試所','-998.00','-998.00','0.00','0.50','0.00','2020-09-03 17:10:00'),('67','白河','11.00','11.00','12.50','12.50','12.50','2020-09-03 17:10:00'),('67','羌黃坑','2.00','2.00','6.50','6.50','6.50','2020-09-03 17:10:00'),('67','臺南','-998.00','-998.00','0.00','0.00','0.00','2020-09-03 17:10:00'),('67','臺南市北區','-998.00','-998.00','0.00','0.00','0.00','2020-09-03 17:10:00'),('67','臺南市南區','-998.00','-998.00','0.00','0.00','0.00','2020-09-03 17:10:00'),('67','臺南蘭花園區','22.50','22.50','30.00','30.00','30.00','2020-09-03 17:10:00'),('67','臺南農改','-998.00','-998.00','0.50','0.50','0.50','2020-09-03 17:10:00'),('67','虎頭埤','0.00','2.00','3.00','3.00','3.00','2020-09-03 17:10:00'),('67','西港','-998.00','-998.00','5.00','5.00','5.00','2020-09-03 17:10:00'),('67','關子嶺','64.50','64.50','64.50','64.50','64.50','2020-09-03 17:10:00'),('67','關子嶺(2)','64.00','64.00','64.00','64.00','64.00','2020-09-03 17:10:00'),('67','關山','19.50','19.50','19.50','20.00','19.50','2020-09-03 17:10:00'),('67','關廟','-998.00','-998.00','0.00','4.00','3.50','2020-09-03 17:10:00'),('67','鹽水','-998.00','-998.00','3.50','3.50','3.50','2020-09-03 17:10:00'),('67','鹿寮','0.50','0.50','0.50','10.00','0.50','2020-08-28 12:20:00'),('67','麻豆','-998.00','-998.00','3.00','3.00','3.00','2020-09-03 17:10:00'),('68','中壢','-998.00','-998.00','20.50','20.50','20.50','2020-09-03 17:10:00'),('68','中央大學','-998.00','-998.00','26.50','26.50','26.50','2020-09-03 17:10:00'),('68','八德','-998.00','-998.00','2.50','2.50','2.50','2020-09-03 17:10:00'),('68','八德合作社','-998.00','-998.00','7.50','7.50','7.50','2020-09-03 17:10:00'),('68','八德蔬果','-998.00','-998.00','20.50','20.50','20.50','2020-09-03 17:10:00'),('68','嘎拉賀','-998.00','-998.00','1.00','1.00','1.00','2020-09-03 17:10:00'),('68','嘎色鬧分校','-998.00','-998.00','1.50','1.50','1.50','2020-09-03 17:10:00'),('68','國一五楊','-998.00','-998.00','11.50','11.50','11.50','2020-09-03 17:10:00'),('68','大園','-998.00','-998.00','6.50','6.50','6.50','2020-09-03 17:10:00'),('68','大溪','-998.00','-998.00','2.50','2.50','2.50','2020-09-03 17:10:00'),('68','大溪永福','-998.00','-998.00','1.50','1.50','1.50','2020-09-03 17:10:00'),('68','大艽芎古道','-998.00','-998.00','0.00','0.00','0.00','2020-09-03 17:10:00'),('68','巴陵','-998.00','-998.00','1.00','1.00','1.00','2020-09-03 17:10:00'),('68','平鎮','-998.00','-998.00','4.50','4.50','4.50','2020-09-03 17:10:00'),('68','復興','-998.00','-998.00','1.50','1.50','1.50','2020-09-03 17:10:00'),('68','拉拉山','-998.00','-998.00','1.00','1.00','1.00','2020-09-03 17:10:00'),('68','新屋','-998.00','-998.00','12.00','12.00','12.00','2020-09-03 17:10:00'),('68','桃園','-998.00','-998.00','14.50','14.50','14.50','2020-09-03 17:10:00'),('68','桃園農改','-998.00','-998.00','14.50','14.50','14.50','2020-09-03 17:10:00'),('68','楊梅','-998.00','-998.00','23.50','23.50','23.50','2020-09-03 17:10:00'),('68','水尾','0.00','0.50','41.50','41.50','41.50','2020-09-03 17:10:00'),('68','石門','-998.00','-998.00','0.00','0.00','0.00','2020-09-03 17:10:00'),('68','石門後池','-998.00','-998.00','0.00','0.00','0.00','2020-09-03 17:10:00'),('68','茶改場','-998.00','-998.00','13.50','13.50','13.50','2020-09-03 17:10:00'),('68','蘆竹','-998.00','-998.00','8.50','8.50','8.50','2020-09-03 17:10:00'),('68','蘇樂','-998.00','-998.00','0.50','0.50','0.50','2020-09-03 17:10:00'),('68','觀音','-998.00','-998.00','1.00','1.00','1.00','2020-09-03 17:10:00'),('68','農工中心','-998.00','-998.00','12.00','12.00','12.00','2020-09-03 17:10:00'),('68','霞雲','-998.00','-998.00','1.00','1.00','1.00','2020-09-03 17:10:00'),('68','高坡國小','-998.00','-998.00','0.50','0.50','0.50','2020-09-03 17:10:00'),('68','高義','-998.00','-998.00','1.00','1.00','1.00','2020-09-03 17:10:00'),('68','龍壽社區','0.00','2.00','9.00','9.00','9.00','2020-09-03 17:10:00'),('68','龍潭','-998.00','-998.00','5.50','5.50','5.50','2020-09-03 17:10:00'),('68','龜山','0.00','0.50','16.00','16.00','16.00','2020-09-03 17:10:00');
/*!40000 ALTER TABLE `rain` ENABLE KEYS */;
UNLOCK TABLES;

--
-- Table structure for table `rainCatch`
--

DROP TABLE IF EXISTS `rainCatch`;
/*!40101 SET @saved_cs_client     = @@character_set_client */;
/*!40101 SET character_set_client = utf8 */;
CREATE TABLE `rainCatch` (
  `catchTime` datetime NOT NULL,
  PRIMARY KEY (`catchTime`)
) ENGINE=InnoDB DEFAULT CHARSET=utf8;
/*!40101 SET character_set_client = @saved_cs_client */;

--
-- Dumping data for table `rainCatch`
--

LOCK TABLES `rainCatch` WRITE;
/*!40000 ALTER TABLE `rainCatch` DISABLE KEYS */;
INSERT INTO `rainCatch` VALUES ('2020-08-28 09:26:44'),('2020-08-28 10:35:20'),('2020-08-28 10:37:23'),('2020-08-28 11:52:32'),('2020-08-28 12:08:50'),('2020-08-28 12:26:19'),('2020-09-03 17:15:53');
/*!40000 ALTER TABLE `rainCatch` ENABLE KEYS */;
UNLOCK TABLES;

--
-- Table structure for table `weatherCatch`
--

DROP TABLE IF EXISTS `weatherCatch`;
/*!40101 SET @saved_cs_client     = @@character_set_client */;
/*!40101 SET character_set_client = utf8 */;
CREATE TABLE `weatherCatch` (
  `catchTime` datetime NOT NULL,
  PRIMARY KEY (`catchTime`)
) ENGINE=InnoDB DEFAULT CHARSET=utf8;
/*!40101 SET character_set_client = @saved_cs_client */;

--
-- Dumping data for table `weatherCatch`
--

LOCK TABLES `weatherCatch` WRITE;
/*!40000 ALTER TABLE `weatherCatch` DISABLE KEYS */;
INSERT INTO `weatherCatch` VALUES ('2020-08-28 09:26:59'),('2020-09-03 17:15:43');
/*!40000 ALTER TABLE `weatherCatch` ENABLE KEYS */;
UNLOCK TABLES;

--
-- Table structure for table `weathers`
--

DROP TABLE IF EXISTS `weathers`;
/*!40101 SET @saved_cs_client     = @@character_set_client */;
/*!40101 SET character_set_client = utf8 */;
CREATE TABLE `weathers` (
  `cityId` varchar(20) NOT NULL,
  `maxAT` int(11) DEFAULT NULL,
  `maxT` int(11) DEFAULT NULL,
  `minAT` int(11) DEFAULT NULL,
  `minT` int(11) DEFAULT NULL,
  `pop12h` int(11) DEFAULT NULL,
  `rh` int(11) DEFAULT NULL,
  `wd` varchar(20) DEFAULT NULL,
  `ws1` varchar(20) DEFAULT NULL,
  `ws2` varchar(20) DEFAULT NULL,
  `wx` varchar(30) DEFAULT NULL,
  `startTime` datetime NOT NULL,
  `endTime` datetime NOT NULL,
  PRIMARY KEY (`cityId`,`startTime`,`endTime`)
) ENGINE=InnoDB DEFAULT CHARSET=utf8;
/*!40101 SET character_set_client = @saved_cs_client */;

--
-- Dumping data for table `weathers`
--

LOCK TABLES `weathers` WRITE;
/*!40000 ALTER TABLE `weathers` DISABLE KEYS */;
INSERT INTO `weathers` VALUES ('09007',31,32,25,27,30,81,'偏南風','>= 11','>= 6','多雲短暫陣雨','2020-08-27 06:00:00','2020-08-27 18:00:00'),('09007',26,28,24,26,50,92,'偏南風','>= 11','>= 6','多雲時陰短暫陣雨','2020-08-27 18:00:00','2020-08-28 06:00:00'),('09007',32,30,23,26,30,82,'西南風','9','5','多雲短暫陣雨','2020-08-28 06:00:00','2020-08-28 18:00:00'),('09007',30,28,27,26,10,91,'西南風','7','4','多雲','2020-08-28 18:00:00','2020-08-29 06:00:00'),('09007',36,32,30,27,0,82,'偏東風','3','2','晴時多雲','2020-08-29 06:00:00','2020-08-29 18:00:00'),('09007',32,29,28,27,20,92,'偏東風','6','4','多雲','2020-08-29 18:00:00','2020-08-30 06:00:00'),('09007',33,31,28,27,30,82,'東北風','8','5','多雲短暫陣雨','2020-08-30 06:00:00','2020-08-30 18:00:00'),('09007',30,28,27,27,30,92,'東北風','7','4','多雲短暫陣雨','2020-08-30 18:00:00','2020-08-31 06:00:00'),('09007',34,32,27,27,0,82,'偏北風','7','4','晴時多雲','2020-08-31 06:00:00','2020-08-31 18:00:00'),('09007',30,28,27,27,0,90,'偏西風','6','4','多雲','2020-08-31 18:00:00','2020-09-01 06:00:00'),('09007',35,33,26,27,0,68,'偏南風','6','4','多雲時晴','2020-09-01 06:00:00','2020-09-01 18:00:00'),('09007',32,29,28,28,0,91,'西南風','6','4','多雲','2020-09-01 18:00:00','2020-09-02 06:00:00'),('09007',34,32,28,28,0,81,'西南風','6','4','晴時多雲','2020-09-02 06:00:00','2020-09-02 18:00:00'),('09007',31,29,28,27,0,93,'西南風','6','4','多雲短暫陣雨','2020-09-02 18:00:00','2020-09-03 06:00:00'),('09007',34,32,28,27,0,83,'東北風','6','4','多雲短暫陣雨','2020-09-03 06:00:00','2020-09-03 18:00:00'),('09007',34,33,30,30,20,74,'偏東風','7','4','晴時多雲','2020-09-03 12:00:00','2020-09-03 18:00:00'),('09007',30,29,27,26,20,84,'東北風','6','4','晴時多雲','2020-09-03 18:00:00','2020-09-04 06:00:00'),('09007',30,30,26,26,10,68,'東北風','7','4','多雲時晴','2020-09-04 06:00:00','2020-09-04 18:00:00'),('09007',27,28,26,26,10,82,'東北風','8','5','晴時多雲','2020-09-04 18:00:00','2020-09-05 06:00:00'),('09007',28,30,25,26,0,62,'偏北風','9','5','晴時多雲','2020-09-05 06:00:00','2020-09-05 18:00:00'),('09007',27,27,26,26,0,75,'東北風','8','5','晴時多雲','2020-09-05 18:00:00','2020-09-06 06:00:00'),('09007',31,30,25,26,0,55,'東南風','5','3','晴時多雲','2020-09-06 06:00:00','2020-09-06 18:00:00'),('09007',29,28,26,26,0,75,'西南風','6','4','多雲短暫陣雨','2020-09-06 18:00:00','2020-09-07 06:00:00'),('09007',32,30,27,26,0,63,'東南風','6','4','晴時多雲','2020-09-07 06:00:00','2020-09-07 18:00:00'),('09007',28,28,28,27,0,83,'偏南風','6','4','晴時多雲','2020-09-07 18:00:00','2020-09-08 06:00:00'),('09007',32,30,28,26,0,77,'偏東風','6','4','多雲時晴','2020-09-08 06:00:00','2020-09-08 18:00:00'),('09007',27,27,26,26,0,83,'偏北風','7','4','陰短暫陣雨','2020-09-08 18:00:00','2020-09-09 06:00:00'),('09007',32,30,26,26,0,82,'偏北風','6','4','陰時多雲短暫陣雨','2020-09-09 06:00:00','2020-09-09 18:00:00'),('09007',28,27,26,26,0,92,'西南風','6','4','陰短暫陣雨','2020-09-09 18:00:00','2020-09-10 06:00:00'),('09020',34,33,27,28,30,79,'偏南風','>= 11','>= 6','多雲短暫陣雨或雷雨','2020-08-27 06:00:00','2020-08-27 18:00:00'),('09020',31,30,28,27,70,88,'西南風','6','4','多雲時陰短暫陣雨','2020-08-27 18:00:00','2020-08-28 06:00:00'),('09020',35,33,28,27,10,72,'西南風','5','3','多雲','2020-08-28 06:00:00','2020-08-28 18:00:00'),('09020',32,30,30,27,10,83,'偏南風','3','2','多雲','2020-08-28 18:00:00','2020-08-29 06:00:00'),('09020',37,34,30,27,0,72,'偏南風','4','3','晴時多雲','2020-08-29 06:00:00','2020-08-29 18:00:00'),('09020',33,30,30,28,10,85,'東北風','4','3','晴時多雲','2020-08-29 18:00:00','2020-08-30 06:00:00'),('09020',35,34,30,28,10,69,'東北風','5','3','晴時多雲','2020-08-30 06:00:00','2020-08-30 18:00:00'),('09020',32,30,30,28,10,84,'偏北風','4','3','晴時多雲','2020-08-30 18:00:00','2020-08-31 06:00:00'),('09020',36,34,30,28,0,66,'東北風','5','3','晴時多雲','2020-08-31 06:00:00','2020-08-31 18:00:00'),('09020',32,30,30,28,0,83,'偏西風','4','3','多雲短暫陣雨','2020-08-31 18:00:00','2020-09-01 06:00:00'),('09020',38,34,30,28,0,71,'西南風','4','3','晴時多雲','2020-09-01 06:00:00','2020-09-01 18:00:00'),('09020',34,31,31,29,0,89,'西南風','4','3','晴時多雲','2020-09-01 18:00:00','2020-09-02 06:00:00'),('09020',38,35,31,28,0,70,'偏南風','4','3','晴時多雲','2020-09-02 06:00:00','2020-09-02 18:00:00'),('09020',34,31,32,29,0,91,'偏西風','4','3','多雲短暫陣雨','2020-09-02 18:00:00','2020-09-03 06:00:00'),('09020',36,34,31,28,0,74,'東北風','4','3','多雲短暫陣雨','2020-09-03 06:00:00','2020-09-03 18:00:00'),('09020',42,37,33,33,20,72,'偏東風','9','5','晴時多雲','2020-09-03 12:00:00','2020-09-03 18:00:00'),('09020',30,31,28,28,40,84,'東北風','8','5','多雲短暫陣雨或雷雨','2020-09-03 18:00:00','2020-09-04 06:00:00'),('09020',34,34,28,28,20,63,'偏東風','8','5','晴時多雲','2020-09-04 06:00:00','2020-09-04 18:00:00'),('09020',30,30,27,28,20,77,'東北風','9','5','多雲','2020-09-04 18:00:00','2020-09-05 06:00:00'),('09020',34,34,28,28,0,59,'東北風','9','5','晴時多雲','2020-09-05 06:00:00','2020-09-05 18:00:00'),('09020',29,30,27,28,0,66,'東北風','6','4','多雲時晴','2020-09-05 18:00:00','2020-09-06 06:00:00'),('09020',36,34,28,27,0,47,'偏南風','5','3','多雲時晴','2020-09-06 06:00:00','2020-09-06 18:00:00'),('09020',30,30,29,28,0,70,'偏西風','5','3','多雲','2020-09-06 18:00:00','2020-09-07 06:00:00'),('09020',37,34,29,28,0,66,'偏南風','4','3','晴時多雲','2020-09-07 06:00:00','2020-09-07 18:00:00'),('09020',32,30,30,28,0,84,'偏南風','4','3','多雲短暫陣雨','2020-09-07 18:00:00','2020-09-08 06:00:00'),('09020',36,33,30,28,0,74,'東南風','4','3','多雲短暫陣雨','2020-09-08 06:00:00','2020-09-08 18:00:00'),('09020',32,29,30,28,0,88,'偏南風','4','3','陰短暫陣雨','2020-09-08 18:00:00','2020-09-09 06:00:00'),('09020',36,33,30,28,0,72,'西北風','4','3','多雲短暫陣雨','2020-09-09 06:00:00','2020-09-09 18:00:00'),('09020',31,29,30,27,0,86,'偏西風','4','3','多雲短暫陣雨','2020-09-09 18:00:00','2020-09-10 06:00:00'),('10002',39,34,29,26,60,73,'東南風','2','2','多雲時陰短暫陣雨','2020-08-27 06:00:00','2020-08-27 18:00:00'),('10002',35,30,29,26,20,78,'偏西風','2','2','多雲','2020-08-27 18:00:00','2020-08-28 06:00:00'),('10002',40,34,29,26,30,78,'東北風','2','2','多雲午後短暫雷陣雨','2020-08-28 06:00:00','2020-08-28 18:00:00'),('10002',35,30,29,26,20,82,'偏西風','2','2','多雲','2020-08-28 18:00:00','2020-08-29 06:00:00'),('10002',40,33,29,26,40,81,'偏東風','2','2','多雲午後短暫雷陣雨','2020-08-29 06:00:00','2020-08-29 18:00:00'),('10002',35,30,29,26,30,80,'東南風','1','<= 1','多雲短暫陣雨','2020-08-29 18:00:00','2020-08-30 06:00:00'),('10002',38,34,29,26,30,74,'偏東風','2','2','多雲短暫陣雨','2020-08-30 06:00:00','2020-08-30 18:00:00'),('10002',34,30,28,26,30,77,'偏西風','3','2','多雲短暫陣雨','2020-08-30 18:00:00','2020-08-31 06:00:00'),('10002',38,34,28,26,0,72,'西北風','4','3','多雲','2020-08-31 06:00:00','2020-08-31 18:00:00'),('10002',34,30,27,26,0,68,'偏西風','4','3','多雲','2020-08-31 18:00:00','2020-09-01 06:00:00'),('10002',38,34,28,26,0,66,'偏南風','3','2','多雲','2020-09-01 06:00:00','2020-09-01 18:00:00'),('10002',32,30,28,26,0,53,'偏西風','2','2','多雲','2020-09-01 18:00:00','2020-09-02 06:00:00'),('10002',40,35,28,26,0,70,'偏東風','2','2','多雲','2020-09-02 06:00:00','2020-09-02 18:00:00'),('10002',36,31,29,27,0,73,'偏西風','2','2','晴時多雲','2020-09-02 18:00:00','2020-09-03 06:00:00'),('10002',38,34,29,27,0,71,'偏東風','3','2','多雲','2020-09-03 06:00:00','2020-09-03 18:00:00'),('10002',37,33,34,31,70,74,'偏北風','3','2','多雲短暫陣雨或雷雨','2020-09-03 12:00:00','2020-09-03 18:00:00'),('10002',33,30,28,26,20,82,'偏西風','2','2','多雲時晴','2020-09-03 18:00:00','2020-09-04 06:00:00'),('10002',36,33,28,26,40,70,'東北風','4','3','多雲短暫陣雨或雷雨','2020-09-04 06:00:00','2020-09-04 18:00:00'),('10002',32,30,28,26,40,81,'偏西風','2','2','多雲短暫陣雨或雷雨','2020-09-04 18:00:00','2020-09-05 06:00:00'),('10002',35,33,28,26,30,62,'偏北風','4','3','多雲短暫陣雨','2020-09-05 06:00:00','2020-09-05 18:00:00'),('10002',31,29,25,24,0,66,'偏西風','3','2','晴時多雲','2020-09-05 18:00:00','2020-09-06 06:00:00'),('10002',33,34,25,24,0,51,'西北風','7','4','晴時多雲','2020-09-06 06:00:00','2020-09-06 18:00:00'),('10002',29,30,26,25,0,52,'偏西風','4','3','晴時多雲','2020-09-06 18:00:00','2020-09-07 06:00:00'),('10002',36,33,25,25,0,46,'東南風','2','2','多雲','2020-09-07 06:00:00','2020-09-07 18:00:00'),('10002',31,30,27,25,0,58,'偏南風','2','2','多雲時晴','2020-09-07 18:00:00','2020-09-08 06:00:00'),('10002',38,33,27,25,0,72,'偏東風','2','2','多雲午後短暫雷陣雨','2020-09-08 06:00:00','2020-09-08 18:00:00'),('10002',34,30,29,26,0,79,'西北風','1','<= 1','多雲','2020-09-08 18:00:00','2020-09-09 06:00:00'),('10002',40,33,29,26,0,79,'西北風','1','<= 1','多雲午後短暫雷陣雨','2020-09-09 06:00:00','2020-09-09 18:00:00'),('10002',34,30,28,26,0,80,'東北風','2','2','陰天','2020-09-09 18:00:00','2020-09-10 06:00:00'),('10004',37,34,28,28,50,60,'西南風','7','4','多雲短暫陣雨','2020-08-27 06:00:00','2020-08-27 18:00:00'),('10004',34,31,29,26,20,82,'偏東風','2','2','多雲','2020-08-27 18:00:00','2020-08-28 06:00:00'),('10004',36,34,28,26,40,64,'西南風','5','3','多雲午後短暫雷陣雨','2020-08-28 06:00:00','2020-08-28 18:00:00'),('10004',34,31,30,26,10,81,'西南風','2','2','多雲','2020-08-28 18:00:00','2020-08-29 06:00:00'),('10004',38,34,29,26,50,66,'偏西風','3','2','多雲午後短暫雷陣雨','2020-08-29 06:00:00','2020-08-29 18:00:00'),('10004',36,31,30,27,20,85,'偏南風','2','2','晴時多雲','2020-08-29 18:00:00','2020-08-30 06:00:00'),('10004',37,35,30,27,10,64,'東北風','4','3','晴時多雲','2020-08-30 06:00:00','2020-08-30 18:00:00'),('10004',34,31,30,26,10,80,'東北風','5','3','晴時多雲','2020-08-30 18:00:00','2020-08-31 06:00:00'),('10004',36,33,29,26,0,67,'東北風','3','2','晴時多雲','2020-08-31 06:00:00','2020-08-31 18:00:00'),('10004',34,30,29,26,0,90,'偏西風','2','2','多雲時陰','2020-08-31 18:00:00','2020-09-01 06:00:00'),('10004',36,34,28,26,0,73,'西南風','6','4','多雲','2020-09-01 06:00:00','2020-09-01 18:00:00'),('10004',32,31,27,28,0,70,'西南風','7','4','多雲','2020-09-01 18:00:00','2020-09-02 06:00:00'),('10004',35,35,27,28,0,61,'西南風','7','4','晴時多雲','2020-09-02 06:00:00','2020-09-02 18:00:00'),('10004',33,31,30,27,0,78,'偏南風','3','2','晴時多雲','2020-09-02 18:00:00','2020-09-03 06:00:00'),('10004',37,34,30,27,0,65,'偏西風','2','2','多雲時晴','2020-09-03 06:00:00','2020-09-03 18:00:00'),('10004',34,32,32,30,40,70,'偏西風','6','4','多雲時陰短暫陣雨或雷雨','2020-09-03 12:00:00','2020-09-03 18:00:00'),('10004',31,29,28,26,20,90,'東北風','6','4','多雲時晴','2020-09-03 18:00:00','2020-09-04 06:00:00'),('10004',34,34,27,26,20,63,'東北風','8','5','晴時多雲','2020-09-04 06:00:00','2020-09-04 18:00:00'),('10004',30,30,27,26,20,80,'東北風','7','4','晴時多雲','2020-09-04 18:00:00','2020-09-05 06:00:00'),('10004',32,34,27,26,10,59,'東北風','8','5','多雲時晴','2020-09-05 06:00:00','2020-09-05 18:00:00'),('10004',29,30,27,25,0,66,'東北風','5','3','晴時多雲','2020-09-05 18:00:00','2020-09-06 06:00:00'),('10004',33,34,26,25,0,44,'東北風','6','4','晴時多雲','2020-09-06 06:00:00','2020-09-06 18:00:00'),('10004',29,30,25,26,0,40,'偏東風','4','3','晴時多雲','2020-09-06 18:00:00','2020-09-07 06:00:00'),('10004',35,34,25,25,0,34,'偏東風','2','2','多雲','2020-09-07 06:00:00','2020-09-07 18:00:00'),('10004',32,30,28,26,0,62,'偏南風','2','2','晴時多雲','2020-09-07 18:00:00','2020-09-08 06:00:00'),('10004',37,34,28,26,0,54,'西北風','3','2','多雲','2020-09-08 06:00:00','2020-09-08 18:00:00'),('10004',34,31,30,27,0,75,'偏南風','3','2','陰短暫陣雨','2020-09-08 18:00:00','2020-09-09 06:00:00'),('10004',37,33,30,27,0,70,'偏南風','3','2','陰短暫陣雨','2020-09-09 06:00:00','2020-09-09 18:00:00'),('10004',34,30,29,27,0,82,'西南風','3','2','陰短暫陣雨','2020-09-09 18:00:00','2020-09-10 06:00:00'),('10005',36,34,28,28,30,68,'偏南風','5','3','多雲時陰短暫陣雨','2020-08-27 06:00:00','2020-08-27 18:00:00'),('10005',32,30,26,26,20,63,'偏南風','4','3','多雲','2020-08-27 18:00:00','2020-08-28 06:00:00'),('10005',35,33,26,25,30,70,'西南風','7','4','多雲午後短暫雷陣雨','2020-08-28 06:00:00','2020-08-28 18:00:00'),('10005',32,30,29,26,10,78,'偏南風','3','2','多雲','2020-08-28 18:00:00','2020-08-29 06:00:00'),('10005',38,33,28,26,20,72,'西南風','2','2','多雲時晴','2020-08-29 06:00:00','2020-08-29 18:00:00'),('10005',35,30,30,26,20,87,'偏南風','2','2','多雲時陰','2020-08-29 18:00:00','2020-08-30 06:00:00'),('10005',38,33,30,26,20,74,'偏北風','3','2','晴時多雲','2020-08-30 06:00:00','2020-08-30 18:00:00'),('10005',33,30,30,26,10,84,'偏東風','2','2','晴時多雲','2020-08-30 18:00:00','2020-08-31 06:00:00'),('10005',35,33,30,26,0,72,'偏北風','6','4','晴時多雲','2020-08-31 06:00:00','2020-08-31 18:00:00'),('10005',31,30,29,26,0,82,'偏北風','2','2','多雲','2020-08-31 18:00:00','2020-09-01 06:00:00'),('10005',36,33,29,25,0,78,'西南風','5','3','多雲','2020-09-01 06:00:00','2020-09-01 18:00:00'),('10005',32,31,28,27,0,67,'西南風','5','3','晴時多雲','2020-09-01 18:00:00','2020-09-02 06:00:00'),('10005',37,34,28,27,0,71,'西南風','5','3','晴時多雲','2020-09-02 06:00:00','2020-09-02 18:00:00'),('10005',34,31,29,26,0,78,'偏南風','3','2','晴時多雲','2020-09-02 18:00:00','2020-09-03 06:00:00'),('10005',37,33,29,26,0,72,'西北風','2','2','多雲時晴','2020-09-03 06:00:00','2020-09-03 18:00:00'),('10005',35,32,33,30,40,73,'偏西風','4','3','多雲時陰短暫陣雨或雷雨','2020-09-03 12:00:00','2020-09-03 18:00:00'),('10005',32,29,27,25,10,88,'東南風','5','3','多雲時晴','2020-09-03 18:00:00','2020-09-04 06:00:00'),('10005',34,33,27,25,20,68,'偏北風','7','4','晴時多雲','2020-09-04 06:00:00','2020-09-04 18:00:00'),('10005',30,30,27,26,20,80,'東北風','6','4','晴時多雲','2020-09-04 18:00:00','2020-09-05 06:00:00'),('10005',31,33,26,25,10,60,'東北風','8','5','多雲時晴','2020-09-05 06:00:00','2020-09-05 18:00:00'),('10005',28,30,25,25,0,56,'東北風','6','4','晴時多雲','2020-09-05 18:00:00','2020-09-06 06:00:00'),('10005',31,33,25,25,0,43,'偏北風','7','4','晴時多雲','2020-09-06 06:00:00','2020-09-06 18:00:00'),('10005',27,29,24,24,0,37,'偏東風','4','3','晴時多雲','2020-09-06 18:00:00','2020-09-07 06:00:00'),('10005',34,33,24,24,0,39,'偏北風','2','2','多雲','2020-09-07 06:00:00','2020-09-07 18:00:00'),('10005',32,30,27,26,0,64,'東南風','2','2','多雲時晴','2020-09-07 18:00:00','2020-09-08 06:00:00'),('10005',36,33,27,25,0,59,'偏西風','2','2','多雲','2020-09-08 06:00:00','2020-09-08 18:00:00'),('10005',34,30,30,26,0,81,'西南風','2','2','陰天','2020-09-08 18:00:00','2020-09-09 06:00:00'),('10005',38,33,29,26,0,72,'偏西風','2','2','陰短暫陣雨','2020-09-09 06:00:00','2020-09-09 18:00:00'),('10005',34,30,29,26,0,81,'西南風','3','2','多雲短暫陣雨','2020-09-09 18:00:00','2020-09-10 06:00:00'),('10007',34,33,27,26,60,75,'偏南風','7','4','多雲短暫陣雨或雷雨','2020-08-27 06:00:00','2020-08-27 18:00:00'),('10007',32,30,27,26,30,85,'偏南風','5','3','多雲短暫陣雨或雷雨','2020-08-27 18:00:00','2020-08-28 06:00:00'),('10007',37,33,26,25,40,80,'偏南風','8','5','多雲短暫陣雨','2020-08-28 06:00:00','2020-08-28 18:00:00'),('10007',34,30,30,27,10,84,'偏南風','2','2','多雲','2020-08-28 18:00:00','2020-08-29 06:00:00'),('10007',38,34,30,26,20,77,'偏南風','3','2','多雲','2020-08-29 06:00:00','2020-08-29 18:00:00'),('10007',35,31,31,27,30,88,'東南風','2','2','多雲時陰短暫陣雨','2020-08-29 18:00:00','2020-08-30 06:00:00'),('10007',38,33,30,27,20,80,'西北風','3','2','多雲','2020-08-30 06:00:00','2020-08-30 18:00:00'),('10007',34,30,30,27,20,85,'東南風','2','2','晴時多雲','2020-08-30 18:00:00','2020-08-31 06:00:00'),('10007',36,33,30,26,0,72,'偏北風','5','3','晴時多雲','2020-08-31 06:00:00','2020-08-31 18:00:00'),('10007',33,30,30,26,0,82,'東北風','3','2','晴時多雲','2020-08-31 18:00:00','2020-09-01 06:00:00'),('10007',38,33,30,26,0,76,'西南風','2','2','多雲','2020-09-01 06:00:00','2020-09-01 18:00:00'),('10007',34,30,29,27,0,84,'偏南風','3','2','多雲','2020-09-01 18:00:00','2020-09-02 06:00:00'),('10007',39,33,29,27,0,83,'偏南風','3','2','多雲短暫陣雨','2020-09-02 06:00:00','2020-09-02 18:00:00'),('10007',35,30,30,27,0,85,'偏南風','2','2','多雲短暫陣雨','2020-09-02 18:00:00','2020-09-03 06:00:00'),('10007',38,33,29,27,0,74,'偏西風','2','2','多雲短暫陣雨','2020-09-03 06:00:00','2020-09-03 18:00:00'),('10007',36,33,35,31,40,77,'偏西風','4','3','多雲時陰短暫陣雨或雷雨','2020-09-03 12:00:00','2020-09-03 18:00:00'),('10007',34,30,30,27,20,92,'東北風','4','3','多雲時晴','2020-09-03 18:00:00','2020-09-04 06:00:00'),('10007',35,33,29,26,20,76,'偏北風','6','4','晴時多雲','2020-09-04 06:00:00','2020-09-04 18:00:00'),('10007',32,30,29,27,20,85,'偏南風','6','4','晴時多雲','2020-09-04 18:00:00','2020-09-05 06:00:00'),('10007',33,33,29,27,10,69,'偏北風','7','4','晴時多雲','2020-09-05 06:00:00','2020-09-05 18:00:00'),('10007',29,30,27,26,0,60,'東北風','5','3','晴時多雲','2020-09-05 18:00:00','2020-09-06 06:00:00'),('10007',32,33,27,26,0,50,'偏北風','8','5','晴時多雲','2020-09-06 06:00:00','2020-09-06 18:00:00'),('10007',28,30,26,25,0,65,'偏東風','5','3','晴時多雲','2020-09-06 18:00:00','2020-09-07 06:00:00'),('10007',36,33,26,25,0,52,'東南風','2','2','多雲','2020-09-07 06:00:00','2020-09-07 18:00:00'),('10007',33,30,28,27,0,65,'東北風','2','2','多雲','2020-09-07 18:00:00','2020-09-08 06:00:00'),('10007',38,33,28,26,0,68,'西南風','2','2','多雲短暫陣雨','2020-09-08 06:00:00','2020-09-08 18:00:00'),('10007',35,30,30,27,0,88,'東南風','2','2','陰短暫陣雨','2020-09-08 18:00:00','2020-09-09 06:00:00'),('10007',38,33,30,26,0,79,'偏南風','2','2','陰短暫陣雨','2020-09-09 06:00:00','2020-09-09 18:00:00'),('10007',34,30,30,27,0,83,'偏南風','2','2','多雲時陰短暫陣雨','2020-09-09 18:00:00','2020-09-10 06:00:00'),('10008',34,32,28,26,60,71,'西南風','5','3','多雲時陰短暫陣雨或雷雨','2020-08-27 06:00:00','2020-08-27 18:00:00'),('10008',31,29,29,25,30,87,'東南風','2','2','多雲時陰短暫陣雨或雷雨','2020-08-27 18:00:00','2020-08-28 06:00:00'),('10008',37,33,28,25,20,75,'西南風','6','4','多雲','2020-08-28 06:00:00','2020-08-28 18:00:00'),('10008',34,29,29,25,10,92,'東南風','1','<= 1','多雲','2020-08-28 18:00:00','2020-08-29 06:00:00'),('10008',39,34,29,25,80,74,'西南風','2','2','多雲短暫陣雨或雷雨','2020-08-29 06:00:00','2020-08-29 18:00:00'),('10008',35,30,30,26,10,94,'東北風','1','<= 1','多雲時陰','2020-08-29 18:00:00','2020-08-30 06:00:00'),('10008',38,33,30,26,70,76,'西北風','2','2','多雲午後短暫雷陣雨','2020-08-30 06:00:00','2020-08-30 18:00:00'),('10008',34,30,29,25,30,90,'東南風','1','<= 1','多雲短暫陣雨','2020-08-30 18:00:00','2020-08-31 06:00:00'),('10008',38,33,28,25,0,73,'偏北風','2','2','多雲午後短暫雷陣雨','2020-08-31 06:00:00','2020-08-31 18:00:00'),('10008',35,30,29,25,0,87,'偏西風','0','<= 1','多雲','2020-08-31 18:00:00','2020-09-01 06:00:00'),('10008',37,33,28,25,0,72,'西南風','3','2','多雲短暫陣雨','2020-09-01 06:00:00','2020-09-01 18:00:00'),('10008',34,30,28,25,0,82,'東南風','2','2','多雲短暫陣雨','2020-09-01 18:00:00','2020-09-02 06:00:00'),('10008',38,33,28,25,0,72,'偏南風','2','2','多雲短暫陣雨','2020-09-02 06:00:00','2020-09-02 18:00:00'),('10008',35,30,29,25,0,90,'偏南風','1','<= 1','多雲短暫陣雨','2020-09-02 18:00:00','2020-09-03 06:00:00'),('10008',38,33,28,25,0,72,'西南風','2','2','多雲短暫陣雨','2020-09-03 06:00:00','2020-09-03 18:00:00'),('10008',35,32,34,30,70,68,'西南風','3','2','多雲時陰短暫陣雨或雷雨','2020-09-03 12:00:00','2020-09-03 18:00:00'),('10008',34,29,30,26,40,90,'偏北風','2','2','多雲短暫陣雨或雷雨','2020-09-03 18:00:00','2020-09-04 06:00:00'),('10008',38,33,29,26,40,71,'偏西風','3','2','多雲短暫陣雨或雷雨','2020-09-04 06:00:00','2020-09-04 18:00:00'),('10008',34,30,30,26,20,90,'東南風','3','2','晴時多雲','2020-09-04 18:00:00','2020-09-05 06:00:00'),('10008',36,33,29,26,10,66,'西北風','3','2','多雲時晴','2020-09-05 06:00:00','2020-09-05 18:00:00'),('10008',31,30,29,25,0,82,'偏西風','3','2','晴時多雲','2020-09-05 18:00:00','2020-09-06 06:00:00'),('10008',35,34,28,25,0,57,'偏北風','5','3','晴時多雲','2020-09-06 06:00:00','2020-09-06 18:00:00'),('10008',30,30,26,24,0,65,'東南風','2','2','晴時多雲','2020-09-06 18:00:00','2020-09-07 06:00:00'),('10008',36,33,26,24,0,46,'偏南風','1','<= 1','多雲','2020-09-07 06:00:00','2020-09-07 18:00:00'),('10008',34,30,28,26,0,79,'東南風','1','<= 1','多雲','2020-09-07 18:00:00','2020-09-08 06:00:00'),('10008',36,34,28,25,0,53,'東南風','1','<= 1','多雲短暫陣雨','2020-09-08 06:00:00','2020-09-08 18:00:00'),('10008',35,30,29,26,0,88,'偏東風','1','<= 1','多雲時陰短暫陣雨','2020-09-08 18:00:00','2020-09-09 06:00:00'),('10008',38,33,28,26,0,73,'偏東風','1','<= 1','陰短暫陣雨','2020-09-09 06:00:00','2020-09-09 18:00:00'),('10008',34,30,29,26,0,87,'東南風','2','2','多雲時陰短暫陣雨','2020-09-09 18:00:00','2020-09-10 06:00:00'),('10009',32,32,27,26,70,76,'偏南風','7','4','多雲時陰短暫陣雨或雷雨','2020-08-27 06:00:00','2020-08-27 18:00:00'),('10009',29,28,26,25,40,84,'偏南風','5','3','多雲時陰短暫陣雨或雷雨','2020-08-27 18:00:00','2020-08-28 06:00:00'),('10009',34,32,26,25,60,80,'偏南風','7','4','多雲短暫陣雨或雷雨','2020-08-28 06:00:00','2020-08-28 18:00:00'),('10009',32,28,29,25,10,90,'偏南風','2','2','多雲','2020-08-28 18:00:00','2020-08-29 06:00:00'),('10009',39,33,29,25,70,79,'西南風','3','2','多雲短暫陣雨或雷雨','2020-08-29 06:00:00','2020-08-29 18:00:00'),('10009',34,29,30,26,30,94,'東北風','1','<= 1','多雲時陰短暫陣雨','2020-08-29 18:00:00','2020-08-30 06:00:00'),('10009',37,33,30,26,80,77,'偏北風','2','2','晴午後短暫雷陣雨','2020-08-30 06:00:00','2020-08-30 18:00:00'),('10009',33,29,28,25,20,91,'偏南風','2','2','晴時多雲','2020-08-30 18:00:00','2020-08-31 06:00:00'),('10009',37,33,28,25,0,77,'偏北風','2','2','多雲午後短暫雷陣雨','2020-08-31 06:00:00','2020-08-31 18:00:00'),('10009',33,29,28,25,0,88,'東北風','2','2','多雲短暫陣雨','2020-08-31 18:00:00','2020-09-01 06:00:00'),('10009',37,33,28,25,0,75,'西南風','2','2','多雲短暫陣雨','2020-09-01 06:00:00','2020-09-01 18:00:00'),('10009',33,29,28,26,0,87,'偏南風','3','2','多雲短暫陣雨','2020-09-01 18:00:00','2020-09-02 06:00:00'),('10009',37,33,28,26,0,75,'西南風','2','2','多雲短暫陣雨','2020-09-02 06:00:00','2020-09-02 18:00:00'),('10009',33,29,28,25,0,88,'偏南風','2','2','多雲短暫陣雨','2020-09-02 18:00:00','2020-09-03 06:00:00'),('10009',38,33,28,25,0,75,'西南風','2','2','多雲短暫陣雨','2020-09-03 06:00:00','2020-09-03 18:00:00'),('10009',34,32,33,29,80,72,'西南風','4','3','多雲時陰短暫陣雨或雷雨','2020-09-03 12:00:00','2020-09-03 18:00:00'),('10009',33,29,29,26,40,92,'東北風','2','2','多雲短暫陣雨或雷雨','2020-09-03 18:00:00','2020-09-04 06:00:00'),('10009',37,33,29,26,40,74,'偏北風','4','3','多雲短暫陣雨或雷雨','2020-09-04 06:00:00','2020-09-04 18:00:00'),('10009',32,29,29,26,20,90,'偏南風','3','2','晴時多雲','2020-09-04 18:00:00','2020-09-05 06:00:00'),('10009',36,33,29,26,10,71,'東南風','4','3','多雲','2020-09-05 06:00:00','2020-09-05 18:00:00'),('10009',31,29,28,25,0,83,'西北風','3','2','晴時多雲','2020-09-05 18:00:00','2020-09-06 06:00:00'),('10009',35,33,28,25,0,62,'偏北風','6','4','晴時多雲','2020-09-06 06:00:00','2020-09-06 18:00:00'),('10009',29,29,26,25,0,73,'東北風','3','2','晴時多雲','2020-09-06 18:00:00','2020-09-07 06:00:00'),('10009',36,33,26,24,0,51,'偏南風','1','<= 1','多雲','2020-09-07 06:00:00','2020-09-07 18:00:00'),('10009',32,29,28,26,0,76,'東南風','1','<= 1','多雲','2020-09-07 18:00:00','2020-09-08 06:00:00'),('10009',37,33,28,26,0,65,'偏南風','1','<= 1','多雲短暫陣雨','2020-09-08 06:00:00','2020-09-08 18:00:00'),('10009',34,29,29,26,0,90,'東北風','1','<= 1','陰短暫陣雨','2020-09-08 18:00:00','2020-09-09 06:00:00'),('10009',38,32,29,26,0,82,'偏南風','1','<= 1','陰短暫陣雨','2020-09-09 06:00:00','2020-09-09 18:00:00'),('10009',33,29,29,26,0,87,'偏南風','2','2','陰短暫陣雨','2020-09-09 18:00:00','2020-09-10 06:00:00'),('10010',32,31,27,26,80,82,'偏南風','7','4','陰短暫陣雨或雷雨','2020-08-27 06:00:00','2020-08-27 18:00:00'),('10010',31,28,27,26,50,93,'偏南風','6','4','多雲時陰短暫陣雨或雷雨','2020-08-27 18:00:00','2020-08-28 06:00:00'),('10010',36,32,26,25,90,90,'偏南風','6','4','多雲短暫陣雨或雷雨','2020-08-28 06:00:00','2020-08-28 18:00:00'),('10010',32,29,28,26,20,94,'偏南風','5','3','多雲','2020-08-28 18:00:00','2020-08-29 06:00:00'),('10010',39,33,28,26,40,87,'偏南風','4','3','多雲短暫陣雨或雷雨','2020-08-29 06:00:00','2020-08-29 18:00:00'),('10010',34,30,30,26,30,95,'偏南風','2','2','多雲短暫陣雨或雷雨','2020-08-29 18:00:00','2020-08-30 06:00:00'),('10010',39,33,29,26,20,87,'西北風','3','2','晴時多雲','2020-08-30 06:00:00','2020-08-30 18:00:00'),('10010',34,30,29,26,20,95,'偏南風','2','2','晴時多雲','2020-08-30 18:00:00','2020-08-31 06:00:00'),('10010',37,33,29,26,0,81,'偏北風','5','3','多雲午後短暫雷陣雨','2020-08-31 06:00:00','2020-08-31 18:00:00'),('10010',32,29,28,26,0,91,'偏北風','3','2','多雲短暫陣雨','2020-08-31 18:00:00','2020-09-01 06:00:00'),('10010',38,33,28,26,0,83,'西南風','3','2','多雲短暫陣雨','2020-09-01 06:00:00','2020-09-01 18:00:00'),('10010',34,30,29,26,0,94,'偏南風','3','2','多雲短暫陣雨','2020-09-01 18:00:00','2020-09-02 06:00:00'),('10010',40,33,28,26,0,89,'偏南風','3','2','多雲短暫陣雨','2020-09-02 06:00:00','2020-09-02 18:00:00'),('10010',35,30,29,26,0,94,'偏南風','3','2','多雲短暫陣雨','2020-09-02 18:00:00','2020-09-03 06:00:00'),('10010',39,33,28,26,0,82,'西南風','3','2','多雲短暫陣雨','2020-09-03 06:00:00','2020-09-03 18:00:00'),('10010',36,33,34,30,50,75,'西南風','5','3','多雲時陰短暫陣雨或雷雨','2020-09-03 12:00:00','2020-09-03 18:00:00'),('10010',33,29,30,26,40,96,'東北風','2','2','多雲短暫陣雨或雷雨','2020-09-03 18:00:00','2020-09-04 06:00:00'),('10010',37,33,29,26,20,77,'偏北風','4','3','晴時多雲','2020-09-04 06:00:00','2020-09-04 18:00:00'),('10010',32,30,29,26,20,94,'西南風','4','3','晴時多雲','2020-09-04 18:00:00','2020-09-05 06:00:00'),('10010',37,34,29,26,10,73,'偏西風','5','3','晴時多雲','2020-09-05 06:00:00','2020-09-05 18:00:00'),('10010',33,30,29,26,0,91,'偏西風','2','2','晴時多雲','2020-09-05 18:00:00','2020-09-06 06:00:00'),('10010',34,34,28,26,0,65,'偏北風','8','5','晴時多雲','2020-09-06 06:00:00','2020-09-06 18:00:00'),('10010',29,29,27,25,0,81,'偏東風','4','3','晴時多雲','2020-09-06 18:00:00','2020-09-07 06:00:00'),('10010',36,33,27,25,0,63,'東北風','2','2','多雲時晴','2020-09-07 06:00:00','2020-09-07 18:00:00'),('10010',33,29,28,26,0,85,'偏南風','2','2','多雲','2020-09-07 18:00:00','2020-09-08 06:00:00'),('10010',37,32,27,26,0,75,'偏南風','2','2','多雲短暫陣雨','2020-09-08 06:00:00','2020-09-08 18:00:00'),('10010',34,29,29,26,0,95,'偏南風','3','2','陰短暫陣雨','2020-09-08 18:00:00','2020-09-09 06:00:00'),('10010',38,32,28,26,0,86,'偏南風','3','2','陰短暫陣雨','2020-09-09 06:00:00','2020-09-09 18:00:00'),('10010',34,29,28,26,0,95,'偏南風','3','2','多雲時陰短暫陣雨','2020-09-09 18:00:00','2020-09-10 06:00:00'),('10013',33,29,28,24,90,97,'偏南風','3','2','陰陣雨或雷雨','2020-08-27 06:00:00','2020-08-27 18:00:00'),('10013',31,27,28,25,70,98,'東南風','3','2','陰陣雨或雷雨','2020-08-27 18:00:00','2020-08-28 06:00:00'),('10013',35,30,27,24,90,97,'偏南風','4','3','陰短暫陣雨或雷雨','2020-08-28 06:00:00','2020-08-28 18:00:00'),('10013',32,27,28,25,20,98,'東南風','4','3','多雲','2020-08-28 18:00:00','2020-08-29 06:00:00'),('10013',40,33,29,25,30,95,'偏南風','2','2','多雲短暫陣雨','2020-08-29 06:00:00','2020-08-29 18:00:00'),('10013',34,29,29,25,20,99,'偏北風','2','2','多雲','2020-08-29 18:00:00','2020-08-30 06:00:00'),('10013',38,32,29,25,90,95,'東南風','2','2','多雲午後短暫雷陣雨','2020-08-30 06:00:00','2020-08-30 18:00:00'),('10013',34,28,28,25,40,99,'東北風','2','2','多雲短暫陣雨','2020-08-30 18:00:00','2020-08-31 06:00:00'),('10013',39,32,28,25,0,93,'東南風','2','2','多雲午後短暫雷陣雨','2020-08-31 06:00:00','2020-08-31 18:00:00'),('10013',34,29,28,25,0,98,'東北風','3','2','多雲短暫陣雨','2020-08-31 18:00:00','2020-09-01 06:00:00'),('10013',38,32,28,25,0,94,'西北風','3','2','多雲短暫陣雨','2020-09-01 06:00:00','2020-09-01 18:00:00'),('10013',33,28,29,25,0,98,'東南風','1','<= 1','陰短暫陣雨','2020-09-01 18:00:00','2020-09-02 06:00:00'),('10013',39,33,29,25,0,94,'東北風','2','2','多雲短暫陣雨','2020-09-02 06:00:00','2020-09-02 18:00:00'),('10013',34,28,29,25,0,98,'東南風','1','<= 1','多雲短暫陣雨','2020-09-02 18:00:00','2020-09-03 06:00:00'),('10013',40,33,29,25,0,94,'東南風','2','2','多雲短暫陣雨','2020-09-03 06:00:00','2020-09-03 18:00:00'),('10013',39,33,35,30,70,85,'偏南風','3','2','多雲時陰短暫陣雨或雷雨','2020-09-03 12:00:00','2020-09-03 18:00:00'),('10013',33,29,29,25,40,98,'東北風','2','2','多雲短暫陣雨或雷雨','2020-09-03 18:00:00','2020-09-04 06:00:00'),('10013',38,32,28,25,70,91,'偏南風','3','2','陰時多雲短暫陣雨或雷雨','2020-09-04 06:00:00','2020-09-04 18:00:00'),('10013',32,28,29,25,20,99,'偏北風','2','2','多雲時晴','2020-09-04 18:00:00','2020-09-05 06:00:00'),('10013',38,32,29,25,40,90,'東南風','6','4','多雲午後短暫雷陣雨','2020-09-05 06:00:00','2020-09-05 18:00:00'),('10013',30,28,28,25,30,97,'東北風','3','2','多雲短暫陣雨','2020-09-05 18:00:00','2020-09-06 06:00:00'),('10013',38,33,28,25,0,86,'東北風','6','4','晴時多雲','2020-09-06 06:00:00','2020-09-06 18:00:00'),('10013',30,28,28,24,0,98,'東北風','4','3','晴時多雲','2020-09-06 18:00:00','2020-09-07 06:00:00'),('10013',39,33,28,24,0,81,'西北風','1','<= 1','晴時多雲','2020-09-07 06:00:00','2020-09-07 18:00:00'),('10013',33,29,28,25,0,93,'偏東風','1','<= 1','多雲短暫陣雨','2020-09-07 18:00:00','2020-09-08 06:00:00'),('10013',38,32,28,25,0,92,'偏南風','2','2','多雲短暫陣雨','2020-09-08 06:00:00','2020-09-08 18:00:00'),('10013',33,28,28,25,0,98,'東南風','2','2','陰短暫陣雨','2020-09-08 18:00:00','2020-09-09 06:00:00'),('10013',37,32,28,25,0,91,'偏南風','2','2','陰短暫陣雨','2020-09-09 06:00:00','2020-09-09 18:00:00'),('10013',33,28,29,25,0,99,'東南風','1','<= 1','陰短暫陣雨','2020-09-09 18:00:00','2020-09-10 06:00:00'),('10014',34,33,26,27,20,71,'偏南風','8','5','多雲','2020-08-27 06:00:00','2020-08-27 18:00:00'),('10014',31,30,26,26,10,87,'西南風','7','4','多雲','2020-08-27 18:00:00','2020-08-28 06:00:00'),('10014',34,33,26,26,20,75,'偏南風','8','5','多雲','2020-08-28 06:00:00','2020-08-28 18:00:00'),('10014',33,30,29,26,0,84,'西北風','2','2','多雲','2020-08-28 18:00:00','2020-08-29 06:00:00'),('10014',36,32,29,26,30,78,'偏北風','2','2','多雲午後短暫雷陣雨','2020-08-29 06:00:00','2020-08-29 18:00:00'),('10014',34,30,29,26,30,85,'西北風','2','2','多雲短暫陣雨','2020-08-29 18:00:00','2020-08-30 06:00:00'),('10014',36,32,29,26,60,77,'偏東風','2','2','多雲短暫陣雨','2020-08-30 06:00:00','2020-08-30 18:00:00'),('10014',33,29,29,26,10,82,'偏西風','2','2','晴時多雲','2020-08-30 18:00:00','2020-08-31 06:00:00'),('10014',36,32,29,26,0,73,'偏西風','2','2','多雲短暫陣雨','2020-08-31 06:00:00','2020-08-31 18:00:00'),('10014',34,30,29,26,0,82,'偏北風','2','2','多雲時晴','2020-08-31 18:00:00','2020-09-01 06:00:00'),('10014',35,32,28,26,0,69,'東北風','2','2','多雲','2020-09-01 06:00:00','2020-09-01 18:00:00'),('10014',33,29,30,27,0,80,'西南風','2','2','多雲時晴','2020-09-01 18:00:00','2020-09-02 06:00:00'),('10014',38,34,29,27,0,75,'偏東風','2','2','晴時多雲','2020-09-02 06:00:00','2020-09-02 18:00:00'),('10014',34,30,29,27,0,76,'西南風','2','2','晴時多雲','2020-09-02 18:00:00','2020-09-03 06:00:00'),('10014',35,32,29,27,0,69,'東北風','3','2','晴時多雲','2020-09-03 06:00:00','2020-09-03 18:00:00'),('10014',36,32,33,30,40,71,'偏東風','3','2','多雲午後短暫雷陣雨','2020-09-03 12:00:00','2020-09-03 18:00:00'),('10014',32,29,29,26,20,83,'西北風','3','2','陰時多雲','2020-09-03 18:00:00','2020-09-04 06:00:00'),('10014',35,32,29,26,40,75,'西南風','5','3','多雲午後短暫雷陣雨','2020-09-04 06:00:00','2020-09-04 18:00:00'),('10014',31,29,29,26,20,78,'偏北風','4','3','晴時多雲','2020-09-04 18:00:00','2020-09-05 06:00:00'),('10014',35,32,28,26,20,73,'西北風','4','3','晴時多雲','2020-09-05 06:00:00','2020-09-05 18:00:00'),('10014',31,29,28,26,10,64,'偏西風','2','2','多雲時晴','2020-09-05 18:00:00','2020-09-06 06:00:00'),('10014',33,31,28,26,0,70,'西南風','4','3','多雲午後短暫雷陣雨','2020-09-06 06:00:00','2020-09-06 18:00:00'),('10014',31,28,28,26,0,82,'偏北風','2','2','陰短暫陣雨','2020-09-06 18:00:00','2020-09-07 06:00:00'),('10014',35,31,28,26,0,77,'偏北風','2','2','多雲','2020-09-07 06:00:00','2020-09-07 18:00:00'),('10014',33,29,29,26,0,82,'西北風','2','2','多雲','2020-09-07 18:00:00','2020-09-08 06:00:00'),('10014',36,32,29,26,0,74,'偏南風','2','2','多雲短暫陣雨','2020-09-08 06:00:00','2020-09-08 18:00:00'),('10014',32,29,29,26,0,83,'西南風','2','2','多雲時陰','2020-09-08 18:00:00','2020-09-09 06:00:00'),('10014',36,32,29,26,0,76,'西南風','3','2','陰短暫陣雨','2020-09-09 06:00:00','2020-09-09 18:00:00'),('10014',32,29,29,26,0,81,'偏北風','3','2','多雲時陰短暫陣雨','2020-09-09 18:00:00','2020-09-10 06:00:00'),('10015',37,33,30,26,20,70,'西北風','2','2','多雲時陰','2020-08-27 06:00:00','2020-08-27 18:00:00'),('10015',34,30,29,26,10,78,'西北風','2','2','多雲','2020-08-27 18:00:00','2020-08-28 06:00:00'),('10015',37,33,29,25,20,72,'偏北風','1','<= 1','多雲','2020-08-28 06:00:00','2020-08-28 18:00:00'),('10015',34,30,29,26,10,80,'偏西風','2','2','多雲','2020-08-28 18:00:00','2020-08-29 06:00:00'),('10015',38,33,28,26,50,72,'偏東風','2','2','多雲午後短暫雷陣雨','2020-08-29 06:00:00','2020-08-29 18:00:00'),('10015',35,30,29,26,20,83,'東北風','2','2','晴時多雲','2020-08-29 18:00:00','2020-08-30 06:00:00'),('10015',36,33,29,26,30,72,'東北風','3','2','多雲短暫陣雨','2020-08-30 06:00:00','2020-08-30 18:00:00'),('10015',34,30,28,26,30,81,'偏北風','3','2','多雲短暫陣雨','2020-08-30 18:00:00','2020-08-31 06:00:00'),('10015',38,33,28,26,0,68,'西南風','4','3','多雲短暫陣雨','2020-08-31 06:00:00','2020-08-31 18:00:00'),('10015',35,30,29,26,0,80,'偏西風','2','2','多雲','2020-08-31 18:00:00','2020-09-01 06:00:00'),('10015',38,33,29,26,0,71,'偏西風','1','<= 1','多雲','2020-09-01 06:00:00','2020-09-01 18:00:00'),('10015',34,30,29,26,0,80,'偏西風','2','2','晴時多雲','2020-09-01 18:00:00','2020-09-02 06:00:00'),('10015',39,34,28,26,0,68,'偏西風','2','2','晴時多雲','2020-09-02 06:00:00','2020-09-02 18:00:00'),('10015',35,31,29,27,0,77,'偏北風','2','2','晴時多雲','2020-09-02 18:00:00','2020-09-03 06:00:00'),('10015',37,33,28,27,0,63,'東北風','3','2','多雲時晴','2020-09-03 06:00:00','2020-09-03 18:00:00'),('10015',39,34,36,32,40,72,'西南風','3','2','多雲午後短暫雷陣雨','2020-09-03 12:00:00','2020-09-03 18:00:00'),('10015',35,31,28,26,10,82,'偏西風','4','3','多雲時晴','2020-09-03 18:00:00','2020-09-04 06:00:00'),('10015',36,33,28,26,20,72,'偏西風','5','3','多雲時晴','2020-09-04 06:00:00','2020-09-04 18:00:00'),('10015',33,30,28,26,20,85,'東北風','4','3','多雲','2020-09-04 18:00:00','2020-09-05 06:00:00'),('10015',35,32,28,26,20,72,'東北風','5','3','多雲時晴','2020-09-05 06:00:00','2020-09-05 18:00:00'),('10015',33,29,27,25,0,77,'偏西風','2','2','多雲','2020-09-05 18:00:00','2020-09-06 06:00:00'),('10015',35,32,27,25,0,63,'西南風','4','3','多雲時晴','2020-09-06 06:00:00','2020-09-06 18:00:00'),('10015',32,29,27,25,0,80,'偏西風','2','2','多雲','2020-09-06 18:00:00','2020-09-07 06:00:00'),('10015',36,32,27,24,0,71,'偏西風','2','2','陰天','2020-09-07 06:00:00','2020-09-07 18:00:00'),('10015',33,29,29,26,0,80,'偏西風','2','2','多雲短暫陣雨','2020-09-07 18:00:00','2020-09-08 06:00:00'),('10015',37,32,28,26,0,71,'西南風','2','2','多雲短暫陣雨','2020-09-08 06:00:00','2020-09-08 18:00:00'),('10015',33,30,28,26,0,79,'西北風','2','2','多雲短暫陣雨','2020-09-08 18:00:00','2020-09-09 06:00:00'),('10015',39,32,28,26,0,82,'偏西風','2','2','陰短暫陣雨','2020-09-09 06:00:00','2020-09-09 18:00:00'),('10015',34,30,29,26,0,82,'西南風','2','2','陰短暫陣雨','2020-09-09 18:00:00','2020-09-10 06:00:00'),('10016',30,30,26,26,80,84,'偏南風','>= 11','>= 6','陰短暫陣雨或雷雨','2020-08-27 06:00:00','2020-08-27 18:00:00'),('10016',28,28,25,26,80,95,'偏南風','10','5','陰短暫陣雨','2020-08-27 18:00:00','2020-08-28 06:00:00'),('10016',34,31,25,26,80,81,'偏南風','10','5','多雲時陰短暫陣雨','2020-08-28 06:00:00','2020-08-28 18:00:00'),('10016',30,29,28,27,20,93,'偏南風','6','4','多雲','2020-08-28 18:00:00','2020-08-29 06:00:00'),('10016',36,32,30,27,10,82,'偏南風','4','3','多雲','2020-08-29 06:00:00','2020-08-29 18:00:00'),('10016',33,29,31,27,10,94,'西南風','3','2','多雲時晴','2020-08-29 18:00:00','2020-08-30 06:00:00'),('10016',36,32,32,27,10,80,'偏北風','3','2','多雲時晴','2020-08-30 06:00:00','2020-08-30 18:00:00'),('10016',33,29,28,27,50,93,'東北風','6','4','多雲短暫陣雨','2020-08-30 18:00:00','2020-08-31 06:00:00'),('10016',35,32,28,27,0,81,'東北風','8','5','多雲短暫陣雨','2020-08-31 06:00:00','2020-08-31 18:00:00'),('10016',32,29,30,27,0,93,'偏北風','5','3','多雲短暫陣雨','2020-08-31 18:00:00','2020-09-01 06:00:00'),('10016',36,32,30,27,0,82,'西南風','4','3','多雲短暫陣雨','2020-09-01 06:00:00','2020-09-01 18:00:00'),('10016',32,29,30,27,0,94,'西南風','5','3','多雲短暫陣雨','2020-09-01 18:00:00','2020-09-02 06:00:00'),('10016',35,32,30,27,0,82,'偏南風','4','3','多雲時陰短暫陣雨','2020-09-02 06:00:00','2020-09-02 18:00:00'),('10016',31,29,30,27,0,94,'西南風','5','3','多雲短暫陣雨','2020-09-02 18:00:00','2020-09-03 06:00:00'),('10016',36,32,30,27,0,80,'西南風','4','3','多雲短暫陣雨','2020-09-03 06:00:00','2020-09-03 18:00:00'),('10016',34,31,32,29,40,79,'偏南風','5','3','多雲短暫陣雨或雷雨','2020-09-03 12:00:00','2020-09-03 18:00:00'),('10016',32,28,27,27,60,94,'東北風','8','5','多雲短暫陣雨或雷雨','2020-09-03 18:00:00','2020-09-04 06:00:00'),('10016',31,32,27,27,20,77,'東北風','9','5','晴時多雲','2020-09-04 06:00:00','2020-09-04 18:00:00'),('10016',29,29,27,27,40,92,'東北風','9','5','多雲短暫陣雨','2020-09-04 18:00:00','2020-09-05 06:00:00'),('10016',30,32,27,27,0,76,'偏北風','>= 11','>= 6','晴時多雲','2020-09-05 06:00:00','2020-09-05 18:00:00'),('10016',28,29,26,27,0,88,'東北風','9','5','晴時多雲','2020-09-05 18:00:00','2020-09-06 06:00:00'),('10016',30,32,26,27,0,64,'偏北風','9','5','晴時多雲','2020-09-06 06:00:00','2020-09-06 18:00:00'),('10016',29,28,27,27,0,82,'西北風','7','4','晴時多雲','2020-09-06 18:00:00','2020-09-07 06:00:00'),('10016',34,32,28,27,0,62,'偏北風','4','3','多雲時晴','2020-09-07 06:00:00','2020-09-07 18:00:00'),('10016',31,29,29,27,0,81,'偏南風','5','3','多雲短暫陣雨','2020-09-07 18:00:00','2020-09-08 06:00:00'),('10016',35,32,29,27,0,84,'偏南風','5','3','多雲短暫陣雨','2020-09-08 06:00:00','2020-09-08 18:00:00'),('10016',31,28,28,27,0,94,'偏南風','5','3','陰短暫陣雨','2020-09-08 18:00:00','2020-09-09 06:00:00'),('10016',35,32,28,27,0,82,'西南風','5','3','陰短暫陣雨','2020-09-09 06:00:00','2020-09-09 18:00:00'),('10016',31,28,28,26,0,94,'西南風','5','3','陰短暫陣雨','2020-09-09 18:00:00','2020-09-10 06:00:00'),('10017',37,33,29,26,50,69,'東南風','2','2','多雲短暫陣雨','2020-08-27 06:00:00','2020-08-27 18:00:00'),('10017',34,30,30,26,10,86,'偏東風','2','2','多雲','2020-08-27 18:00:00','2020-08-28 06:00:00'),('10017',37,33,29,26,40,75,'偏北風','2','2','多雲午後短暫雷陣雨','2020-08-28 06:00:00','2020-08-28 18:00:00'),('10017',34,30,30,26,20,84,'偏南風','2','2','多雲','2020-08-28 18:00:00','2020-08-29 06:00:00'),('10017',38,33,30,26,20,77,'東南風','2','2','多雲','2020-08-29 06:00:00','2020-08-29 18:00:00'),('10017',35,30,29,26,20,85,'東南風','4','3','晴時多雲','2020-08-29 18:00:00','2020-08-30 06:00:00'),('10017',38,33,29,26,20,83,'偏東風','4','3','晴時多雲','2020-08-30 06:00:00','2020-08-30 18:00:00'),('10017',33,30,29,27,80,88,'東北風','4','3','多雲短暫陣雨','2020-08-30 18:00:00','2020-08-31 06:00:00'),('10017',36,32,29,27,0,87,'西北風','4','3','多雲短暫陣雨','2020-08-31 06:00:00','2020-08-31 18:00:00'),('10017',33,30,28,26,0,88,'偏西風','5','3','陰短暫陣雨','2020-08-31 18:00:00','2020-09-01 06:00:00'),('10017',37,34,28,26,0,82,'偏西風','7','4','多雲','2020-09-01 06:00:00','2020-09-01 18:00:00'),('10017',32,31,27,27,0,63,'西南風','5','3','多雲時晴','2020-09-01 18:00:00','2020-09-02 06:00:00'),('10017',37,35,27,27,0,60,'西南風','6','4','多雲','2020-09-02 06:00:00','2020-09-02 18:00:00'),('10017',34,31,30,27,0,81,'偏南風','3','2','晴時多雲','2020-09-02 18:00:00','2020-09-03 06:00:00'),('10017',37,34,30,27,0,71,'偏北風','4','3','多雲','2020-09-03 06:00:00','2020-09-03 18:00:00'),('10017',31,31,30,29,80,78,'西北風','7','4','多雲短暫陣雨或雷雨','2020-09-03 12:00:00','2020-09-03 18:00:00'),('10017',30,28,28,26,60,85,'東北風','4','3','多雲短暫陣雨或雷雨','2020-09-03 18:00:00','2020-09-04 06:00:00'),('10017',32,30,28,26,80,75,'東北風','5','3','多雲短暫陣雨或雷雨','2020-09-04 06:00:00','2020-09-04 18:00:00'),('10017',30,28,28,26,50,84,'東北風','5','3','多雲短暫陣雨或雷雨','2020-09-04 18:00:00','2020-09-05 06:00:00'),('10017',30,30,28,26,20,66,'偏北風','8','5','多雲','2020-09-05 06:00:00','2020-09-05 18:00:00'),('10017',28,28,26,26,20,67,'偏北風','5','3','多雲時晴','2020-09-05 18:00:00','2020-09-06 06:00:00'),('10017',30,30,26,26,0,60,'西北風','9','5','晴時多雲','2020-09-06 06:00:00','2020-09-06 18:00:00'),('10017',27,28,25,26,0,59,'西南風','5','3','晴時多雲','2020-09-06 18:00:00','2020-09-07 06:00:00'),('10017',33,32,25,26,0,52,'東南風','4','3','多雲時晴','2020-09-07 06:00:00','2020-09-07 18:00:00'),('10017',30,29,27,26,0,63,'偏南風','4','3','多雲時晴','2020-09-07 18:00:00','2020-09-08 06:00:00'),('10017',34,32,27,26,0,68,'東南風','4','3','多雲午後短暫雷陣雨','2020-09-08 06:00:00','2020-09-08 18:00:00'),('10017',32,29,28,27,0,82,'西南風','4','3','多雲','2020-09-08 18:00:00','2020-09-09 06:00:00'),('10017',35,31,28,27,0,80,'偏東風','3','2','多雲午後短暫雷陣雨','2020-09-09 06:00:00','2020-09-09 18:00:00'),('10017',32,29,28,26,0,88,'西南風','3','2','陰天','2020-09-09 18:00:00','2020-09-10 06:00:00'),('10018',36,33,27,28,30,66,'西南風','7','4','多雲短暫陣雨','2020-08-27 06:00:00','2020-08-27 18:00:00'),('10018',33,31,28,26,20,79,'東南風','3','2','多雲','2020-08-27 18:00:00','2020-08-28 06:00:00'),('10018',35,33,28,25,30,70,'西南風','7','4','多雲午後短暫雷陣雨','2020-08-28 06:00:00','2020-08-28 18:00:00'),('10018',33,31,30,26,10,82,'西南風','2','2','多雲','2020-08-28 18:00:00','2020-08-29 06:00:00'),('10018',39,33,29,26,40,72,'偏西風','3','2','多雲午後短暫雷陣雨','2020-08-29 06:00:00','2020-08-29 18:00:00'),('10018',35,31,30,27,20,85,'西南風','3','2','晴時多雲','2020-08-29 18:00:00','2020-08-30 06:00:00'),('10018',37,34,29,26,10,70,'東北風','6','4','晴時多雲','2020-08-30 06:00:00','2020-08-30 18:00:00'),('10018',32,31,29,26,10,81,'東北風','6','4','晴時多雲','2020-08-30 18:00:00','2020-08-31 06:00:00'),('10018',36,33,29,26,0,71,'東北風','4','3','晴時多雲','2020-08-31 06:00:00','2020-08-31 18:00:00'),('10018',33,30,29,26,0,90,'偏西風','2','2','多雲時陰','2020-08-31 18:00:00','2020-09-01 06:00:00'),('10018',35,33,28,26,0,77,'西南風','7','4','多雲','2020-09-01 06:00:00','2020-09-01 18:00:00'),('10018',31,31,26,28,0,70,'西南風','7','4','多雲','2020-09-01 18:00:00','2020-09-02 06:00:00'),('10018',34,34,26,27,0,66,'西南風','8','5','晴時多雲','2020-09-02 06:00:00','2020-09-02 18:00:00'),('10018',33,31,30,27,0,81,'偏南風','4','3','晴時多雲','2020-09-02 18:00:00','2020-09-03 06:00:00'),('10018',37,33,29,26,0,71,'偏西風','2','2','晴時多雲','2020-09-03 06:00:00','2020-09-03 18:00:00'),('10018',34,32,32,30,40,71,'偏西風','6','4','多雲短暫陣雨或雷雨','2020-09-03 12:00:00','2020-09-03 18:00:00'),('10018',31,29,27,26,20,89,'東北風','6','4','多雲時晴','2020-09-03 18:00:00','2020-09-04 06:00:00'),('10018',34,33,27,26,20,68,'東北風','8','5','晴時多雲','2020-09-04 06:00:00','2020-09-04 18:00:00'),('10018',30,31,27,26,20,80,'東北風','7','4','晴時多雲','2020-09-04 18:00:00','2020-09-05 06:00:00'),('10018',31,33,26,26,10,62,'東北風','8','5','多雲時晴','2020-09-05 06:00:00','2020-09-05 18:00:00'),('10018',29,30,27,26,0,67,'東北風','6','4','晴時多雲','2020-09-05 18:00:00','2020-09-06 06:00:00'),('10018',32,33,27,26,0,47,'東北風','7','4','晴時多雲','2020-09-06 06:00:00','2020-09-06 18:00:00'),('10018',29,30,25,26,0,42,'偏東風','4','3','晴時多雲','2020-09-06 18:00:00','2020-09-07 06:00:00'),('10018',34,33,25,26,0,39,'東北風','3','2','多雲','2020-09-07 06:00:00','2020-09-07 18:00:00'),('10018',33,31,28,26,0,64,'偏東風','2','2','晴時多雲','2020-09-07 18:00:00','2020-09-08 06:00:00'),('10018',36,33,28,26,0,61,'西北風','3','2','多雲','2020-09-08 06:00:00','2020-09-08 18:00:00'),('10018',34,31,30,27,0,78,'偏南風','3','2','多雲時陰短暫陣雨','2020-09-08 18:00:00','2020-09-09 06:00:00'),('10018',37,32,29,27,0,74,'西南風','3','2','陰短暫陣雨','2020-09-09 06:00:00','2020-09-09 18:00:00'),('10018',34,30,29,27,0,80,'西南風','3','2','陰短暫陣雨','2020-09-09 18:00:00','2020-09-10 06:00:00'),('10020',32,32,27,26,80,74,'偏南風','6','4','多雲短暫陣雨或雷雨','2020-08-27 06:00:00','2020-08-27 18:00:00'),('10020',30,28,26,25,50,83,'偏南風','5','3','多雲時陰短暫陣雨或雷雨','2020-08-27 18:00:00','2020-08-28 06:00:00'),('10020',35,32,24,24,80,82,'偏南風','5','3','多雲短暫陣雨或雷雨','2020-08-28 06:00:00','2020-08-28 18:00:00'),('10020',31,28,27,25,20,86,'偏南風','4','3','多雲','2020-08-28 18:00:00','2020-08-29 06:00:00'),('10020',39,34,27,25,70,79,'偏南風','3','2','多雲短暫陣雨','2020-08-29 06:00:00','2020-08-29 18:00:00'),('10020',34,29,29,25,10,90,'西南風','1','<= 1','多雲','2020-08-29 18:00:00','2020-08-30 06:00:00'),('10020',38,33,28,25,90,78,'偏北風','2','2','多雲午後短暫雷陣雨','2020-08-30 06:00:00','2020-08-30 18:00:00'),('10020',33,28,28,25,30,90,'偏南風','2','2','多雲短暫陣雨','2020-08-30 18:00:00','2020-08-31 06:00:00'),('10020',38,33,28,25,0,77,'偏北風','3','2','多雲午後短暫雷陣雨','2020-08-31 06:00:00','2020-08-31 18:00:00'),('10020',32,28,27,25,0,88,'偏北風','2','2','多雲短暫陣雨','2020-08-31 18:00:00','2020-09-01 06:00:00'),('10020',38,33,27,24,0,74,'西南風','2','2','多雲短暫陣雨','2020-09-01 06:00:00','2020-09-01 18:00:00'),('10020',33,29,27,25,0,86,'偏南風','2','2','多雲短暫陣雨','2020-09-01 18:00:00','2020-09-02 06:00:00'),('10020',39,34,27,25,0,77,'偏南風','2','2','多雲短暫陣雨','2020-09-02 06:00:00','2020-09-02 18:00:00'),('10020',33,29,28,25,0,86,'偏南風','1','<= 1','多雲短暫陣雨','2020-09-02 18:00:00','2020-09-03 06:00:00'),('10020',39,33,27,25,0,75,'西南風','1','<= 1','多雲短暫陣雨','2020-09-03 06:00:00','2020-09-03 18:00:00'),('10020',35,32,33,29,60,71,'西南風','4','3','多雲時陰短暫陣雨或雷雨','2020-09-03 12:00:00','2020-09-03 18:00:00'),('10020',32,28,28,25,40,90,'偏北風','2','2','多雲短暫陣雨或雷雨','2020-09-03 18:00:00','2020-09-04 06:00:00'),('10020',37,34,28,25,70,74,'偏北風','4','3','多雲短暫陣雨或雷雨','2020-09-04 06:00:00','2020-09-04 18:00:00'),('10020',33,29,28,25,20,88,'偏南風','4','3','晴時多雲','2020-09-04 18:00:00','2020-09-05 06:00:00'),('10020',37,34,28,25,10,70,'偏南風','4','3','晴時多雲','2020-09-05 06:00:00','2020-09-05 18:00:00'),('10020',32,29,28,25,0,88,'偏西風','2','2','晴時多雲','2020-09-05 18:00:00','2020-09-06 06:00:00'),('10020',36,34,27,25,0,63,'偏北風','7','4','晴時多雲','2020-09-06 06:00:00','2020-09-06 18:00:00'),('10020',29,29,26,24,0,75,'偏南風','3','2','晴時多雲','2020-09-06 18:00:00','2020-09-07 06:00:00'),('10020',36,34,25,24,0,52,'偏南風','2','2','多雲時晴','2020-09-07 06:00:00','2020-09-07 18:00:00'),('10020',33,29,27,25,0,82,'偏南風','1','<= 1','多雲','2020-09-07 18:00:00','2020-09-08 06:00:00'),('10020',37,33,26,25,0,67,'西南風','2','2','多雲短暫陣雨','2020-09-08 06:00:00','2020-09-08 18:00:00'),('10020',34,29,28,25,0,87,'西南風','1','<= 1','陰短暫陣雨','2020-09-08 18:00:00','2020-09-09 06:00:00'),('10020',38,33,28,25,0,74,'東南風','1','<= 1','多雲時陰短暫陣雨','2020-09-09 06:00:00','2020-09-09 18:00:00'),('10020',33,29,28,25,0,89,'偏南風','2','2','多雲短暫陣雨','2020-09-09 18:00:00','2020-09-10 06:00:00'),('63',38,34,30,27,90,64,'西北風','2','2','多雲時陰短暫陣雨','2020-08-27 06:00:00','2020-08-27 18:00:00'),('63',35,30,30,26,20,80,'偏東風','1','<= 1','多雲','2020-08-27 18:00:00','2020-08-28 06:00:00'),('63',40,34,28,25,70,73,'偏東風','2','2','多雲午後短暫雷陣雨','2020-08-28 06:00:00','2020-08-28 18:00:00'),('63',36,30,30,27,10,81,'偏西風','1','<= 1','多雲','2020-08-28 18:00:00','2020-08-29 06:00:00'),('63',38,34,30,26,40,73,'偏東風','2','2','多雲午後短暫雷陣雨','2020-08-29 06:00:00','2020-08-29 18:00:00'),('63',35,30,30,27,20,81,'偏東風','2','2','晴時多雲','2020-08-29 18:00:00','2020-08-30 06:00:00'),('63',38,34,30,27,20,68,'偏東風','3','2','晴時多雲','2020-08-30 06:00:00','2020-08-30 18:00:00'),('63',34,30,30,27,30,86,'偏東風','2','2','多雲短暫陣雨','2020-08-30 18:00:00','2020-08-31 06:00:00'),('63',38,33,30,26,0,82,'西北風','2','2','多雲短暫陣雨','2020-08-31 06:00:00','2020-08-31 18:00:00'),('63',35,30,28,27,0,83,'偏西風','5','3','陰短暫陣雨','2020-08-31 18:00:00','2020-09-01 06:00:00'),('63',39,34,28,27,0,82,'偏西風','4','3','陰天','2020-09-01 06:00:00','2020-09-01 18:00:00'),('63',34,31,29,27,0,64,'偏西風','2','2','多雲','2020-09-01 18:00:00','2020-09-02 06:00:00'),('63',39,36,29,27,0,62,'偏西風','3','2','多雲','2020-09-02 06:00:00','2020-09-02 18:00:00'),('63',35,31,30,27,0,75,'偏東風','2','2','晴時多雲','2020-09-02 18:00:00','2020-09-03 06:00:00'),('63',41,35,30,27,0,74,'東北風','2','2','多雲','2020-09-03 06:00:00','2020-09-03 18:00:00'),('63',33,31,32,29,40,75,'西北風','4','3','多雲時陰短暫陣雨或雷雨','2020-09-03 12:00:00','2020-09-03 18:00:00'),('63',31,28,29,26,40,84,'東南風','3','2','多雲短暫陣雨或雷雨','2020-09-03 18:00:00','2020-09-04 06:00:00'),('63',34,32,29,26,40,69,'東北風','5','3','多雲短暫陣雨或雷雨','2020-09-04 06:00:00','2020-09-04 18:00:00'),('63',31,29,29,26,40,82,'偏東風','4','3','多雲短暫陣雨','2020-09-04 18:00:00','2020-09-05 06:00:00'),('63',33,32,28,26,30,61,'東北風','5','3','多雲短暫陣雨','2020-09-05 06:00:00','2020-09-05 18:00:00'),('63',30,29,28,26,20,67,'西南風','3','2','晴時多雲','2020-09-05 18:00:00','2020-09-06 06:00:00'),('63',34,32,28,26,0,58,'西北風','6','4','晴時多雲','2020-09-06 06:00:00','2020-09-06 18:00:00'),('63',29,29,25,26,0,41,'偏南風','2','2','晴時多雲','2020-09-06 18:00:00','2020-09-07 06:00:00'),('63',37,34,25,26,0,47,'偏東風','2','2','多雲時晴','2020-09-07 06:00:00','2020-09-07 18:00:00'),('63',31,30,28,26,0,58,'東南風','2','2','晴時多雲','2020-09-07 18:00:00','2020-09-08 06:00:00'),('63',37,34,28,26,0,59,'東南風','2','2','多雲短暫陣雨','2020-09-08 06:00:00','2020-09-08 18:00:00'),('63',33,30,29,27,0,69,'西南風','2','2','多雲','2020-09-08 18:00:00','2020-09-09 06:00:00'),('63',36,32,29,27,0,68,'東南風','2','2','陰短暫陣雨','2020-09-09 06:00:00','2020-09-09 18:00:00'),('63',33,29,30,27,0,82,'西北風','2','2','陰短暫陣雨','2020-09-09 18:00:00','2020-09-10 06:00:00'),('64',34,30,29,26,90,88,'偏南風','4','3','陰陣雨或雷雨','2020-08-27 06:00:00','2020-08-27 18:00:00'),('64',33,28,29,27,70,92,'偏南風','4','3','陰陣雨或雷雨','2020-08-27 18:00:00','2020-08-28 06:00:00'),('64',34,30,27,26,90,91,'西南風','7','4','陰短暫陣雨或雷雨','2020-08-28 06:00:00','2020-08-28 18:00:00'),('64',33,28,30,27,40,90,'東南風','4','3','多雲短暫陣雨','2020-08-28 18:00:00','2020-08-29 06:00:00'),('64',37,32,32,27,20,85,'西南風','3','2','多雲','2020-08-29 06:00:00','2020-08-29 18:00:00'),('64',35,30,31,27,20,89,'偏南風','3','2','多雲','2020-08-29 18:00:00','2020-08-30 06:00:00'),('64',37,32,30,27,60,86,'東北風','2','2','多雲午後短暫雷陣雨','2020-08-30 06:00:00','2020-08-30 18:00:00'),('64',34,30,30,27,30,90,'西南風','2','2','多雲短暫陣雨','2020-08-30 18:00:00','2020-08-31 06:00:00'),('64',36,32,30,27,0,85,'東南風','3','2','多雲午後短暫雷陣雨','2020-08-31 06:00:00','2020-08-31 18:00:00'),('64',33,30,29,27,0,93,'西北風','5','3','多雲短暫陣雨','2020-08-31 18:00:00','2020-09-01 06:00:00'),('64',36,31,28,27,0,84,'西北風','5','3','多雲短暫陣雨','2020-09-01 06:00:00','2020-09-01 18:00:00'),('64',33,29,30,27,0,90,'西南風','3','2','多雲時陰短暫陣雨','2020-09-01 18:00:00','2020-09-02 06:00:00'),('64',37,32,30,27,0,88,'偏西風','3','2','多雲短暫陣雨','2020-09-02 06:00:00','2020-09-02 18:00:00'),('64',34,30,31,27,0,90,'西南風','2','2','多雲短暫陣雨','2020-09-02 18:00:00','2020-09-03 06:00:00'),('64',37,32,31,27,0,85,'偏西風','2','2','多雲短暫陣雨','2020-09-03 06:00:00','2020-09-03 18:00:00'),('64',37,33,35,31,40,78,'西南風','4','3','多雲短暫陣雨或雷雨','2020-09-03 12:00:00','2020-09-03 18:00:00'),('64',33,30,30,27,80,90,'偏東風','3','2','多雲短暫陣雨或雷雨','2020-09-03 18:00:00','2020-09-04 06:00:00'),('64',35,31,30,27,40,83,'偏西風','4','3','多雲短暫陣雨或雷雨','2020-09-04 06:00:00','2020-09-04 18:00:00'),('64',33,29,31,27,40,89,'西南風','2','2','多雲短暫陣雨','2020-09-04 18:00:00','2020-09-05 06:00:00'),('64',35,32,30,27,10,78,'偏西風','4','3','晴時多雲','2020-09-05 06:00:00','2020-09-05 18:00:00'),('64',32,29,29,27,30,79,'偏南風','4','3','多雲短暫陣雨','2020-09-05 18:00:00','2020-09-06 06:00:00'),('64',35,32,29,27,0,75,'東北風','9','5','晴時多雲','2020-09-06 06:00:00','2020-09-06 18:00:00'),('64',31,30,28,27,0,79,'偏北風','6','4','晴時多雲','2020-09-06 18:00:00','2020-09-07 06:00:00'),('64',35,32,29,26,0,66,'偏北風','3','2','晴時多雲','2020-09-07 06:00:00','2020-09-07 18:00:00'),('64',32,30,30,27,0,76,'東南風','2','2','多雲短暫陣雨','2020-09-07 18:00:00','2020-09-08 06:00:00'),('64',35,31,30,27,0,85,'偏南風','3','2','多雲短暫陣雨','2020-09-08 06:00:00','2020-09-08 18:00:00'),('64',33,29,30,27,0,90,'偏南風','3','2','陰短暫陣雨','2020-09-08 18:00:00','2020-09-09 06:00:00'),('64',36,31,30,27,0,87,'偏南風','3','2','陰短暫陣雨','2020-09-09 06:00:00','2020-09-09 18:00:00'),('64',33,29,30,27,0,91,'偏南風','2','2','陰短暫陣雨','2020-09-09 18:00:00','2020-09-10 06:00:00'),('65',39,34,31,27,80,66,'東北風','2','2','多雲時陰短暫陣雨','2020-08-27 06:00:00','2020-08-27 18:00:00'),('65',36,31,31,27,20,86,'東北風','1','<= 1','多雲時陰','2020-08-27 18:00:00','2020-08-28 06:00:00'),('65',41,34,29,26,70,74,'偏東風','2','2','多雲午後短暫雷陣雨','2020-08-28 06:00:00','2020-08-28 18:00:00'),('65',36,31,32,27,10,84,'偏西風','1','<= 1','多雲','2020-08-28 18:00:00','2020-08-29 06:00:00'),('65',40,34,31,27,40,73,'東北風','2','2','多雲午後短暫雷陣雨','2020-08-29 06:00:00','2020-08-29 18:00:00'),('65',36,31,32,28,20,87,'偏東風','2','2','晴時多雲','2020-08-29 18:00:00','2020-08-30 06:00:00'),('65',38,35,31,27,10,68,'偏東風','3','2','晴時多雲','2020-08-30 06:00:00','2020-08-30 18:00:00'),('65',35,31,32,27,30,89,'偏東風','2','2','多雲短暫陣雨','2020-08-30 18:00:00','2020-08-31 06:00:00'),('65',39,33,31,27,0,82,'東北風','2','2','多雲短暫陣雨','2020-08-31 06:00:00','2020-08-31 18:00:00'),('65',35,30,29,27,0,86,'偏西風','4','3','陰短暫陣雨','2020-08-31 18:00:00','2020-09-01 06:00:00'),('65',39,34,29,27,0,79,'偏西風','4','3','多雲','2020-09-01 06:00:00','2020-09-01 18:00:00'),('65',34,31,30,28,0,65,'西南風','2','2','多雲','2020-09-01 18:00:00','2020-09-02 06:00:00'),('65',39,36,30,28,0,61,'偏西風','3','2','多雲時晴','2020-09-02 06:00:00','2020-09-02 18:00:00'),('65',36,32,31,28,0,82,'東南風','2','2','晴時多雲','2020-09-02 18:00:00','2020-09-03 06:00:00'),('65',40,35,31,28,0,72,'東北風','2','2','多雲','2020-09-03 06:00:00','2020-09-03 18:00:00'),('65',34,31,32,29,40,80,'西北風','4','3','多雲時陰短暫陣雨或雷雨','2020-09-03 12:00:00','2020-09-03 18:00:00'),('65',31,29,29,27,30,88,'偏東風','4','3','多雲短暫陣雨或雷雨','2020-09-03 18:00:00','2020-09-04 06:00:00'),('65',35,33,29,26,20,68,'偏東風','6','4','晴時多雲','2020-09-04 06:00:00','2020-09-04 18:00:00'),('65',31,30,29,26,40,86,'偏東風','4','3','多雲短暫陣雨','2020-09-04 18:00:00','2020-09-05 06:00:00'),('65',34,33,29,26,30,60,'東北風','5','3','多雲短暫陣雨','2020-09-05 06:00:00','2020-09-05 18:00:00'),('65',31,29,29,26,10,72,'偏南風','2','2','晴時多雲','2020-09-05 18:00:00','2020-09-06 06:00:00'),('65',34,33,28,26,0,57,'西北風','5','3','晴時多雲','2020-09-06 06:00:00','2020-09-06 18:00:00'),('65',31,30,26,26,0,52,'偏南風','3','2','晴時多雲','2020-09-06 18:00:00','2020-09-07 06:00:00'),('65',37,34,26,26,0,50,'偏東風','2','2','多雲','2020-09-07 06:00:00','2020-09-07 18:00:00'),('65',32,30,29,27,0,67,'東南風','2','2','晴時多雲','2020-09-07 18:00:00','2020-09-08 06:00:00'),('65',37,34,28,26,0,57,'偏東風','2','2','多雲短暫陣雨','2020-09-08 06:00:00','2020-09-08 18:00:00'),('65',34,31,30,27,0,75,'西南風','2','2','多雲','2020-09-08 18:00:00','2020-09-09 06:00:00'),('65',36,33,30,27,0,67,'偏東風','2','2','陰短暫陣雨','2020-09-09 06:00:00','2020-09-09 18:00:00'),('65',33,30,31,27,0,86,'偏西風','2','2','陰短暫陣雨','2020-09-09 18:00:00','2020-09-10 06:00:00'),('66',34,33,29,26,60,72,'偏南風','5','3','多雲時陰短暫陣雨或雷雨','2020-08-27 06:00:00','2020-08-27 18:00:00'),('66',33,30,28,26,30,74,'偏南風','3','2','多雲短暫陣雨或雷雨','2020-08-27 18:00:00','2020-08-28 06:00:00'),('66',37,33,27,25,30,74,'偏南風','6','4','多雲短暫陣雨','2020-08-28 06:00:00','2020-08-28 18:00:00'),('66',34,30,30,27,10,81,'偏南風','2','2','多雲','2020-08-28 18:00:00','2020-08-29 06:00:00'),('66',39,34,30,26,40,72,'西南風','2','2','多雲短暫陣雨','2020-08-29 06:00:00','2020-08-29 18:00:00'),('66',36,31,31,27,30,85,'東南風','1','<= 1','多雲短暫陣雨','2020-08-29 18:00:00','2020-08-30 06:00:00'),('66',38,33,31,27,20,76,'西北風','2','2','多雲','2020-08-30 06:00:00','2020-08-30 18:00:00'),('66',34,30,30,26,20,80,'東南風','2','2','多雲','2020-08-30 18:00:00','2020-08-31 06:00:00'),('66',37,33,30,26,0,69,'偏北風','2','2','晴午後短暫雷陣雨','2020-08-31 06:00:00','2020-08-31 18:00:00'),('66',34,31,30,26,0,74,'東北風','2','2','多雲時晴','2020-08-31 18:00:00','2020-09-01 06:00:00'),('66',38,33,30,26,0,71,'西南風','2','2','多雲短暫陣雨','2020-09-01 06:00:00','2020-09-01 18:00:00'),('66',35,31,28,27,0,64,'偏南風','3','2','多雲','2020-09-01 18:00:00','2020-09-02 06:00:00'),('66',40,33,28,27,0,81,'偏南風','3','2','多雲短暫陣雨','2020-09-02 06:00:00','2020-09-02 18:00:00'),('66',35,31,30,27,0,79,'偏南風','2','2','多雲短暫陣雨','2020-09-02 18:00:00','2020-09-03 06:00:00'),('66',38,33,30,27,0,69,'西南風','2','2','多雲短暫陣雨','2020-09-03 06:00:00','2020-09-03 18:00:00'),('66',36,33,35,31,40,69,'偏西風','3','2','多雲時陰短暫陣雨或雷雨','2020-09-03 12:00:00','2020-09-03 18:00:00'),('66',34,30,30,27,40,80,'偏東風','2','2','多雲短暫陣雨或雷雨','2020-09-03 18:00:00','2020-09-04 06:00:00'),('66',36,34,30,27,40,69,'偏北風','5','3','多雲短暫陣雨或雷雨','2020-09-04 06:00:00','2020-09-04 18:00:00'),('66',33,31,30,27,20,81,'東南風','4','3','晴時多雲','2020-09-04 18:00:00','2020-09-05 06:00:00'),('66',34,33,29,27,10,61,'偏北風','5','3','晴時多雲','2020-09-05 06:00:00','2020-09-05 18:00:00'),('66',30,30,29,27,0,57,'東北風','3','2','晴時多雲','2020-09-05 18:00:00','2020-09-06 06:00:00'),('66',33,33,29,26,0,46,'偏北風','7','4','晴時多雲','2020-09-06 06:00:00','2020-09-06 18:00:00'),('66',29,30,27,26,0,48,'偏東風','3','2','晴時多雲','2020-09-06 18:00:00','2020-09-07 06:00:00'),('66',35,33,27,26,0,44,'西南風','1','<= 1','多雲','2020-09-07 06:00:00','2020-09-07 18:00:00'),('66',33,31,29,27,0,57,'東南風','1','<= 1','多雲','2020-09-07 18:00:00','2020-09-08 06:00:00'),('66',38,33,29,27,0,65,'西北風','1','<= 1','多雲短暫陣雨','2020-09-08 06:00:00','2020-09-08 18:00:00'),('66',35,31,30,27,0,80,'偏東風','0','<= 1','陰短暫陣雨','2020-09-08 18:00:00','2020-09-09 06:00:00'),('66',38,33,30,27,0,74,'東南風','1','<= 1','陰短暫陣雨','2020-09-09 06:00:00','2020-09-09 18:00:00'),('66',34,30,30,27,0,78,'偏南風','2','2','多雲時陰短暫陣雨','2020-09-09 18:00:00','2020-09-10 06:00:00'),('67',32,29,28,26,90,85,'偏南風','7','4','陰陣雨或雷雨','2020-08-27 06:00:00','2020-08-27 18:00:00'),('67',30,28,29,26,70,92,'偏南風','3','2','陰陣雨或雷雨','2020-08-27 18:00:00','2020-08-28 06:00:00'),('67',35,30,28,26,90,96,'偏南風','7','4','陰短暫陣雨或雷雨','2020-08-28 06:00:00','2020-08-28 18:00:00'),('67',32,28,29,27,40,91,'偏南風','5','3','多雲短暫陣雨','2020-08-28 18:00:00','2020-08-29 06:00:00'),('67',37,32,30,27,30,86,'西南風','5','3','多雲短暫陣雨','2020-08-29 06:00:00','2020-08-29 18:00:00'),('67',34,30,31,27,30,89,'偏南風','2','2','多雲短暫陣雨','2020-08-29 18:00:00','2020-08-30 06:00:00'),('67',37,32,31,27,20,90,'西北風','4','3','多雲時晴','2020-08-30 06:00:00','2020-08-30 18:00:00'),('67',35,30,30,27,30,89,'東南風','3','2','多雲短暫陣雨','2020-08-30 18:00:00','2020-08-31 06:00:00'),('67',36,32,30,27,0,79,'偏北風','4','3','多雲午後短暫雷陣雨','2020-08-31 06:00:00','2020-08-31 18:00:00'),('67',32,29,29,27,0,90,'偏北風','5','3','多雲短暫陣雨','2020-08-31 18:00:00','2020-09-01 06:00:00'),('67',38,31,29,27,0,91,'西南風','5','3','多雲短暫陣雨','2020-09-01 06:00:00','2020-09-01 18:00:00'),('67',34,29,30,27,0,91,'偏南風','3','2','多雲短暫陣雨','2020-09-01 18:00:00','2020-09-02 06:00:00'),('67',38,32,30,27,0,94,'西南風','4','3','多雲短暫陣雨','2020-09-02 06:00:00','2020-09-02 18:00:00'),('67',35,30,32,28,0,92,'偏南風','3','2','陰時多雲短暫陣雨','2020-09-02 18:00:00','2020-09-03 06:00:00'),('67',37,32,32,28,0,90,'偏西風','3','2','多雲短暫陣雨','2020-09-03 06:00:00','2020-09-03 18:00:00'),('67',36,32,34,30,40,85,'西南風','4','3','多雲短暫陣雨或雷雨','2020-09-03 12:00:00','2020-09-03 18:00:00'),('67',32,30,31,27,50,91,'偏東風','3','2','多雲短暫陣雨或雷雨','2020-09-03 18:00:00','2020-09-04 06:00:00'),('67',35,32,31,27,40,78,'西北風','4','3','多雲短暫陣雨或雷雨','2020-09-04 06:00:00','2020-09-04 18:00:00'),('67',33,30,31,27,20,90,'偏南風','3','2','晴時多雲','2020-09-04 18:00:00','2020-09-05 06:00:00'),('67',34,32,30,27,30,65,'偏西風','5','3','晴午後短暫雷陣雨','2020-09-05 06:00:00','2020-09-05 18:00:00'),('67',32,30,30,27,0,88,'偏東風','3','2','晴時多雲','2020-09-05 18:00:00','2020-09-06 06:00:00'),('67',33,32,30,26,0,67,'偏北風','9','5','晴時多雲','2020-09-06 06:00:00','2020-09-06 18:00:00'),('67',30,30,28,27,0,82,'偏北風','6','4','晴時多雲','2020-09-06 18:00:00','2020-09-07 06:00:00'),('67',36,32,29,26,0,75,'東北風','3','2','晴時多雲','2020-09-07 06:00:00','2020-09-07 18:00:00'),('67',33,30,29,27,0,81,'東南風','4','3','多雲短暫陣雨','2020-09-07 18:00:00','2020-09-08 06:00:00'),('67',36,31,29,27,0,85,'偏南風','4','3','多雲短暫陣雨','2020-09-08 06:00:00','2020-09-08 18:00:00'),('67',33,29,30,27,0,95,'東南風','4','3','陰短暫陣雨','2020-09-08 18:00:00','2020-09-09 06:00:00'),('67',36,31,30,27,0,89,'偏南風','4','3','陰短暫陣雨','2020-09-09 06:00:00','2020-09-09 18:00:00'),('67',34,29,30,27,0,93,'偏南風','3','2','陰短暫陣雨','2020-09-09 18:00:00','2020-09-10 06:00:00'),('68',39,35,30,27,70,66,'西南風','2','2','多雲時陰短暫陣雨或雷雨','2020-08-27 06:00:00','2020-08-27 18:00:00'),('68',36,31,30,26,20,84,'偏東風','1','<= 1','多雲','2020-08-27 18:00:00','2020-08-28 06:00:00'),('68',41,35,29,26,80,70,'東北風','2','2','多雲午後短暫雷陣雨','2020-08-28 06:00:00','2020-08-28 18:00:00'),('68',35,31,30,26,10,80,'西南風','1','<= 1','多雲','2020-08-28 18:00:00','2020-08-29 06:00:00'),('68',39,34,29,26,60,71,'東北風','2','2','多雲午後短暫雷陣雨','2020-08-29 06:00:00','2020-08-29 18:00:00'),('68',36,31,30,26,20,87,'偏東風','2','2','多雲時晴','2020-08-29 18:00:00','2020-08-30 06:00:00'),('68',38,35,29,26,10,64,'東北風','3','2','晴時多雲','2020-08-30 06:00:00','2020-08-30 18:00:00'),('68',34,31,30,26,20,84,'東北風','2','2','晴時多雲','2020-08-30 18:00:00','2020-08-31 06:00:00'),('68',38,33,30,26,0,82,'東北風','2','2','多雲','2020-08-31 06:00:00','2020-08-31 18:00:00'),('68',34,30,28,26,0,84,'西南風','3','2','陰天','2020-08-31 18:00:00','2020-09-01 06:00:00'),('68',37,34,28,26,0,78,'西南風','5','3','多雲','2020-09-01 06:00:00','2020-09-01 18:00:00'),('68',34,31,26,27,0,63,'西南風','5','3','多雲','2020-09-01 18:00:00','2020-09-02 06:00:00'),('68',40,36,26,27,0,61,'偏西風','6','4','晴時多雲','2020-09-02 06:00:00','2020-09-02 18:00:00'),('68',35,32,30,27,0,75,'西南風','2','2','晴時多雲','2020-09-02 18:00:00','2020-09-03 06:00:00'),('68',38,34,30,27,0,67,'偏北風','2','2','晴時多雲','2020-09-03 06:00:00','2020-09-03 18:00:00'),('68',34,31,32,30,40,79,'西北風','5','3','多雲時陰短暫陣雨或雷雨','2020-09-03 12:00:00','2020-09-03 18:00:00'),('68',31,29,28,26,20,86,'偏東風','5','3','多雲時晴','2020-09-03 18:00:00','2020-09-04 06:00:00'),('68',34,33,28,26,20,68,'東北風','6','4','多雲時晴','2020-09-04 06:00:00','2020-09-04 18:00:00'),('68',30,30,28,26,20,82,'偏東風','5','3','晴時多雲','2020-09-04 18:00:00','2020-09-05 06:00:00'),('68',33,33,28,26,20,61,'東北風','6','4','多雲','2020-09-05 06:00:00','2020-09-05 18:00:00'),('68',30,29,28,25,10,70,'偏東風','2','2','晴時多雲','2020-09-05 18:00:00','2020-09-06 06:00:00'),('68',34,33,28,25,0,55,'偏北風','5','3','晴時多雲','2020-09-06 06:00:00','2020-09-06 18:00:00'),('68',30,29,26,25,0,60,'偏南風','3','2','晴時多雲','2020-09-06 18:00:00','2020-09-07 06:00:00'),('68',36,34,25,25,0,44,'東北風','2','2','多雲','2020-09-07 06:00:00','2020-09-07 18:00:00'),('68',32,30,27,25,0,63,'東南風','2','2','晴時多雲','2020-09-07 18:00:00','2020-09-08 06:00:00'),('68',38,34,27,25,0,56,'偏東風','2','2','多雲短暫陣雨','2020-09-08 06:00:00','2020-09-08 18:00:00'),('68',33,30,29,26,0,72,'西南風','2','2','多雲時陰短暫陣雨','2020-09-08 18:00:00','2020-09-09 06:00:00'),('68',38,33,29,26,0,73,'偏南風','2','2','陰短暫陣雨','2020-09-09 06:00:00','2020-09-09 18:00:00'),('68',33,30,29,26,0,82,'偏南風','2','2','陰短暫陣雨','2020-09-09 18:00:00','2020-09-10 06:00:00');
/*!40000 ALTER TABLE `weathers` ENABLE KEYS */;
UNLOCK TABLES;
/*!40103 SET TIME_ZONE=@OLD_TIME_ZONE */;

/*!40101 SET SQL_MODE=@OLD_SQL_MODE */;
/*!40014 SET FOREIGN_KEY_CHECKS=@OLD_FOREIGN_KEY_CHECKS */;
/*!40014 SET UNIQUE_CHECKS=@OLD_UNIQUE_CHECKS */;
/*!40101 SET CHARACTER_SET_CLIENT=@OLD_CHARACTER_SET_CLIENT */;
/*!40101 SET CHARACTER_SET_RESULTS=@OLD_CHARACTER_SET_RESULTS */;
/*!40101 SET COLLATION_CONNECTION=@OLD_COLLATION_CONNECTION */;
/*!40111 SET SQL_NOTES=@OLD_SQL_NOTES */;

-- Dump completed on 2020-09-04 18:06:31
