-- MySQL dump 10.13  Distrib 5.7.26, for osx10.10 (x86_64)
--
-- Host: localhost    Database: RD1_Assignment
-- ------------------------------------------------------
-- Server version	5.7.26

/*!40101 SET @OLD_CHARACTER_SET_CLIENT=@@CHARACTER_SET_CLIENT */;
/*!40101 SET @OLD_CHARACTER_SET_RESULTS=@@CHARACTER_SET_RESULTS */;
/*!40101 SET @OLD_COLLATION_CONNECTION=@@COLLATION_CONNECTION */;
/*!40101 SET NAMES utf8 */;
/*!40103 SET @OLD_TIME_ZONE=@@TIME_ZONE */;
/*!40103 SET TIME_ZONE='+00:00' */;
/*!40014 SET @OLD_UNIQUE_CHECKS=@@UNIQUE_CHECKS, UNIQUE_CHECKS=0 */;
/*!40014 SET @OLD_FOREIGN_KEY_CHECKS=@@FOREIGN_KEY_CHECKS, FOREIGN_KEY_CHECKS=0 */;
/*!40101 SET @OLD_SQL_MODE=@@SQL_MODE, SQL_MODE='NO_AUTO_VALUE_ON_ZERO' */;
/*!40111 SET @OLD_SQL_NOTES=@@SQL_NOTES, SQL_NOTES=0 */;

--
-- Current Database: `RD1_Assignment`
--

CREATE DATABASE /*!32312 IF NOT EXISTS*/ `RD1_Assignment` /*!40100 DEFAULT CHARACTER SET utf8 */;

USE `RD1_Assignment`;

--
-- Table structure for table `cities`
--

DROP TABLE IF EXISTS `cities`;
/*!40101 SET @saved_cs_client     = @@character_set_client */;
/*!40101 SET character_set_client = utf8 */;
CREATE TABLE `cities` (
  `cityId` varchar(20) NOT NULL,
  `cityName` varchar(20) DEFAULT NULL,
  `cityPic` varchar(30) DEFAULT NULL,
  PRIMARY KEY (`cityId`)
) ENGINE=InnoDB DEFAULT CHARSET=utf8;
/*!40101 SET character_set_client = @saved_cs_client */;

--
-- Dumping data for table `cities`
--

LOCK TABLES `cities` WRITE;
/*!40000 ALTER TABLE `cities` DISABLE KEYS */;
INSERT INTO `cities` VALUES ('09007','連江縣','img/Lienchiang.jpg'),('09020','金門縣','img/Kinmen.jpg'),('10002','宜蘭縣','img/Yilan.jpg'),('10004','新竹縣','img/Hsinchu.jpg'),('10005','苗栗縣','img/Miaoli.jpg'),('10007','彰化縣','img/Changhua.jpg'),('10008','南投縣','img/Nantou.jpg'),('10009','雲林縣','img/Yunlin.jpg'),('10010','嘉義縣','img/Chiayi.jpg'),('10013','屏東縣','img/Pingtung.jpg'),('10014','臺東縣','img/Taitung.jpg'),('10015','花蓮縣','img/Hualien.jpg'),('10016','澎湖縣','img/Penghu.jpg'),('10017','基隆市','img/Keelung.jpg'),('10018','新竹市','img/HsinchuCity.JPG'),('10020','嘉義市','img/ChiayiCity.jpg'),('63','臺北市','img/Taipei.jpg'),('64','高雄市','img/Kaohsiung.jpg'),('65','新北市','img/NewTaipei.jpg'),('66','臺中市','img/Taichung.jpg'),('67','臺南市','img/Tainan.jpg'),('68','桃園市','img/Taoyuan.jpg');
/*!40000 ALTER TABLE `cities` ENABLE KEYS */;
UNLOCK TABLES;

--
-- Table structure for table `rain`
--

DROP TABLE IF EXISTS `rain`;
/*!40101 SET @saved_cs_client     = @@character_set_client */;
/*!40101 SET character_set_client = utf8 */;
CREATE TABLE `rain` (
  `cityId` varchar(20) NOT NULL,
  `locationName` varchar(20) NOT NULL,
  `rain` varchar(20) DEFAULT NULL,
  `hour_3` varchar(20) DEFAULT NULL,
  `hour_6` varchar(20) DEFAULT NULL,
  `hour_12` varchar(20) DEFAULT NULL,
  `hour_24` varchar(20) DEFAULT NULL,
  `now` varchar(20) DEFAULT NULL,
  `obsTime` datetime NOT NULL,
  PRIMARY KEY (`cityId`,`locationName`,`obsTime`)
) ENGINE=InnoDB DEFAULT CHARSET=utf8;
/*!40101 SET character_set_client = @saved_cs_client */;

--
-- Dumping data for table `rain`
--

LOCK TABLES `rain` WRITE;
/*!40000 ALTER TABLE `rain` DISABLE KEYS */;
INSERT INTO `rain` VALUES ('09007','東莒','-998.00','-998.00','-998.00','0.00','0.00','0.00','2020-09-08 12:00:00'),('09007','馬祖','-998.00','-998.00','-998.00','0.00','0.00','0.00','2020-09-08 12:00:00'),('09020','九宮碼頭','-998.00','-998.00','-998.00','0.00','60.50','0.00','2020-09-08 12:00:00'),('09020','金寧','-998.00','-998.00','-998.00','0.50','29.50','0.50','2020-09-08 12:00:00'),('09020','金沙','-998.00','-998.00','-998.00','0.50','18.00','0.50','2020-09-08 12:00:00'),('09020','金門','-998.00','-998.00','-998.00','1.00','36.50','1.00','2020-09-08 12:00:00'),('09020','金門(東)','-998.00','-998.00','-998.00','0.50','10.50','0.50','2020-09-08 12:00:00'),('10002','三星','-998.00','-998.00','-998.00','0.00','0.00','0.00','2020-09-08 12:00:00'),('10002','五峰','-998.00','-998.00','-998.00','0.00','0.00','0.00','2020-09-08 12:00:00'),('10002','五結','-998.00','-998.00','-998.00','0.00','0.00','0.00','2020-09-08 12:00:00'),('10002','內城','-998.00','-998.00','-998.00','0.00','0.00','0.00','2020-09-08 12:00:00'),('10002','冬山','-998.00','-998.00','-998.00','0.00','0.00','0.00','2020-09-08 12:00:00'),('10002','北關','-998.00','-998.00','-998.00','0.00','0.00','0.00','2020-09-08 12:00:00'),('10002','南山','-998.00','-998.00','-998.00','0.00','0.00','0.00','2020-09-08 12:00:00'),('10002','南澳','-998.00','-998.00','-998.00','0.00','0.00','0.00','2020-09-08 12:00:00'),('10002','員山','-998.00','-998.00','-998.00','0.00','0.00','0.00','2020-09-08 12:00:00'),('10002','四季','-998.00','-998.00','-998.00','0.00','0.00','0.00','2020-09-08 12:00:00'),('10002','土場','-998.00','-998.00','-998.00','0.00','0.00','0.00','2020-09-08 12:00:00'),('10002','土場(1)','-998.00','-998.00','-998.00','0.00','0.00','0.00','2020-09-08 12:00:00'),('10002','坪林石牌','-998.00','-998.00','-998.00','0.00','0.00','0.00','2020-09-08 12:00:00'),('10002','多加屯','-998.00','-998.00','-998.00','0.00','0.00','0.00','2020-09-08 12:00:00'),('10002','大溪國小','-998.00','-998.00','-998.00','0.00','0.00','0.00','2020-09-08 12:00:00'),('10002','大濁水','-998.00','-998.00','-998.00','0.00','0.00','0.00','2020-09-08 12:00:00'),('10002','大礁溪','-998.00','-998.00','-998.00','0.00','0.00','0.00','2020-09-08 12:00:00'),('10002','大福','-998.00','-998.00','-998.00','0.00','0.00','0.00','2020-09-08 12:00:00'),('10002','大里國小','-998.00','-998.00','-998.00','0.00','0.00','0.00','2020-09-08 12:00:00'),('10002','太平山','-998.00','-998.00','-998.00','0.00','0.00','0.00','2020-09-08 12:00:00'),('10002','太平山(1)','-998.00','-998.00','-998.00','0.00','0.00','0.00','2020-09-08 12:00:00'),('10002','宜蘭','-998.00','-998.00','-998.00','0.00','0.00','0.00','2020-09-08 12:00:00'),('10002','宜蘭畜試','-998.00','-998.00','-998.00','0.00','0.00','0.00','2020-09-08 12:00:00'),('10002','寒溪','-998.00','-998.00','-998.00','0.00','0.00','0.00','2020-09-08 12:00:00'),('10002','思源','-998.00','-998.00','-998.00','0.00','0.00','0.00','2020-09-08 12:00:00'),('10002','新北城','-998.00','-998.00','-998.00','0.00','0.00','0.00','2020-09-08 12:00:00'),('10002','新寮','-998.00','-998.00','-998.00','0.00','0.00','0.00','2020-09-08 12:00:00'),('10002','新寮(1)','-998.00','-998.00','-998.00','0.00','0.00','0.00','2020-09-08 12:00:00'),('10002','東澳','-998.00','-998.00','-998.00','0.00','0.00','0.00','2020-09-08 12:00:00'),('10002','東澳嶺','-998.00','-998.00','-998.00','0.00','0.00','0.00','2020-09-08 12:00:00'),('10002','桃源谷','-998.00','-998.00','-998.00','0.00','0.00','0.00','2020-09-08 12:00:00'),('10002','梵梵(2)','-998.00','-998.00','-998.00','0.00','0.00','0.00','2020-09-08 12:00:00'),('10002','樂水分校','-998.00','-998.00','-998.00','0.00','0.00','0.00','2020-09-08 12:00:00'),('10002','樟林','-998.00','-998.00','-998.00','0.00','0.00','0.00','2020-09-08 12:00:00'),('10002','樟樹山','-998.00','-998.00','-998.00','0.00','0.00','0.00','2020-09-08 12:00:00'),('10002','武塔','-998.00','-998.00','-998.00','0.00','0.00','0.00','2020-09-08 12:00:00'),('10002','永樂國小','-998.00','-998.00','-998.00','0.00','0.00','0.00','2020-09-08 12:00:00'),('10002','池端','-998.00','-998.00','-998.00','0.00','0.00','0.00','2020-09-08 12:00:00'),('10002','清水','-998.00','-998.00','-998.00','0.00','0.00','0.00','2020-09-08 12:00:00'),('10002','烏石鼻','-998.00','-998.00','-998.00','0.00','0.00','0.00','2020-09-08 12:00:00'),('10002','牛鬥','-998.00','-998.00','-998.00','0.00','0.00','0.00','2020-09-08 12:00:00'),('10002','玉蘭','-998.00','-998.00','-998.00','0.00','0.00','0.00','2020-09-08 12:00:00'),('10002','留茂安','-998.00','-998.00','-998.00','0.00','0.00','0.00','2020-09-08 12:00:00'),('10002','白嶺','-998.00','-998.00','-998.00','0.00','0.00','0.00','2020-09-08 12:00:00'),('10002','礁溪','-998.00','-998.00','-998.00','0.00','0.00','0.00','2020-09-08 12:00:00'),('10002','羅東','-998.00','-998.00','-998.00','0.00','0.00','0.00','2020-09-08 12:00:00'),('10002','翠峰湖','-998.00','-998.00','-998.00','0.00','0.00','0.00','2020-09-08 12:00:00'),('10002','蘇澳','-998.00','-998.00','-998.00','0.00','0.00','0.00','2020-09-08 12:00:00'),('10002','蘭陽分場','-998.00','-998.00','-998.00','0.00','0.00','0.00','2020-09-08 12:00:00'),('10002','西帽山','-998.00','-998.00','-998.00','0.00','0.00','0.00','2020-09-08 12:00:00'),('10002','西德山','-998.00','-998.00','-998.00','0.00','0.00','0.00','2020-09-08 12:00:00'),('10002','觀音海岸','-998.00','-998.00','-998.00','0.00','0.00','0.00','2020-09-08 12:00:00'),('10002','金岳國小','-998.00','-998.00','-998.00','0.00','0.00','0.00','2020-09-08 12:00:00'),('10002','雙連埤','-998.00','-998.00','-998.00','0.00','0.00','0.00','2020-09-08 12:00:00'),('10002','頭城','-998.00','-998.00','-998.00','0.00','0.00','0.00','2020-09-08 12:00:00'),('10002','鴛鴦湖','-998.00','-998.00','-998.00','0.00','0.00','0.00','2020-09-08 12:00:00'),('10002','鶯子嶺','-998.00','-998.00','-998.00','0.00','0.50','0.00','2020-09-08 12:00:00'),('10002','龜山島','-998.00','-998.00','-998.00','0.00','0.00','0.00','2020-09-08 12:00:00'),('10004','五峰國小','-998.00','-998.00','-998.00','0.00','0.00','0.00','2020-09-08 12:00:00'),('10004','五峰站','-998.00','-998.00','-998.00','0.00','0.00','0.00','2020-09-08 12:00:00'),('10004','內灣國小','-998.00','-998.00','-998.00','0.00','0.00','0.00','2020-09-08 12:00:00'),('10004','外坪五指','-998.00','-998.00','-998.00','0.00','0.00','0.00','2020-09-08 12:00:00'),('10004','太閣南','-998.00','-998.00','-998.00','0.00','0.00','0.00','2020-09-08 12:00:00'),('10004','寶山','-998.00','-998.00','-998.00','0.00','0.00','0.00','2020-09-08 12:00:00'),('10004','尖石國小','-998.00','-998.00','-998.00','0.00','0.00','0.00','2020-09-08 12:00:00'),('10004','峨眉','-998.00','-998.00','-998.00','0.00','0.00','0.00','2020-09-08 12:00:00'),('10004','打鐵坑','-998.00','-998.00','-998.00','0.00','0.00','0.00','2020-09-08 12:00:00'),('10004','新城國小','-998.00','-998.00','-998.00','0.00','0.00','0.00','2020-09-08 12:00:00'),('10004','新埔','-998.00','-998.00','-998.00','0.00','0.00','0.00','2020-09-08 12:00:00'),('10004','新埔(1)','-998.00','-998.00','-998.00','0.00','0.00','0.00','2020-09-08 12:00:00'),('10004','新竹','-998.00','-998.00','-998.00','0.00','0.00','0.00','2020-09-08 12:00:00'),('10004','新豐','-998.00','-998.00','-998.00','0.00','0.00','0.00','2020-09-08 12:00:00'),('10004','梅花','-998.00','-998.00','-998.00','0.00','0.00','0.00','2020-09-08 12:00:00'),('10004','橫山','-998.00','-998.00','-998.00','0.00','0.00','0.00','2020-09-08 12:00:00'),('10004','清泉','-998.00','-998.00','-998.00','0.00','0.00','0.00','2020-09-08 12:00:00'),('10004','湖口','-998.00','-998.00','-998.00','0.00','0.00','0.00','2020-09-08 12:00:00'),('10004','玉峰','-998.00','-998.00','-998.00','0.00','0.00','0.00','2020-09-08 12:00:00'),('10004','田埔分校','-998.00','-998.00','-998.00','0.00','0.00','0.00','2020-09-08 12:00:00'),('10004','白石','-998.00','-998.00','-998.00','0.00','0.00','0.00','2020-09-08 12:00:00'),('10004','白蘭','-998.00','-998.00','-998.00','0.00','0.00','0.00','2020-09-08 12:00:00'),('10004','竹東','-998.00','-998.00','-998.00','0.00','0.00','0.00','2020-09-08 12:00:00'),('10004','花園派出所','-998.00','-998.00','-998.00','0.00','0.00','0.00','2020-09-08 12:00:00'),('10004','西丘斯山','-998.00','-998.00','-998.00','0.00','0.00','0.00','2020-09-08 12:00:00'),('10004','錦屏國小','-998.00','-998.00','-998.00','0.00','0.00','0.00','2020-09-08 12:00:00'),('10004','錦山派出所','-998.00','-998.00','-998.00','0.00','0.00','0.00','2020-09-08 12:00:00'),('10004','鎮西堡','-998.00','-998.00','-998.00','0.00','0.00','0.00','2020-09-08 12:00:00'),('10004','關西','-998.00','-998.00','-998.00','0.00','0.00','0.00','2020-09-08 12:00:00'),('10004','關西(3)','-998.00','-998.00','-998.00','0.00','0.00','0.00','2020-09-08 12:00:00'),('10004','雪霸','-998.00','-998.00','-998.00','0.00','0.00','0.00','2020-09-08 12:00:00'),('10004','飛鳳山','-998.00','-998.00','-998.00','0.00','0.00','0.00','2020-09-08 12:00:00'),('10004','鳥嘴山','-998.00','-998.00','-998.00','0.00','0.00','0.00','2020-09-08 12:00:00'),('10005','三義','-998.00','-998.00','-998.00','0.00','0.00','0.00','2020-09-08 12:00:00'),('10005','三義(2)','-998.00','-998.00','-998.00','0.00','0.00','0.00','2020-09-08 12:00:00'),('10005','八卦','-998.00','-998.00','-998.00','0.00','0.00','0.00','2020-09-08 12:00:00'),('10005','公館','-998.00','-998.00','-998.00','0.00','0.00','0.00','2020-09-08 12:00:00'),('10005','卓蘭','-998.00','-998.00','-998.00','0.00','0.00','0.00','2020-09-08 12:00:00'),('10005','南勢','-998.00','-998.00','-998.00','0.00','0.00','0.00','2020-09-08 12:00:00'),('10005','南勢山','-998.00','-998.00','-998.00','0.00','0.00','0.00','2020-09-08 12:00:00'),('10005','南庄','-998.00','-998.00','-998.00','0.00','0.00','0.00','2020-09-08 12:00:00'),('10005','南庄(1)','-998.00','-998.00','-998.00','0.00','0.00','0.00','2020-09-08 12:00:00'),('10005','南湖','-998.00','-998.00','-998.00','0.00','0.00','0.00','2020-09-08 12:00:00'),('10005','南礦','-998.00','-998.00','-998.00','0.00','0.00','0.00','2020-09-08 12:00:00'),('10005','和興','-998.00','-998.00','-998.00','0.00','0.00','0.00','2020-09-08 12:00:00'),('10005','國一N142K','-998.00','-998.00','-998.00','0.00','-999.00','0.00','2020-09-08 12:00:00'),('10005','國一S114K','-998.00','-998.00','-998.00','0.00','0.00','0.00','2020-09-08 12:00:00'),('10005','國一S123K','-998.00','-998.00','-998.00','0.00','0.00','0.00','2020-09-08 12:00:00'),('10005','國一S132K','-998.00','-998.00','-998.00','0.00','0.00','0.00','2020-09-08 12:00:00'),('10005','國一S152K','-998.00','-998.00','-998.00','0.00','0.00','0.00','2020-09-08 12:00:00'),('10005','國三N119K','-998.00','-998.00','-998.00','0.00','0.00','0.00','2020-09-08 12:00:00'),('10005','國三N151K','-998.00','-998.00','-998.00','0.00','0.00','0.00','2020-09-08 12:00:00'),('10005','國三S140K','-998.00','-998.00','-998.00','0.00','0.00','0.00','2020-09-08 12:00:00'),('10005','國三S156K','-998.00','-998.00','-998.00','0.00','0.00','0.00','2020-09-08 12:00:00'),('10005','大坪頂','-998.00','-998.00','-998.00','0.00','0.00','0.00','2020-09-08 12:00:00'),('10005','大埔','-998.00','-998.00','-998.00','0.00','0.00','0.00','2020-09-08 12:00:00'),('10005','大河','-998.00','-998.00','-998.00','0.00','0.00','0.00','2020-09-08 12:00:00'),('10005','大湖','-998.00','-998.00','-998.00','0.00','0.00','0.00','2020-09-08 12:00:00'),('10005','大湖(1)','-998.00','-998.00','-998.00','0.00','0.00','0.00','2020-09-08 12:00:00'),('10005','大湖分場','-998.00','-998.00','-998.00','0.00','0.00','0.00','2020-09-08 12:00:00'),('10005','大潭','-998.00','-998.00','-998.00','0.00','0.00','0.00','2020-09-08 12:00:00'),('10005','後龍','-998.00','-998.00','-998.00','0.00','0.00','0.00','2020-09-08 12:00:00'),('10005','慈惠堂','-998.00','-998.00','-998.00','0.00','0.00','0.00','2020-09-08 12:00:00'),('10005','新竹畜試','-998.00','-998.00','-998.00','0.00','0.00','0.00','2020-09-08 12:00:00'),('10005','新開','-998.00','-998.00','-998.00','0.00','0.00','0.00','2020-09-08 12:00:00'),('10005','明德','-998.00','-998.00','-998.00','0.00','0.00','0.00','2020-09-08 12:00:00'),('10005','松安','-998.00','-998.00','-998.00','0.00','0.00','0.00','2020-09-08 12:00:00'),('10005','橫龍山','-998.00','-998.00','-998.00','0.00','0.00','0.00','2020-09-08 12:00:00'),('10005','泰安','-998.00','-998.00','-998.00','0.00','0.00','0.00','2020-09-08 12:00:00'),('10005','火炎山','-998.00','-998.00','-998.00','0.00','0.00','0.00','2020-09-08 12:00:00'),('10005','獅潭','-998.00','-998.00','-998.00','0.00','0.00','0.00','2020-09-08 12:00:00'),('10005','珊珠湖','-998.00','-998.00','-998.00','0.00','0.00','0.00','2020-09-08 12:00:00'),('10005','白布帆','-998.00','-998.00','-998.00','0.00','0.00','0.00','2020-09-08 12:00:00'),('10005','竹南','-998.00','-998.00','-998.00','0.00','0.00','0.00','2020-09-08 12:00:00'),('10005','苑裡','-998.00','-998.00','-998.00','0.00','0.00','0.00','2020-09-08 12:00:00'),('10005','苗栗','-998.00','-998.00','-998.00','0.00','0.00','0.00','2020-09-08 12:00:00'),('10005','苗栗農改','-998.00','-998.00','-998.00','0.00','0.00','0.00','2020-09-08 12:00:00'),('10005','西湖','-998.00','-998.00','-998.00','0.00','0.00','0.00','2020-09-08 12:00:00'),('10005','象鼻','-998.00','-998.00','-998.00','0.00','0.00','0.00','2020-09-08 12:00:00'),('10005','象鼻(1)','-998.00','-998.00','-998.00','0.00','0.00','0.00','2020-09-08 12:00:00'),('10005','通霄','-998.00','-998.00','-998.00','0.00','0.00','0.00','2020-09-08 12:00:00'),('10005','造橋','-998.00','-998.00','-998.00','0.00','0.00','0.00','2020-09-08 12:00:00'),('10005','銅鑼','-998.00','-998.00','-998.00','0.00','0.00','0.00','2020-09-08 12:00:00'),('10005','開礦國小','-998.00','-998.00','-998.00','0.00','0.00','0.00','2020-09-08 12:00:00'),('10005','頭份','-998.00','-998.00','-998.00','0.00','0.00','0.00','2020-09-08 12:00:00'),('10005','馬拉邦山','-998.00','-998.00','-998.00','0.00','0.00','0.00','2020-09-08 12:00:00'),('10005','馬都安','-998.00','-998.00','-998.00','0.00','0.00','0.00','2020-09-08 12:00:00'),('10005','高鐵苗栗','-998.00','-998.00','-998.00','0.00','0.00','0.00','2020-09-08 12:00:00'),('10005','鳳美','-998.00','-998.00','-998.00','0.00','0.00','0.00','2020-09-08 12:00:00'),('10007','下水埔','-998.00','-998.00','-998.00','0.00','0.00','0.00','2020-09-08 12:00:00'),('10007','二林','-998.00','-998.00','-998.00','0.00','0.00','0.00','2020-09-08 12:00:00'),('10007','二水','-998.00','-998.00','-998.00','0.00','0.00','0.00','2020-09-08 12:00:00'),('10007','伸港','-998.00','-998.00','-998.00','0.00','0.00','0.00','2020-09-08 12:00:00'),('10007','北斗','-998.00','-998.00','-998.00','0.00','0.00','0.00','2020-09-08 12:00:00'),('10007','員林','-998.00','-998.00','-998.00','0.00','0.00','0.00','2020-09-08 12:00:00'),('10007','國一N198K','-998.00','-998.00','-998.00','0.00','0.00','0.00','2020-09-08 12:00:00'),('10007','國一S207K','-998.00','-998.00','-998.00','0.00','0.00','0.00','2020-09-08 12:00:00'),('10007','國三N191K','-998.00','-998.00','-998.00','0.00','0.00','0.00','2020-09-08 12:00:00'),('10007','國三N196K','-998.00','-998.00','-998.00','0.00','0.00','0.00','2020-09-08 12:00:00'),('10007','國三S202K','-998.00','-998.00','-998.00','0.00','0.00','0.00','2020-09-08 12:00:00'),('10007','埔心','-998.00','-998.00','-998.00','0.00','0.00','0.00','2020-09-08 12:00:00'),('10007','埔鹽','-998.00','-998.00','-998.00','0.00','0.00','0.00','2020-09-08 12:00:00'),('10007','埤頭','-998.00','-998.00','-998.00','0.00','0.00','0.00','2020-09-08 12:00:00'),('10007','大城','-998.00','-998.00','-998.00','0.00','0.00','0.00','2020-09-08 12:00:00'),('10007','彰師大','-998.00','-998.00','-998.00','0.00','0.00','0.00','2020-09-08 12:00:00'),('10007','溪州','-998.00','-998.00','-998.00','0.00','0.00','0.00','2020-09-08 12:00:00'),('10007','溪湖','-998.00','-998.00','-998.00','0.00','0.00','0.00','2020-09-08 12:00:00'),('10007','田中','-998.00','-998.00','-998.00','0.00','0.00','0.00','2020-09-08 12:00:00'),('10007','田尾','-998.00','-998.00','-998.00','0.00','0.00','0.00','2020-09-08 12:00:00'),('10007','社頭','-998.00','-998.00','-998.00','0.00','0.00','0.00','2020-09-08 12:00:00'),('10007','福興','-998.00','-998.00','-998.00','0.00','0.00','0.00','2020-09-08 12:00:00'),('10007','秀水','-998.00','-998.00','-998.00','0.00','0.00','0.00','2020-09-08 12:00:00'),('10007','線西','-998.00','-998.00','-998.00','0.00','0.00','0.00','2020-09-08 12:00:00'),('10007','臺中農改','-998.00','-998.00','-998.00','0.00','0.00','0.00','2020-09-08 12:00:00'),('10007','芬園','-998.00','-998.00','-998.00','0.00','0.00','0.00','2020-09-08 12:00:00'),('10007','花壇','-998.00','-998.00','-998.00','0.00','0.00','0.00','2020-09-08 12:00:00'),('10007','芳苑','-998.00','-998.00','-998.00','0.00','0.00','0.00','2020-09-08 12:00:00'),('10007','萬興(2)','-998.00','-998.00','-998.00','0.00','0.00','0.00','2020-09-08 12:00:00'),('10007','頭汴','-998.00','-998.00','-998.00','0.00','0.00','0.00','2020-09-08 12:00:00'),('10007','高鐵彰化','-998.00','-998.00','-998.00','0.00','0.00','0.00','2020-09-08 12:00:00'),('10007','鹿港','-998.00','-998.00','-998.00','0.00','0.00','0.00','2020-09-08 12:00:00'),('10008','上安','-998.00','-998.00','-998.00','0.00','0.00','0.00','2020-09-08 12:00:00'),('10008','中寮','-998.00','-998.00','-998.00','0.00','0.00','0.00','2020-09-08 12:00:00'),('10008','中心崙','-998.00','-998.00','-998.00','0.00','0.00','0.00','2020-09-08 12:00:00'),('10008','中興新村','-998.00','-998.00','-998.00','0.00','0.00','0.00','2020-09-08 12:00:00'),('10008','丹大','-998.00','-998.00','-998.00','0.00','0.00','0.00','2020-09-08 12:00:00'),('10008','九份二山','-998.00','-998.00','-998.00','0.00','0.00','0.00','2020-09-08 12:00:00'),('10008','人和國小','-998.00','-998.00','-998.00','0.00','0.00','0.00','2020-09-08 12:00:00'),('10008','仁愛','-998.00','-998.00','-998.00','0.00','0.00','0.00','2020-09-08 12:00:00'),('10008','信義','-998.00','-998.00','-998.00','0.00','0.00','0.00','2020-09-08 12:00:00'),('10008','內茅埔(2)','-998.00','-998.00','-998.00','0.00','0.00','0.00','2020-09-08 12:00:00'),('10008','六分寮','-998.00','-998.00','-998.00','0.00','0.00','0.00','2020-09-08 12:00:00'),('10008','凌霄','-998.00','-998.00','-998.00','0.00','0.00','0.00','2020-09-08 12:00:00'),('10008','凍頂茶改','-998.00','-998.00','-998.00','0.00','0.00','0.00','2020-09-08 12:00:00'),('10008','北坑','-998.00','-998.00','-998.00','0.00','0.00','0.00','2020-09-08 12:00:00'),('10008','北山(2)','-998.00','-998.00','-998.00','0.00','0.00','0.00','2020-09-08 12:00:00'),('10008','北港國小','-998.00','-998.00','-998.00','0.00','0.00','0.00','2020-09-08 12:00:00'),('10008','南投','-998.00','-998.00','-998.00','0.00','0.00','0.00','2020-09-08 12:00:00'),('10008','南投服務區','-998.00','-998.00','-998.00','0.00','0.00','0.00','2020-09-08 12:00:00'),('10008','南豐','-998.00','-998.00','-998.00','0.00','0.00','0.00','2020-09-08 12:00:00'),('10008','卡奈托灣','-998.00','-998.00','-998.00','0.00','0.00','0.00','2020-09-08 12:00:00'),('10008','合歡山','-998.00','-998.00','-998.00','0.00','0.00','0.00','2020-09-08 12:00:00'),('10008','名間','-998.00','-998.00','-998.00','0.00','0.00','0.00','2020-09-08 12:00:00'),('10008','和社','-998.00','-998.00','-998.00','0.00','0.00','0.00','2020-09-08 12:00:00'),('10008','國三N223K','-998.00','-998.00','-998.00','0.00','0.00','0.00','2020-09-08 12:00:00'),('10008','國三S217K','-998.00','-998.00','-998.00','0.00','0.00','0.00','2020-09-08 12:00:00'),('10008','國姓','-998.00','-998.00','-998.00','0.00','0.00','0.00','2020-09-08 12:00:00'),('10008','埔中','-998.00','-998.00','-998.00','0.00','0.00','0.00','2020-09-08 12:00:00'),('10008','埔里','-998.00','-998.00','-998.00','0.00','0.00','0.00','2020-09-08 12:00:00'),('10008','埔里分場','-998.00','-998.00','-998.00','0.00','0.00','0.00','2020-09-08 12:00:00'),('10008','外大坪','-998.00','-998.00','-998.00','0.00','0.00','0.00','2020-09-08 12:00:00'),('10008','大尖山','-998.00','-998.00','-998.00','0.00','0.00','0.00','2020-09-08 12:00:00'),('10008','大觀發電廠','-998.00','-998.00','-998.00','0.00','0.00','0.00','2020-09-08 12:00:00'),('10008','大鞍','-998.00','-998.00','-998.00','0.00','0.00','0.00','2020-09-08 12:00:00'),('10008','奧萬大','-998.00','-998.00','-998.00','0.00','0.00','0.00','2020-09-08 12:00:00'),('10008','小奇萊','-998.00','-998.00','-998.00','0.00','0.00','0.00','2020-09-08 12:00:00'),('10008','平林國小','-998.00','-998.00','-998.00','0.00','0.00','0.00','2020-09-08 12:00:00'),('10008','廬山','-998.00','-998.00','-998.00','0.00','0.00','0.00','2020-09-08 12:00:00'),('10008','德化國小','-998.00','-998.00','-998.00','0.00','0.00','0.00','2020-09-08 12:00:00'),('10008','惠蓀(2)','-998.00','-998.00','-998.00','0.00','0.00','0.00','2020-09-08 12:00:00'),('10008','新興橋','-998.00','-998.00','-998.00','0.00','0.00','0.00','2020-09-08 12:00:00'),('10008','新高口','-998.00','-998.00','-998.00','0.00','0.00','0.00','2020-09-08 12:00:00'),('10008','日月潭','-998.00','-998.00','-998.00','0.00','0.00','0.00','2020-09-08 12:00:00'),('10008','昆陽','-998.00','-998.00','-998.00','0.00','0.00','0.00','2020-09-08 12:00:00'),('10008','望鄉','-998.00','-998.00','-998.00','0.00','0.00','0.00','2020-09-08 12:00:00'),('10008','望鄉山','-998.00','-998.00','-998.00','0.00','0.00','0.00','2020-09-08 12:00:00'),('10008','杉林溪','-998.00','-998.00','-998.00','0.00','0.00','0.00','2020-09-08 12:00:00'),('10008','東埔','-998.00','-998.00','-998.00','0.00','0.00','0.00','2020-09-08 12:00:00'),('10008','林試畢祿溪站','-998.00','-998.00','-998.00','0.00','0.00','0.00','2020-09-08 12:00:00'),('10008','桶頭','-998.00','-998.00','-998.00','0.00','0.00','0.00','2020-09-08 12:00:00'),('10008','桶頭(2)','-998.00','-998.00','-998.00','0.00','0.00','0.00','2020-09-08 12:00:00'),('10008','梅峰','-998.00','-998.00','-998.00','0.00','0.00','0.00','2020-09-08 12:00:00'),('10008','楓樹林','-998.00','-998.00','-998.00','0.00','0.00','0.00','2020-09-08 12:00:00'),('10008','楠溪','-998.00','-998.00','-998.00','0.00','0.00','0.00','2020-09-08 12:00:00'),('10008','樟湖','-998.00','-998.00','-998.00','0.00','0.00','0.00','2020-09-08 12:00:00'),('10008','武界','-998.00','-998.00','-998.00','0.00','0.00','0.00','2020-09-08 12:00:00'),('10008','水里','-998.00','-998.00','-998.00','0.00','0.00','0.00','2020-09-08 12:00:00'),('10008','永興國小','-998.00','-998.00','-998.00','0.00','0.00','0.00','2020-09-08 12:00:00'),('10008','消防署訓','-998.00','-998.00','-998.00','0.00','0.00','0.00','2020-09-08 12:00:00'),('10008','清流','-998.00','-998.00','-998.00','0.00','0.00','0.00','2020-09-08 12:00:00'),('10008','清流(1)','-998.00','-998.00','-998.00','0.00','0.00','0.00','2020-09-08 12:00:00'),('10008','溪頭','-998.00','-998.00','-998.00','0.00','0.00','0.00','2020-09-08 12:00:00'),('10008','玉山','-998.00','-998.00','-998.00','0.00','0.00','0.00','2020-09-08 12:00:00'),('10008','玉峰國小','-998.00','-998.00','-998.00','0.00','0.00','0.00','2020-09-08 12:00:00'),('10008','瑞岩','-998.00','-998.00','-998.00','0.00','0.00','0.00','2020-09-08 12:00:00'),('10008','神木','-998.00','-998.00','-998.00','0.00','0.00','0.00','2020-09-08 12:00:00'),('10008','神木村','-998.00','-998.00','-998.00','0.00','0.00','0.00','2020-09-08 12:00:00'),('10008','福龜國小','-998.00','-998.00','-998.00','0.00','0.00','0.00','2020-09-08 12:00:00'),('10008','竹山','-998.00','-998.00','-998.00','0.00','0.00','0.00','2020-09-08 12:00:00'),('10008','線浸林道','-998.00','-998.00','-998.00','0.00','0.00','0.00','2020-09-08 12:00:00'),('10008','羅娜國小','-998.00','-998.00','-998.00','0.00','0.00','0.00','2020-09-08 12:00:00'),('10008','翠峰','-998.00','-998.00','-998.00','0.00','0.00','0.00','2020-09-08 12:00:00'),('10008','翠巒','-998.00','-998.00','-998.00','0.00','0.00','0.00','2020-09-08 12:00:00'),('10008','翠華','-998.00','-998.00','-998.00','0.00','0.00','0.00','2020-09-08 12:00:00'),('10008','臺大內茅埔','-998.00','-998.00','-998.00','0.00','0.00','0.00','2020-09-08 12:00:00'),('10008','臺大和社','-998.00','-998.00','-998.00','0.00','0.00','0.00','2020-09-08 12:00:00'),('10008','臺大溪頭','-998.00','-998.00','-998.00','0.00','0.00','0.00','2020-09-08 12:00:00'),('10008','臺大竹山','-998.00','-998.00','-998.00','0.00','0.00','0.00','2020-09-08 12:00:00'),('10008','草屯','-998.00','-998.00','-998.00','0.00','0.00','0.00','2020-09-08 12:00:00'),('10008','草屯(4)','-998.00','-998.00','-998.00','0.00','0.00','0.00','2020-09-08 12:00:00'),('10008','萬大','-998.00','-998.00','-998.00','0.00','0.00','0.00','2020-09-08 12:00:00'),('10008','萬大林道','-998.00','-998.00','-998.00','0.00','0.00','0.00','2020-09-08 12:00:00'),('10008','萬大發電廠','-998.00','-998.00','-998.00','0.00','0.00','0.00','2020-09-08 12:00:00'),('10008','蓮華池','-998.00','-998.00','-998.00','0.00','0.00','0.00','2020-09-08 12:00:00'),('10008','蘆竹湳','-998.00','-998.00','-998.00','0.00','0.00','0.00','2020-09-08 12:00:00'),('10008','西巒','-998.00','-998.00','-998.00','0.00','0.00','0.00','2020-09-08 12:00:00'),('10008','豐丘','0.00','0.00','0.50','0.50','0.50','0.50','2020-09-08 12:00:00'),('10008','車籠埔','-998.00','-998.00','-998.00','0.00','0.00','0.00','2020-09-08 12:00:00'),('10008','郡坑','-998.00','-998.00','-998.00','0.00','0.00','0.00','2020-09-08 12:00:00'),('10008','長豐','-998.00','-998.00','-998.00','0.00','0.00','0.00','2020-09-08 12:00:00'),('10008','阿眉','-998.00','-998.00','-998.00','0.00','0.00','0.00','2020-09-08 12:00:00'),('10008','集集','-998.00','-998.00','-998.00','0.00','0.00','0.00','2020-09-08 12:00:00'),('10008','集集(2)','-998.00','-998.00','-998.00','0.00','0.00','0.00','2020-09-08 12:00:00'),('10008','雙冬','-998.00','-998.00','-998.00','0.00','0.00','0.00','2020-09-08 12:00:00'),('10008','青雲','-998.00','-998.00','-998.00','0.00','0.00','0.00','2020-09-08 12:00:00'),('10008','魚池','-998.00','-998.00','-998.00','0.00','0.00','0.00','2020-09-08 12:00:00'),('10008','魚池茶改','-998.00','-998.00','-998.00','0.00','0.00','0.00','2020-09-08 12:00:00'),('10008','鯉潭','-998.00','-998.00','-998.00','0.00','0.00','0.00','2020-09-08 12:00:00'),('10008','鳳凰','-998.00','-998.00','-998.00','0.00','0.00','0.00','2020-09-08 12:00:00'),('10008','龍神橋','-998.00','-998.00','-998.00','0.00','0.00','0.00','2020-09-08 12:00:00'),('10009','二崙','-998.00','-998.00','-998.00','0.00','0.00','0.00','2020-09-08 12:00:00'),('10009','元長','-998.00','-998.00','-998.00','0.00','0.00','0.00','2020-09-08 12:00:00'),('10009','北港','-998.00','-998.00','-998.00','0.00','0.00','0.00','2020-09-08 12:00:00'),('10009','北港(2)','-998.00','-998.00','-998.00','0.00','0.00','0.00','2020-09-08 12:00:00'),('10009','口湖','0.00','0.00','-999.00','0.00','0.00','0.00','2020-09-08 12:00:00'),('10009','口湖工作站','-998.00','-998.00','-998.00','0.00','0.00','0.00','2020-09-08 12:00:00'),('10009','古坑','-998.00','-998.00','-998.00','0.00','0.00','0.00','2020-09-08 12:00:00'),('10009','四湖','-998.00','-998.00','-998.00','0.00','0.00','0.00','2020-09-08 12:00:00'),('10009','四湖植物園','-998.00','-998.00','-998.00','0.00','0.00','0.00','2020-09-08 12:00:00'),('10009','國一N234K','-998.00','-998.00','-998.00','0.00','0.00','0.00','2020-09-08 12:00:00'),('10009','國三N252K','-998.00','-998.00','-998.00','0.00','0.00','0.00','2020-09-08 12:00:00'),('10009','土庫','-998.00','-998.00','-998.00','0.00','0.00','0.00','2020-09-08 12:00:00'),('10009','坪頂','-998.00','-998.00','-998.00','0.00','0.00','0.00','2020-09-08 12:00:00'),('10009','大埔','-998.00','-998.00','-998.00','0.00','0.00','0.00','2020-09-08 12:00:00'),('10009','大埤','-998.00','-998.00','-998.00','0.00','0.00','0.00','2020-09-08 12:00:00'),('10009','大庄合作社','-998.00','-998.00','-998.00','0.00','0.00','0.00','2020-09-08 12:00:00'),('10009','宜梧','-998.00','-998.00','-998.00','0.00','0.00','0.00','2020-09-08 12:00:00'),('10009','崙背','-998.00','-998.00','-998.00','0.00','0.00','0.00','2020-09-08 12:00:00'),('10009','斗六','-998.00','-998.00','-998.00','0.00','0.00','0.00','2020-09-08 12:00:00'),('10009','斗南','-998.00','-998.00','-998.00','0.00','0.00','0.00','2020-09-08 12:00:00'),('10009','林內','-998.00','-998.00','-998.00','0.00','0.00','0.00','2020-09-08 12:00:00'),('10009','林內(1)','-998.00','-998.00','-998.00','0.00','0.00','0.00','2020-09-08 12:00:00'),('10009','棋山','-998.00','-998.00','-998.00','0.00','0.00','0.00','2020-09-08 12:00:00'),('10009','水林','-998.00','-998.00','-998.00','0.00','0.00','0.00','2020-09-08 12:00:00'),('10009','水試所臺西','-998.00','-998.00','-998.00','0.00','0.00','0.00','2020-09-08 12:00:00'),('10009','臺大雲林校區','-998.00','-998.00','-998.00','0.00','0.00','0.00','2020-09-08 12:00:00'),('10009','臺西','-998.00','-998.00','-998.00','0.00','0.00','0.00','2020-09-08 12:00:00'),('10009','臺西水試所','-998.00','-998.00','-998.00','0.00','0.00','0.00','2020-09-08 12:00:00'),('10009','草嶺','-998.00','-998.00','-998.00','0.00','0.00','0.00','2020-09-08 12:00:00'),('10009','草嶺(2)','2.00','2.00','2.00','2.00','2.00','2.00','2020-09-08 12:00:00'),('10009','莿桐','-998.00','-998.00','-998.00','0.00','0.00','0.00','2020-09-08 12:00:00'),('10009','華山','-998.00','-998.00','-998.00','0.00','0.00','0.00','2020-09-08 12:00:00'),('10009','蔦松','-998.00','-998.00','-998.00','0.00','0.00','0.00','2020-09-08 12:00:00'),('10009','虎尾','-998.00','-998.00','-998.00','0.00','0.00','0.00','2020-09-08 12:00:00'),('10009','褒忠','-998.00','-998.00','-998.00','0.00','0.00','0.00','2020-09-08 12:00:00'),('10009','褒忠(2)','-998.00','-998.00','-998.00','0.00','0.00','0.00','2020-09-08 12:00:00'),('10009','西螺','-998.00','-998.00','-998.00','0.00','0.00','0.00','2020-09-08 12:00:00'),('10009','西螺(2)','-998.00','-998.00','-998.00','0.00','0.00','0.00','2020-09-08 12:00:00'),('10009','雲林東勢','0.00','0.00','-999.00','0.00','0.00','0.00','2020-09-08 12:00:00'),('10009','雲林農改','-998.00','-998.00','-998.00','0.00','0.00','0.00','2020-09-08 12:00:00'),('10009','高鐵雲林','-998.00','-998.00','-998.00','0.00','0.00','0.00','2020-09-08 12:00:00'),('10009','麥寮','-998.00','-998.00','-998.00','0.00','0.00','0.00','2020-09-08 12:00:00'),('10009','麥寮合作社','-998.00','-998.00','-998.00','0.00','0.00','0.00','2020-09-08 12:00:00'),('10010','中坑(3)','-998.00','-998.00','-998.00','0.00','0.00','0.00','2020-09-08 12:00:00'),('10010','中埔','-998.00','-998.00','-998.00','0.00','0.00','0.00','2020-09-08 12:00:00'),('10010','六腳','-998.00','-998.00','-998.00','0.00','0.00','0.00','2020-09-08 12:00:00'),('10010','十字','-998.00','-998.00','-998.00','0.00','0.00','0.00','2020-09-08 12:00:00'),('10010','嘉義分場','-998.00','-998.00','-998.00','0.00','0.00','0.00','2020-09-08 12:00:00'),('10010','嘉義梅山','-998.00','-998.00','-998.00','0.00','0.00','0.00','2020-09-08 12:00:00'),('10010','國一N250K','-998.00','-998.00','-998.00','0.00','0.00','0.00','2020-09-08 12:00:00'),('10010','外來吉','2.00','2.00','2.00','2.00','2.00','2.00','2020-09-08 12:00:00'),('10010','大林','-998.00','-998.00','-998.00','0.00','0.00','0.00','2020-09-08 12:00:00'),('10010','大湖山','-998.00','-998.00','-998.00','0.00','15.00','0.00','2020-09-08 12:00:00'),('10010','太保','-998.00','-998.00','-998.00','0.00','0.00','0.00','2020-09-08 12:00:00'),('10010','太和村','-998.00','-998.00','-998.00','0.00','2.50','0.00','2020-09-08 12:00:00'),('10010','奮起湖','-998.00','-998.00','-998.00','0.00','3.00','0.00','2020-09-08 12:00:00'),('10010','小公田(2)','-998.00','-998.00','-998.00','0.00','0.00','0.00','2020-09-08 12:00:00'),('10010','布袋','-998.00','-998.00','-998.00','0.00','0.00','0.00','2020-09-08 12:00:00'),('10010','新港','-998.00','-998.00','-998.00','0.00','0.00','0.00','2020-09-08 12:00:00'),('10010','新美','-998.00','-998.00','-998.00','0.00','0.00','0.00','2020-09-08 12:00:00'),('10010','新美國小','-998.00','-998.00','-998.00','0.00','0.00','0.00','2020-09-08 12:00:00'),('10010','朴子','-998.00','-998.00','-998.00','0.00','0.00','0.00','2020-09-08 12:00:00'),('10010','東後寮','-998.00','-998.00','-998.00','0.00','0.00','0.00','2020-09-08 12:00:00'),('10010','東石','-998.00','-998.00','-998.00','0.00','0.00','0.00','2020-09-08 12:00:00'),('10010','樟腦寮(2)','-998.00','-998.00','-998.00','0.00','0.00','0.00','2020-09-08 12:00:00'),('10010','民雄','-998.00','-998.00','-998.00','0.00','0.00','0.00','2020-09-08 12:00:00'),('10010','水上','-998.00','-998.00','-998.00','0.00','0.00','0.00','2020-09-08 12:00:00'),('10010','沄水國小','-998.00','-998.00','-998.00','0.00','0.00','0.00','2020-09-08 12:00:00'),('10010','沙坑','-998.00','-998.00','-998.00','0.00','0.00','0.00','2020-09-08 12:00:00'),('10010','溪口','-998.00','-998.00','-998.00','0.00','0.00','0.00','2020-09-08 12:00:00'),('10010','溪口(3)','-998.00','-998.00','-998.00','0.00','0.00','0.00','2020-09-08 12:00:00'),('10010','溪口農場','-998.00','-998.00','-998.00','0.00','0.00','0.00','2020-09-08 12:00:00'),('10010','獨立山','-998.00','-998.00','-998.00','0.00','0.00','0.00','2020-09-08 12:00:00'),('10010','瑞里','-998.00','-998.00','-998.00','0.00','0.00','0.00','2020-09-08 12:00:00'),('10010','番路','-998.00','-998.00','-998.00','0.00','0.00','0.00','2020-09-08 12:00:00'),('10010','石磐龍','0.50','0.50','0.50','0.50','8.50','0.50','2020-09-08 12:00:00'),('10010','竹崎','-998.00','-998.00','-998.00','0.00','0.00','0.00','2020-09-08 12:00:00'),('10010','義竹分場','-998.00','-998.00','-998.00','0.00','0.00','0.00','2020-09-08 12:00:00'),('10010','茶山','-998.00','-998.00','-998.00','0.00','0.00','0.00','2020-09-08 12:00:00'),('10010','菜瓜坪','-998.00','-998.00','-998.00','0.00','0.00','0.00','2020-09-08 12:00:00'),('10010','表湖','-998.00','-998.00','-998.00','0.00','0.00','0.00','2020-09-08 12:00:00'),('10010','豐山','0.00','2.00','2.00','2.00','2.00','2.00','2020-09-08 12:00:00'),('10010','達邦','-998.00','-998.00','-998.00','0.00','0.00','0.00','2020-09-08 12:00:00'),('10010','里佳','-998.00','-998.00','-998.00','0.00','0.00','0.00','2020-09-08 12:00:00'),('10010','阿里山','-998.00','-998.00','-998.00','0.00','0.00','0.00','2020-09-08 12:00:00'),('10010','阿里山國小','-998.00','-998.00','-998.00','0.50','2.50','0.50','2020-09-08 12:00:00'),('10010','頭凍','-998.00','-998.00','-998.00','0.00','0.00','0.00','2020-09-08 12:00:00'),('10010','鹿草','-998.00','-998.00','-998.00','0.00','0.00','0.00','2020-09-08 12:00:00'),('10010','龍美','-998.00','-998.00','-998.00','0.00','0.00','0.00','2020-09-08 12:00:00'),('10013','三地門','-998.00','-998.00','-998.00','0.00','0.00','0.00','2020-09-08 12:00:00'),('10013','上德文','-998.00','-998.00','-998.00','0.00','0.00','0.00','2020-09-08 12:00:00'),('10013','丹路','-998.00','-998.00','-998.00','0.00','0.00','0.00','2020-09-08 12:00:00'),('10013','九如','-998.00','-998.00','-998.00','0.00','0.00','0.00','2020-09-08 12:00:00'),('10013','九棚','-998.00','-998.00','-998.00','0.00','0.00','0.00','2020-09-08 12:00:00'),('10013','佳冬','-998.00','-998.00','-998.00','0.00','0.00','0.00','2020-09-08 12:00:00'),('10013','佳樂水','-998.00','-998.00','-998.00','0.00','0.00','0.00','2020-09-08 12:00:00'),('10013','佳義國小','-998.00','-998.00','-998.00','0.00','0.00','0.00','2020-09-08 12:00:00'),('10013','來義','-998.00','-998.00','-998.00','0.00','0.00','0.00','2020-09-08 12:00:00'),('10013','保力','-998.00','-998.00','-998.00','0.00','0.00','0.00','2020-09-08 12:00:00'),('10013','內獅','-998.00','-998.00','-998.00','0.00','0.00','0.00','2020-09-08 12:00:00'),('10013','內獅國小','-998.00','-998.00','-998.00','0.00','0.00','0.00','2020-09-08 12:00:00'),('10013','力里','-998.00','-998.00','-998.00','0.00','0.00','0.00','2020-09-08 12:00:00'),('10013','南仁湖','-998.00','-998.00','-998.00','0.00','0.00','0.00','2020-09-08 12:00:00'),('10013','南和','-998.00','-998.00','-998.00','0.00','0.00','0.00','2020-09-08 12:00:00'),('10013','南州','-998.00','-998.00','-998.00','0.00','0.00','0.00','2020-09-08 12:00:00'),('10013','口社','-998.00','-998.00','-998.00','0.00','0.00','0.00','2020-09-08 12:00:00'),('10013','古夏','-998.00','-998.00','-998.00','0.00','0.00','0.00','2020-09-08 12:00:00'),('10013','四林格山','-998.00','-998.00','-998.00','0.00','0.00','0.00','2020-09-08 12:00:00'),('10013','墾丁','-998.00','-998.00','-998.00','0.00','0.00','0.00','2020-09-08 12:00:00'),('10013','墾雷','-998.00','-998.00','-998.00','0.00','0.00','0.00','2020-09-08 12:00:00'),('10013','士文','-998.00','-998.00','-998.00','0.00','0.00','0.00','2020-09-08 12:00:00'),('10013','壽卡','0.00','2.00','2.00','2.00','2.00','2.00','2020-09-08 12:00:00'),('10013','大坪頂','-998.00','-998.00','-998.00','0.00','0.00','0.00','2020-09-08 12:00:00'),('10013','大漢山','-998.00','-998.00','-998.00','0.00','0.00','0.00','2020-09-08 12:00:00'),('10013','尾寮山','-998.00','-998.00','-998.00','0.00','0.00','0.00','2020-09-08 12:00:00'),('10013','屏東','-998.00','-998.00','-998.00','0.00','0.00','0.00','2020-09-08 12:00:00'),('10013','屏東(5)','-998.00','-998.00','-998.00','0.00','0.00','0.00','2020-09-08 12:00:00'),('10013','崁頂','-998.00','-998.00','-998.00','0.00','0.00','0.00','2020-09-08 12:00:00'),('10013','恆春','-998.00','-998.00','-998.00','0.00','0.00','0.00','2020-09-08 12:00:00'),('10013','恆春工作站','-998.00','-998.00','-998.00','0.00','0.00','0.00','2020-09-08 12:00:00'),('10013','恆春畜試','-998.00','-998.00','-998.00','0.00','0.00','0.00','2020-09-08 12:00:00'),('10013','新來義','-998.00','-998.00','-998.00','0.00','0.00','0.00','2020-09-08 12:00:00'),('10013','新圍','-998.00','-998.00','-998.00','0.00','0.00','0.00','2020-09-08 12:00:00'),('10013','新園','-998.00','-998.00','-998.00','0.00','0.00','0.00','2020-09-08 12:00:00'),('10013','新埤','-998.00','-998.00','-998.00','0.00','0.00','0.00','2020-09-08 12:00:00'),('10013','新庄國小','-998.00','-998.00','-998.00','0.00','0.00','0.00','2020-09-08 12:00:00'),('10013','新瑪家','-998.00','-998.00','-998.00','0.00','0.00','0.00','2020-09-08 12:00:00'),('10013','新豐(1)','-998.00','-998.00','-998.00','0.00','0.00','0.00','2020-09-08 12:00:00'),('10013','旭海','-998.00','-998.00','-998.00','0.00','0.00','0.00','2020-09-08 12:00:00'),('10013','春日','-998.00','-998.00','-998.00','0.00','0.00','0.00','2020-09-08 12:00:00'),('10013','東港','-998.00','-998.00','-998.00','0.00','0.00','0.00','2020-09-08 12:00:00'),('10013','東港工作站','-998.00','-998.00','-998.00','0.00','0.00','0.00','2020-09-08 12:00:00'),('10013','枋寮','-998.00','-998.00','-998.00','0.00','0.00','0.00','2020-09-08 12:00:00'),('10013','枋山','-998.00','-998.00','-998.00','0.00','0.00','0.00','2020-09-08 12:00:00'),('10013','林邊','-998.00','-998.00','-998.00','0.00','0.00','0.00','2020-09-08 12:00:00'),('10013','楓港','-998.00','-998.00','-998.00','0.00','0.00','0.00','2020-09-08 12:00:00'),('10013','檳榔','-998.00','-998.00','-998.00','0.00','0.00','0.00','2020-09-08 12:00:00'),('10013','泗林','-998.00','-998.00','-998.00','0.00','0.00','0.00','2020-09-08 12:00:00'),('10013','泰武(2)','-998.00','-998.00','-998.00','0.00','0.00','0.00','2020-09-08 12:00:00'),('10013','滿州','-998.00','-998.00','-998.00','0.00','0.00','0.00','2020-09-08 12:00:00'),('10013','潮州','-998.00','-998.00','-998.00','0.00','0.00','0.00','2020-09-08 12:00:00'),('10013','牡丹','-998.00','-998.00','-998.00','0.00','0.00','0.00','2020-09-08 12:00:00'),('10013','牡丹池山','-998.00','-998.00','-998.00','0.00','0.00','0.00','2020-09-08 12:00:00'),('10013','獅子','-998.00','-998.00','-998.00','0.00','0.00','0.00','2020-09-08 12:00:00'),('10013','琉球嶼','-998.00','-998.00','-998.00','0.00','0.00','0.00','2020-09-08 12:00:00'),('10013','瑪家','-998.00','-998.00','-998.00','0.00','0.00','0.00','2020-09-08 12:00:00'),('10013','白鷺','-998.00','-998.00','-998.00','0.00','0.00','0.00','2020-09-08 12:00:00'),('10013','石門山','-998.00','-998.00','-998.00','0.00','0.00','0.00','2020-09-08 12:00:00'),('10013','神山','-998.00','-998.00','-998.00','0.00','0.00','0.00','2020-09-08 12:00:00'),('10013','竹田','-998.00','-998.00','-998.00','0.00','0.00','0.00','2020-09-08 12:00:00'),('10013','萬丹','-998.00','-998.00','-998.00','0.00','0.00','0.00','2020-09-08 12:00:00'),('10013','西大武山','-998.00','-998.00','-998.00','0.00','0.00','0.00','2020-09-08 12:00:00'),('10013','貓鼻頭','-998.00','-998.00','-998.00','0.00','0.00','0.00','2020-09-08 12:00:00'),('10013','赤山','-998.00','-998.00','-998.00','0.00','0.00','0.00','2020-09-08 12:00:00'),('10013','車城','-998.00','-998.00','-998.00','0.00','0.00','0.00','2020-09-08 12:00:00'),('10013','里港','-998.00','-998.00','-998.00','0.00','0.00','0.00','2020-09-08 12:00:00'),('10013','長治','-998.00','-998.00','-998.00','0.00','0.00','0.00','2020-09-08 12:00:00'),('10013','高士','-998.00','-998.00','-998.00','0.00','0.00','0.00','2020-09-08 12:00:00'),('10013','高樹','-998.00','-998.00','-998.00','0.00','0.00','0.00','2020-09-08 12:00:00'),('10013','高雄農改','-998.00','-998.00','-998.00','0.00','0.00','0.00','2020-09-08 12:00:00'),('10013','麟洛','-998.00','-998.00','-998.00','0.00','0.00','0.00','2020-09-08 12:00:00'),('10013','龍泉','-998.00','-998.00','-998.00','0.00','0.00','0.00','2020-09-08 12:00:00'),('10013','龍磐','-998.00','-998.00','-998.00','0.00','0.00','0.00','2020-09-08 12:00:00'),('10014','七塊厝','-998.00','-998.00','-998.00','0.00','0.00','0.00','2020-09-08 12:00:00'),('10014','上里','-998.00','-998.00','-998.00','0.00','0.00','0.00','2020-09-08 12:00:00'),('10014','下馬','-998.00','-998.00','-998.00','0.00','0.00','0.00','2020-09-08 12:00:00'),('10014','初鹿國中','0.00','0.00','0.50','1.00','3.50','1.00','2020-09-08 12:00:00'),('10014','利吉國小','-998.00','-998.00','-998.00','0.00','0.00','0.00','2020-09-08 12:00:00'),('10014','利嘉','-998.00','-998.00','-998.00','0.00','0.00','0.00','2020-09-08 12:00:00'),('10014','利嘉林道','-998.00','-998.00','-998.00','0.00','0.00','0.00','2020-09-08 12:00:00'),('10014','加拿國小','-998.00','-998.00','-998.00','0.00','0.00','0.00','2020-09-08 12:00:00'),('10014','加津林','-998.00','-998.00','-998.00','0.00','0.00','0.00','2020-09-08 12:00:00'),('10014','勝林山','-998.00','-998.00','-998.00','0.00','0.00','0.00','2020-09-08 12:00:00'),('10014','北源','-998.00','-998.00','-998.00','0.00','0.00','0.00','2020-09-08 12:00:00'),('10014','南田','-998.00','-998.00','-998.00','0.00','0.00','0.00','2020-09-08 12:00:00'),('10014','南美山','-998.00','-998.00','-998.00','0.00','0.00','0.00','2020-09-08 12:00:00'),('10014','南鵝','-998.00','-998.00','-998.00','0.00','0.00','0.00','2020-09-08 12:00:00'),('10014','台東(7)','-998.00','-998.00','-998.00','0.00','0.00','0.00','2020-09-08 12:00:00'),('10014','向陽','-998.00','-998.00','-998.00','0.00','0.50','0.00','2020-09-08 12:00:00'),('10014','向陽(2)','-998.00','-998.00','-998.00','0.00','0.00','0.00','2020-09-08 12:00:00'),('10014','土阪','-998.00','-998.00','-998.00','0.00','0.00','0.00','2020-09-08 12:00:00'),('10014','壽卡','-998.00','-998.00','-998.00','0.00','0.00','0.00','2020-09-08 12:00:00'),('10014','大武','-998.00','-998.00','-998.00','0.00','0.00','0.00','2020-09-08 12:00:00'),('10014','大溪山','-998.00','-998.00','-998.00','0.00','0.00','0.00','2020-09-08 12:00:00'),('10014','大鳥','-998.00','-998.00','-998.00','0.00','0.00','0.00','2020-09-08 12:00:00'),('10014','太麻里','-998.00','-998.00','-998.00','0.00','0.50','0.00','2020-09-08 12:00:00'),('10014','太麻里1','-998.00','-998.00','-998.00','0.00','0.00','0.00','2020-09-08 12:00:00'),('10014','太麻里2','-998.00','-998.00','-998.00','0.00','0.00','0.00','2020-09-08 12:00:00'),('10014','射馬干','-998.00','-998.00','-998.00','0.00','0.00','0.00','2020-09-08 12:00:00'),('10014','山豬窟','-998.00','-998.00','-998.00','0.00','0.00','0.00','2020-09-08 12:00:00'),('10014','延平','-998.00','-998.00','-998.00','0.00','0.00','0.00','2020-09-08 12:00:00'),('10014','忠勇','-998.00','-998.00','-998.00','0.00','0.00','0.00','2020-09-08 12:00:00'),('10014','愛國埔分校','-998.00','-998.00','-998.00','0.00','0.00','0.00','2020-09-08 12:00:00'),('10014','成功','-998.00','-998.00','-998.00','0.00','0.00','0.00','2020-09-08 12:00:00'),('10014','摩天','-998.00','-998.00','-998.00','0.00','0.00','0.00','2020-09-08 12:00:00'),('10014','斑鳩分場','-998.00','-998.00','-998.00','0.00','0.00','0.00','2020-09-08 12:00:00'),('10014','新武(3)','-998.00','-998.00','-998.00','0.00','0.00','0.00','2020-09-08 12:00:00'),('10014','東河','-998.00','-998.00','-998.00','0.00','0.00','0.00','2020-09-08 12:00:00'),('10014','樟原(1)','-998.00','-998.00','-998.00','0.00','0.00','0.00','2020-09-08 12:00:00'),('10014','檳榔四格山','-998.00','-998.00','-998.00','0.00','0.00','0.00','2020-09-08 12:00:00'),('10014','武陵','-998.00','-998.00','-998.00','0.00','0.00','0.00','2020-09-08 12:00:00'),('10014','歷坵','-998.00','-998.00','-998.00','0.00','0.00','0.00','2020-09-08 12:00:00'),('10014','水試所成功','-998.00','-998.00','-998.00','0.00','0.00','0.00','2020-09-08 12:00:00'),('10014','水試所知本','-998.00','-998.00','-998.00','0.00','0.00','0.00','2020-09-08 12:00:00'),('10014','池上','-998.00','-998.00','-998.00','0.00','0.00','0.00','2020-09-08 12:00:00'),('10014','瑞和','-998.00','-998.00','-998.00','0.00','0.00','0.00','2020-09-08 12:00:00'),('10014','知本','-998.00','-998.00','-998.00','0.00','0.00','0.00','2020-09-08 12:00:00'),('10014','知本(5)','-998.00','-998.00','-998.00','0.00','0.00','0.00','2020-09-08 12:00:00'),('10014','石寧山','-998.00','-998.00','-998.00','0.00','0.00','0.00','2020-09-08 12:00:00'),('10014','紅石','-998.00','-998.00','-998.00','0.00','0.00','0.00','2020-09-08 12:00:00'),('10014','紹家','-998.00','-998.00','-998.00','0.00','0.00','0.00','2020-09-08 12:00:00'),('10014','綠島','-998.00','-998.00','-998.00','0.00','2.00','0.00','2020-09-08 12:00:00'),('10014','膽曼','-998.00','-998.00','-998.00','0.00','0.00','0.00','2020-09-08 12:00:00'),('10014','臺東','-998.00','-998.00','-998.00','0.00','0.00','0.00','2020-09-08 12:00:00'),('10014','臺東茶改','-998.00','-998.00','-998.00','0.00','0.00','0.00','2020-09-08 12:00:00'),('10014','華源','-998.00','-998.00','-998.00','0.00','0.00','0.00','2020-09-08 12:00:00'),('10014','蘭嶼','-998.00','-998.00','-998.00','0.00','0.00','0.00','2020-09-08 12:00:00'),('10014','蘭嶼燈塔','-998.00','-998.00','-998.00','0.00','0.00','0.00','2020-09-08 12:00:00'),('10014','蘭嶼高中','-998.00','-998.00','-998.00','0.00','0.00','0.00','2020-09-08 12:00:00'),('10014','賓朗果園','-998.00','-998.00','-998.00','0.00','0.00','0.00','2020-09-08 12:00:00'),('10014','賓茂國小','-998.00','-998.00','-998.00','0.00','0.00','0.00','2020-09-08 12:00:00'),('10014','達仁林場','-998.00','-998.00','-998.00','0.00','0.00','0.00','2020-09-08 12:00:00'),('10014','都歷','-998.00','-998.00','-998.00','0.00','0.00','0.00','2020-09-08 12:00:00'),('10014','都蘭','-998.00','-998.00','-998.00','0.00','0.00','0.00','2020-09-08 12:00:00'),('10014','金峰','-998.00','-998.00','-998.00','0.00','0.00','0.00','2020-09-08 12:00:00'),('10014','金峰嘉蘭','-998.00','-998.00','-998.00','0.00','0.00','0.00','2020-09-08 12:00:00'),('10014','金峰鄉公所','-998.00','-998.00','-998.00','0.00','0.00','0.00','2020-09-08 12:00:00'),('10014','金崙','-998.00','-998.00','-998.00','0.00','0.00','0.00','2020-09-08 12:00:00'),('10014','金崙山','-998.00','-998.00','-998.00','0.00','0.50','0.00','2020-09-08 12:00:00'),('10014','金針山','-998.00','-998.00','-998.00','0.00','0.00','0.00','2020-09-08 12:00:00'),('10014','長濱','-998.00','-998.00','-998.00','0.00','0.00','0.00','2020-09-08 12:00:00'),('10014','關山','-998.00','-998.00','-998.00','0.00','0.00','0.00','2020-09-08 12:00:00'),('10014','電光','-998.00','-998.00','-998.00','0.00','0.00','0.00','2020-09-08 12:00:00'),('10014','霧鹿','-998.00','-998.00','-998.00','0.00','0.00','0.00','2020-09-08 12:00:00'),('10014','香蘭','-998.00','-998.00','-998.00','0.00','0.00','0.00','2020-09-08 12:00:00'),('10014','鹿野','-998.00','-998.00','-998.00','0.00','0.00','0.00','2020-09-08 12:00:00'),('10014','鹿鳴橋','-998.00','-998.00','-998.00','0.00','0.00','0.00','2020-09-08 12:00:00'),('10015','三棧','-998.00','-998.00','-998.00','0.00','0.00','0.00','2020-09-08 12:00:00'),('10015','中平林道','-998.00','-998.00','-998.00','0.00','0.50','0.00','2020-09-08 12:00:00'),('10015','中興','-998.00','-998.00','-998.00','0.00','0.00','0.00','2020-09-08 12:00:00'),('10015','佳心','-998.00','-998.00','-998.00','0.00','0.00','0.00','2020-09-08 12:00:00'),('10015','光復','-998.00','-998.00','-998.00','0.00','0.00','0.00','2020-09-08 12:00:00'),('10015','六十石山','1.00','1.00','1.00','1.00','1.00','1.00','2020-09-08 12:00:00'),('10015','加路蘭山','-998.00','-998.00','-998.00','0.00','0.00','0.00','2020-09-08 12:00:00'),('10015','北埔','-998.00','-998.00','-998.00','0.00','0.00','0.00','2020-09-08 12:00:00'),('10015','卓清國小','-998.00','-998.00','-998.00','0.00','0.00','0.00','2020-09-08 12:00:00'),('10015','卓溪','-998.00','-998.00','-998.00','0.00','0.00','0.00','2020-09-08 12:00:00'),('10015','卓溪國小','-998.00','-998.00','-998.00','0.00','0.00','0.00','2020-09-08 12:00:00'),('10015','卓麓(4)','-998.00','-998.00','-998.00','0.00','0.00','0.00','2020-09-08 12:00:00'),('10015','合歡山','-998.00','-998.00','-998.00','0.00','0.00','0.00','2020-09-08 12:00:00'),('10015','吉安光華','-998.00','-998.00','-998.00','0.00','0.00','0.00','2020-09-08 12:00:00'),('10015','和中','-998.00','-998.00','-998.00','0.00','0.00','0.00','2020-09-08 12:00:00'),('10015','和平','-998.00','-998.00','-998.00','0.00','0.00','0.00','2020-09-08 12:00:00'),('10015','和平林道','-998.00','-998.00','-998.00','0.00','0.00','0.00','2020-09-08 12:00:00'),('10015','壽豐','-998.00','-998.00','-998.00','0.00','0.00','0.00','2020-09-08 12:00:00'),('10015','大坑','-998.00','-998.00','-998.00','0.00','0.50','0.00','2020-09-08 12:00:00'),('10015','大禹嶺','-998.00','-998.00','-998.00','0.00','0.00','0.00','2020-09-08 12:00:00'),('10015','大興','-998.00','-998.00','-998.00','0.00','0.00','0.00','2020-09-08 12:00:00'),('10015','大觀','-998.00','-998.00','-998.00','0.00','0.00','0.00','2020-09-08 12:00:00'),('10015','大農','-998.00','-998.00','-998.00','0.00','0.00','0.00','2020-09-08 12:00:00'),('10015','天祥','-998.00','-998.00','-998.00','0.00','0.00','0.00','2020-09-08 12:00:00'),('10015','太安','-998.00','-998.00','-998.00','0.00','0.50','0.00','2020-09-08 12:00:00'),('10015','太平國小','-998.00','-998.00','-998.00','0.00','0.00','0.00','2020-09-08 12:00:00'),('10015','太魯閣','-998.00','-998.00','-998.00','0.00','0.00','0.00','2020-09-08 12:00:00'),('10015','奇美國小','-998.00','-998.00','-998.00','0.00','0.00','0.00','2020-09-08 12:00:00'),('10015','富世','-998.00','-998.00','-998.00','0.00','0.00','0.00','2020-09-08 12:00:00'),('10015','富源','-998.00','-998.00','-998.00','0.00','0.00','0.00','2020-09-08 12:00:00'),('10015','富里','-998.00','-998.00','-998.00','0.00','0.00','0.00','2020-09-08 12:00:00'),('10015','山興分校','-998.00','-998.00','-998.00','0.00','0.00','0.00','2020-09-08 12:00:00'),('10015','布洛灣','-998.00','-998.00','-998.00','0.00','0.00','0.00','2020-09-08 12:00:00'),('10015','德武','-998.00','-998.00','-998.00','0.00','0.00','0.00','2020-09-08 12:00:00'),('10015','慈恩','-998.00','-998.00','-998.00','0.00','0.00','0.00','2020-09-08 12:00:00'),('10015','新城','-998.00','-998.00','-998.00','0.00','0.50','0.00','2020-09-08 12:00:00'),('10015','新東礦','-998.00','-998.00','-998.00','0.00','2.00','0.00','2020-09-08 12:00:00'),('10015','明里','-998.00','-998.00','-998.00','0.00','0.00','0.00','2020-09-08 12:00:00'),('10015','月眉山','-998.00','-998.00','-998.00','0.00','0.00','0.00','2020-09-08 12:00:00'),('10015','東富','-998.00','-998.00','-998.00','0.00','0.00','0.00','2020-09-08 12:00:00'),('10015','東興部落','-998.00','-998.00','-998.00','0.00','0.00','0.00','2020-09-08 12:00:00'),('10015','東華','-998.00','-998.00','-998.00','0.00','0.00','0.00','2020-09-08 12:00:00'),('10015','東里','-998.00','-998.00','-998.00','0.00','0.00','0.00','2020-09-08 12:00:00'),('10015','東里國中','-998.00','-998.00','-998.00','0.00','0.00','0.00','2020-09-08 12:00:00'),('10015','水源','-998.00','-998.00','-998.00','0.00','19.00','0.00','2020-09-08 12:00:00'),('10015','水璉','-998.00','-998.00','-998.00','0.00','0.00','0.00','2020-09-08 12:00:00'),('10015','洛韶','-998.00','-998.00','-998.00','0.00','0.00','0.00','2020-09-08 12:00:00'),('10015','清水斷崖','-998.00','-998.00','-998.00','0.00','0.00','0.00','2020-09-08 12:00:00'),('10015','清水林道','-998.00','-998.00','-998.00','0.00','0.00','0.00','2020-09-08 12:00:00'),('10015','溪口國小','-998.00','-998.00','-998.00','0.00','0.00','0.00','2020-09-08 12:00:00'),('10015','玉里','-998.00','-998.00','-998.00','0.00','0.00','0.00','2020-09-08 12:00:00'),('10015','瑞北國小','-998.00','-998.00','-998.00','0.00','0.00','0.00','2020-09-08 12:00:00'),('10015','瑞穗','-998.00','-998.00','-998.00','0.00','0.00','0.00','2020-09-08 12:00:00'),('10015','瑞穗林道','-998.00','-998.00','-998.00','0.00','1.00','0.00','2020-09-08 12:00:00'),('10015','石梯坪','-998.00','-998.00','-998.00','0.00','0.00','0.00','2020-09-08 12:00:00'),('10015','立山','-998.00','-998.00','-998.00','0.00','0.00','0.00','2020-09-08 12:00:00'),('10015','紅葉','-998.00','-998.00','-998.00','0.00','0.00','0.00','2020-09-08 12:00:00'),('10015','舞鶴','-998.00','-998.00','-998.00','0.00','0.00','0.00','2020-09-08 12:00:00'),('10015','花蓮','-998.00','-998.00','-998.00','0.00','0.00','0.00','2020-09-08 12:00:00'),('10015','花蓮農改','-998.00','-998.00','-998.00','0.00','0.50','0.00','2020-09-08 12:00:00'),('10015','荖溪','-998.00','-998.00','-998.00','0.00','13.00','0.00','2020-09-08 12:00:00'),('10015','萬榮','-998.00','-998.00','-998.00','0.00','0.00','0.00','2020-09-08 12:00:00'),('10015','蕃薯寮','-998.00','-998.00','-998.00','0.00','0.00','0.00','2020-09-08 12:00:00'),('10015','西林','-998.00','-998.00','-998.00','0.00','0.00','0.00','2020-09-08 12:00:00'),('10015','豐南','-998.00','-998.00','-998.00','0.00','0.00','0.00','2020-09-08 12:00:00'),('10015','豐濱','-998.00','-998.00','-998.00','0.00','0.00','0.00','2020-09-08 12:00:00'),('10015','赤柯山','-998.00','-998.00','-998.00','0.00','0.00','0.00','2020-09-08 12:00:00'),('10015','銅門','-998.00','-998.00','-998.00','0.00','0.00','0.00','2020-09-08 12:00:00'),('10015','靜浦','-998.00','-998.00','-998.00','0.00','0.00','0.00','2020-09-08 12:00:00'),('10015','馬太安','-998.00','-998.00','-998.00','0.00','0.00','0.00','2020-09-08 12:00:00'),('10015','高寮','-998.00','-998.00','-998.00','0.00','0.00','0.00','2020-09-08 12:00:00'),('10015','鯉魚潭','-998.00','-998.00','-998.00','0.00','4.00','0.00','2020-09-08 12:00:00'),('10015','鳳林','-998.00','-998.00','-998.00','0.00','0.00','0.00','2020-09-08 12:00:00'),('10015','鳳林山','-998.00','-998.00','-998.00','0.00','0.00','0.00','2020-09-08 12:00:00'),('10015','鳳義坑','-998.00','-998.00','-998.00','0.00','0.00','0.00','2020-09-08 12:00:00'),('10015','龍澗','-998.00','-998.00','-998.00','0.50','0.50','0.50','2020-09-08 12:00:00'),('10016','吉貝','-998.00','-998.00','-998.00','0.00','0.00','0.00','2020-09-08 12:00:00'),('10016','望安','-998.00','-998.00','-998.00','0.00','0.00','0.00','2020-09-08 12:00:00'),('10016','東吉島','-998.00','-998.00','-998.00','0.00','0.00','0.00','2020-09-08 12:00:00'),('10016','澎湖','-998.00','-998.00','-998.00','0.00','0.00','0.00','2020-09-08 12:00:00'),('10016','花嶼','-998.00','-998.00','-998.00','0.00','0.00','0.00','2020-09-08 12:00:00'),('10016','西嶼','-998.00','-998.00','-998.00','0.00','0.00','0.00','2020-09-08 12:00:00'),('10017','七堵','-998.00','-998.00','-998.00','0.00','0.00','0.00','2020-09-08 12:00:00'),('10017','五堵','-998.00','-998.00','-998.00','0.00','0.00','0.00','2020-09-08 12:00:00'),('10017','基隆','-998.00','-998.00','-998.00','0.00','0.00','0.00','2020-09-08 12:00:00'),('10017','基隆嶼','-998.00','-998.00','-998.00','0.00','0.00','0.00','2020-09-08 12:00:00'),('10017','彭佳嶼','-998.00','-998.00','-998.00','0.00','0.00','0.00','2020-09-08 12:00:00'),('10017','復興國小','-998.00','-998.00','-998.00','0.00','0.00','0.00','2020-09-08 12:00:00'),('10018','內湖國小','-998.00','-998.00','-998.00','0.00','0.00','0.00','2020-09-08 12:00:00'),('10018','成德中學','-998.00','-998.00','-998.00','0.00','0.00','0.00','2020-09-08 12:00:00'),('10018','新竹市東區','-998.00','-998.00','-998.00','0.00','0.00','0.00','2020-09-08 12:00:00'),('10018','香山','-998.00','-998.00','-998.00','0.00','0.00','0.00','2020-09-08 12:00:00'),('10020','嘉義','-998.00','-998.00','-998.00','0.00','0.00','0.00','2020-09-08 12:00:00'),('10020','嘉義市東區','-998.00','-998.00','-998.00','0.00','0.00','0.00','2020-09-08 12:00:00'),('10020','嘉義農試','-999.00','0.00','0.00','0.00','0.00','0.00','2020-09-08 12:00:00'),('63','三興國小','-998.00','-998.00','-998.00','0.00','0.00','0.00','2020-09-08 12:00:00'),('63','中正國中','-998.00','-998.00','-998.00','0.00','0.00','0.00','2020-09-08 12:00:00'),('63','中正橋','-998.00','-998.00','-998.00','0.00','0.00','0.00','2020-09-08 12:00:00'),('63','中洲','-998.00','-998.00','-998.00','0.00','0.00','0.00','2020-09-08 12:00:00'),('63','九如里','-998.00','-998.00','-998.00','0.00','0.00','0.00','2020-09-08 12:00:00'),('63','仙跡岩','-998.00','-998.00','-998.00','0.00','0.00','0.00','2020-09-08 12:00:00'),('63','信義','-998.00','-998.00','-998.00','0.00','0.00','0.00','2020-09-08 12:00:00'),('63','內湖','-998.00','-998.00','-998.00','0.00','0.00','0.00','2020-09-08 12:00:00'),('63','劍南路','-998.00','-998.00','-998.00','0.00','0.00','0.00','2020-09-08 12:00:00'),('63','劍潭山','-998.00','-998.00','-998.00','0.00','0.00','0.00','2020-09-08 12:00:00'),('63','北投國小','-998.00','-998.00','-998.00','0.00','0.00','0.00','2020-09-08 12:00:00'),('63','北政國中','-998.00','-998.00','-998.00','0.00','0.00','0.00','2020-09-08 12:00:00'),('63','博嘉國小','-998.00','-998.00','-998.00','0.00','0.00','0.00','2020-09-08 12:00:00'),('63','四獸山','-998.00','-998.00','-998.00','0.00','0.00','0.00','2020-09-08 12:00:00'),('63','國三南深路','-998.00','-998.00','-998.00','0.00','0.00','0.00','2020-09-08 12:00:00'),('63','埤腹','-998.00','-998.00','-998.00','0.00','0.00','0.00','2020-09-08 12:00:00'),('63','士林','-998.00','-998.00','-998.00','0.00','0.00','0.00','2020-09-08 12:00:00'),('63','大屯國小','-998.00','-998.00','-998.00','0.00','0.00','0.00','2020-09-08 12:00:00'),('63','大屯山','-998.00','-998.00','-998.00','0.00','0.00','0.00','2020-09-08 12:00:00'),('63','大湖里','-998.00','-998.00','-998.00','0.00','0.00','0.00','2020-09-08 12:00:00'),('63','天母','-998.00','-998.00','-998.00','0.00','0.00','0.00','2020-09-08 12:00:00'),('63','太平國小','-998.00','-998.00','-998.00','0.00','0.00','0.00','2020-09-08 12:00:00'),('63','奇岩','-998.00','-998.00','-998.00','0.00','0.00','0.00','2020-09-08 12:00:00'),('63','安泰里','-998.00','-998.00','-998.00','0.00','0.00','0.00','2020-09-08 12:00:00'),('63','小油坑','-998.00','-998.00','-998.00','0.00','0.00','0.00','2020-09-08 12:00:00'),('63','市政中心','-998.00','-998.00','-998.00','0.00','0.00','0.00','2020-09-08 12:00:00'),('63','平等國小','-998.00','-998.00','-998.00','0.00','0.00','0.00','2020-09-08 12:00:00'),('63','建國','-998.00','-998.00','-998.00','0.00','0.00','0.00','2020-09-08 12:00:00'),('63','指南里','-998.00','-998.00','-998.00','0.00','0.00','0.00','2020-09-08 12:00:00'),('63','挹翠山莊','-998.00','-998.00','-998.00','0.00','0.00','0.00','2020-09-08 12:00:00'),('63','擎天崗','-998.00','-998.00','-998.00','0.00','0.00','0.00','2020-09-08 12:00:00'),('63','文化大學','-998.00','-998.00','-998.00','0.00','-999.00','0.00','2020-09-08 12:00:00'),('63','文山','-998.00','-998.00','-998.00','0.00','0.00','0.00','2020-09-08 12:00:00'),('63','明德樂園','-998.00','-998.00','-998.00','0.00','0.00','0.00','2020-09-08 12:00:00'),('63','東湖國小','-998.00','-998.00','-998.00','0.00','0.00','0.00','2020-09-08 12:00:00'),('63','松山','-998.00','-998.00','-998.00','0.00','0.00','0.00','2020-09-08 12:00:00'),('63','格致國中','-998.00','-998.00','-998.00','0.00','0.00','0.00','2020-09-08 12:00:00'),('63','桃源國中','-998.00','-998.00','-998.00','0.00','0.00','0.00','2020-09-08 12:00:00'),('63','民生國中','-998.00','-998.00','-998.00','0.00','0.00','0.00','2020-09-08 12:00:00'),('63','湖田國小','-998.00','-998.00','-998.00','0.00','0.00','0.00','2020-09-08 12:00:00'),('63','溪山里','-998.00','-998.00','-998.00','0.00','0.00','0.00','2020-09-08 12:00:00'),('63','玉成','-998.00','-998.00','-998.00','0.00','0.00','0.00','2020-09-08 12:00:00'),('63','留公國中','-998.00','-998.00','-998.00','0.00','0.00','0.00','2020-09-08 12:00:00'),('63','石牌','-998.00','-998.00','-998.00','0.00','0.00','0.00','2020-09-08 12:00:00'),('63','碧湖國小','-998.00','-998.00','-998.00','0.00','0.00','0.00','2020-09-08 12:00:00'),('63','社子','-998.00','-998.00','-998.00','0.00','0.00','0.00','2020-09-08 12:00:00'),('63','福州山','-998.00','-998.00','-998.00','0.00','0.00','0.00','2020-09-08 12:00:00'),('63','福德','-998.00','-998.00','-998.00','0.00','0.00','0.00','2020-09-08 12:00:00'),('63','稻香里','-998.00','-998.00','-998.00','0.00','0.00','0.00','2020-09-08 12:00:00'),('63','竹子湖','-998.00','-998.00','-998.00','0.00','0.00','0.00','2020-09-08 12:00:00'),('63','至善國中','-998.00','-998.00','-998.00','0.00','0.00','0.00','2020-09-08 12:00:00'),('63','臺北','-998.00','-998.00','-998.00','0.00','0.00','0.00','2020-09-08 12:00:00'),('63','臺灣大學','-998.00','-998.00','-998.00','0.00','0.00','0.00','2020-09-08 12:00:00'),('63','舊莊國小','-998.00','-998.00','-998.00','0.00','0.00','0.00','2020-09-08 12:00:00'),('63','舊莊里','-998.00','-998.00','-998.00','0.00','0.00','0.00','2020-09-08 12:00:00'),('63','茶製場','-998.00','-998.00','-998.00','0.00','0.00','0.00','2020-09-08 12:00:00'),('63','菁山里','-998.00','-998.00','-998.00','0.00','0.00','0.00','2020-09-08 12:00:00'),('63','貓空','-998.00','-998.00','-998.00','0.00','0.00','0.00','2020-09-08 12:00:00'),('63','貴子坑','-998.00','-998.00','-998.00','0.00','0.00','0.00','2020-09-08 12:00:00'),('63','金面山','-998.00','-998.00','-998.00','0.00','0.00','0.00','2020-09-08 12:00:00'),('63','關渡','-998.00','-998.00','-998.00','0.00','0.00','0.00','2020-09-08 12:00:00'),('63','陽明山','-998.00','-998.00','-998.00','0.00','0.00','0.00','2020-09-08 12:00:00'),('63','陽明高中','-998.00','-998.00','-998.00','0.00','0.00','0.00','2020-09-08 12:00:00'),('63','雙園','-998.00','-998.00','-998.00','0.00','0.00','0.00','2020-09-08 12:00:00'),('63','雙溪','-998.00','-998.00','-998.00','0.00','0.00','0.00','2020-09-08 12:00:00'),('63','鞍部','-998.00','-998.00','-998.00','0.00','0.00','0.00','2020-09-08 12:00:00'),('64','三民','-998.00','-998.00','-998.00','0.00','0.00','0.00','2020-09-08 12:00:00'),('64','仁武','-998.00','-998.00','-998.00','0.00','0.00','0.00','2020-09-08 12:00:00'),('64','內門','-998.00','-998.00','-998.00','0.00','0.00','0.00','2020-09-08 12:00:00'),('64','六龜','-998.00','-998.00','-998.00','0.00','0.00','0.00','2020-09-08 12:00:00'),('64','六龜(4)','-998.00','-998.00','-998.00','0.00','0.00','0.00','2020-09-08 12:00:00'),('64','南天池','-998.00','-998.00','-998.00','0.00','0.00','0.00','2020-09-08 12:00:00'),('64','古亭坑','-998.00','-998.00','-998.00','0.00','0.00','0.00','2020-09-08 12:00:00'),('64','吉東','-998.00','-998.00','-998.00','0.00','0.00','0.00','2020-09-08 12:00:00'),('64','圓富國中','-998.00','-998.00','-998.00','0.00','0.00','0.00','2020-09-08 12:00:00'),('64','多納(1)','-998.00','-998.00','-998.00','0.00','0.00','0.00','2020-09-08 12:00:00'),('64','多納林道','-998.00','-998.00','-998.00','0.00','0.00','0.00','2020-09-08 12:00:00'),('64','大寮','-998.00','-998.00','-998.00','0.00','0.00','0.00','2020-09-08 12:00:00'),('64','大津','-998.00','-998.00','-998.00','0.00','0.00','0.00','2020-09-08 12:00:00'),('64','大社','-998.00','-998.00','-998.00','0.00','0.00','0.00','2020-09-08 12:00:00'),('64','寶山','-998.00','-998.00','-998.00','0.00','0.00','0.00','2020-09-08 12:00:00'),('64','小林','-998.00','-998.00','-998.00','0.00','0.00','0.00','2020-09-08 12:00:00'),('64','小關山','-998.00','-998.00','-998.00','0.00','0.00','0.00','2020-09-08 12:00:00'),('64','尖山','-998.00','-998.00','-998.00','0.00','0.00','0.00','2020-09-08 12:00:00'),('64','岡山','-998.00','-998.00','-998.00','0.00','0.00','0.00','2020-09-08 12:00:00'),('64','左營','-998.00','-998.00','-998.00','0.00','0.00','0.00','2020-09-08 12:00:00'),('64','建山國小','-998.00','-998.00','-998.00','0.00','0.00','0.00','2020-09-08 12:00:00'),('64','彌陀','-998.00','-998.00','-998.00','0.00','0.00','0.00','2020-09-08 12:00:00'),('64','御油山','-998.00','-998.00','-998.00','0.00','0.00','0.00','2020-09-08 12:00:00'),('64','復興','-998.00','-998.00','-998.00','0.00','0.00','0.00','2020-09-08 12:00:00'),('64','排雲','-998.00','-998.00','-998.00','0.00','0.00','0.00','2020-09-08 12:00:00'),('64','新發','-998.00','-998.00','-998.00','0.00','0.00','0.00','2020-09-08 12:00:00'),('64','新發國小','-998.00','-998.00','-998.00','0.00','0.00','0.00','2020-09-08 12:00:00'),('64','新興','-998.00','-998.00','-998.00','0.00','0.00','0.00','2020-09-08 12:00:00'),('64','旗南農改','-998.00','-998.00','-998.00','0.00','0.00','0.00','2020-09-08 12:00:00'),('64','旗山','-998.00','-998.00','-998.00','0.00','0.00','0.00','2020-09-08 12:00:00'),('64','旗山(4)','-998.00','-998.00','-998.00','0.00','0.00','0.00','2020-09-08 12:00:00'),('64','旗津','-998.00','-998.00','-998.00','0.00','0.00','0.00','2020-09-08 12:00:00'),('64','月眉','-998.00','-998.00','-998.00','0.00','0.00','0.00','2020-09-08 12:00:00'),('64','木柵','-998.00','-998.00','-998.00','0.00','0.00','0.00','2020-09-08 12:00:00'),('64','東沙島','-998.00','-998.00','-998.00','0.00','0.00','0.00','2020-09-08 12:00:00'),('64','林園','-998.00','-998.00','-998.00','0.00','0.00','0.00','2020-09-08 12:00:00'),('64','林試六龜中心','-998.00','-998.00','-998.00','0.00','0.00','0.00','2020-09-08 12:00:00'),('64','林試扇平站','-998.00','-998.00','-998.00','0.00','0.00','0.00','2020-09-08 12:00:00'),('64','梅山','-998.00','-998.00','-998.00','0.00','0.00','0.00','2020-09-08 12:00:00'),('64','梅山(2)','-998.00','-998.00','-998.00','0.00','0.00','0.00','2020-09-08 12:00:00'),('64','梓官','-998.00','-998.00','-998.00','0.00','0.00','0.00','2020-09-08 12:00:00'),('64','楠梓','-998.00','-998.00','-998.00','0.00','0.00','0.00','2020-09-08 12:00:00'),('64','橋頭','-998.00','-998.00','-998.00','0.00','0.00','0.00','2020-09-08 12:00:00'),('64','民權','-998.00','-998.00','-998.00','0.00','0.00','0.00','2020-09-08 12:00:00'),('64','永安','-998.00','-998.00','-998.00','0.00','0.00','0.00','2020-09-08 12:00:00'),('64','湖內','-998.00','-998.00','-998.00','0.00','0.00','0.00','2020-09-08 12:00:00'),('64','溝坪','-998.00','-998.00','-998.00','0.00','0.00','0.00','2020-09-08 12:00:00'),('64','溪南(特)','-998.00','-998.00','-998.00','0.00','0.00','0.00','2020-09-08 12:00:00'),('64','溪埔','-998.00','-998.00','-998.00','0.00','0.00','0.00','2020-09-08 12:00:00'),('64','甲仙','-998.00','-998.00','-998.00','0.00','0.00','0.00','2020-09-08 12:00:00'),('64','甲仙(2)','-998.00','-998.00','-998.00','0.00','0.00','0.00','2020-09-08 12:00:00'),('64','美濃','-998.00','-998.00','-998.00','0.00','0.00','0.00','2020-09-08 12:00:00'),('64','美濃(2)','-998.00','-998.00','-998.00','0.00','0.00','0.00','2020-09-08 12:00:00'),('64','苓雅','-998.00','-998.00','-998.00','0.00','0.00','0.00','2020-09-08 12:00:00'),('64','茂林蝶谷','-998.00','-998.00','-998.00','0.00','0.00','0.00','2020-09-08 12:00:00'),('64','茄萣','-998.00','-998.00','-998.00','0.00','0.00','0.00','2020-09-08 12:00:00'),('64','萬山','-998.00','-998.00','-998.00','0.00','0.00','0.00','2020-09-08 12:00:00'),('64','藤枝','-998.00','-998.00','-998.00','0.00','0.00','0.00','2020-09-08 12:00:00'),('64','路竹','-998.00','-998.00','-998.00','0.00','0.00','0.00','2020-09-08 12:00:00'),('64','達卡努瓦','-998.00','-998.00','-998.00','0.00','0.00','0.00','2020-09-08 12:00:00'),('64','那瑪夏國中','-998.00','-998.00','-998.00','0.00','0.00','0.00','2020-09-08 12:00:00'),('64','金山','-998.00','-998.00','-998.00','0.00','0.00','0.00','2020-09-08 12:00:00'),('64','阿公店','-998.00','-998.00','-998.00','0.00','0.00','0.00','2020-09-08 12:00:00'),('64','阿蓮','-998.00','-998.00','-998.00','0.00','0.00','0.00','2020-09-08 12:00:00'),('64','阿蓮(2)','-998.00','-998.00','-998.00','0.00','0.00','0.00','2020-09-08 12:00:00'),('64','集來','-998.00','-998.00','-998.00','0.00','0.00','0.00','2020-09-08 12:00:00'),('64','高中','-998.00','-998.00','-998.00','0.00','0.00','0.00','2020-09-08 12:00:00'),('64','高中(2)','-998.00','-998.00','-998.00','0.00','0.00','0.00','2020-09-08 12:00:00'),('64','高雄','-998.00','-998.00','-998.00','0.00','0.00','0.00','2020-09-08 12:00:00'),('64','鳳山','-998.00','-998.00','-998.00','0.00','0.00','0.00','2020-09-08 12:00:00'),('64','鳳山農試','-998.00','-998.00','-998.00','0.00','0.00','0.00','2020-09-08 12:00:00'),('64','鳳森','-998.00','-998.00','-998.00','0.00','0.00','0.00','2020-09-08 12:00:00'),('64','鼓山','-998.00','-998.00','-998.00','0.00','0.00','0.00','2020-09-08 12:00:00'),('65','三和','-998.00','-998.00','-998.00','0.00','0.00','0.00','2020-09-08 12:00:00'),('65','三峽','-998.00','-998.00','-998.00','0.00','0.00','0.00','2020-09-08 12:00:00'),('65','三芝','-998.00','-998.00','-998.00','0.00','0.00','0.00','2020-09-08 12:00:00'),('65','三貂嶺','-998.00','-998.00','-998.00','0.00','0.00','0.00','2020-09-08 12:00:00'),('65','三貂角','-998.00','-998.00','-998.00','0.00','0.00','0.00','2020-09-08 12:00:00'),('65','三重','-998.00','-998.00','-998.00','0.00','0.00','0.00','2020-09-08 12:00:00'),('65','上林國小','-998.00','-998.00','-998.00','0.00','0.00','0.00','2020-09-08 12:00:00'),('65','下盆','-998.00','-998.00','-998.00','0.00','0.00','0.00','2020-09-08 12:00:00'),('65','中和','-998.00','-998.00','-998.00','0.00','0.00','0.00','2020-09-08 12:00:00'),('65','九芎根','-998.00','-998.00','-998.00','0.00','0.00','0.00','2020-09-08 12:00:00'),('65','五分山','-998.00','-998.00','-998.00','0.00','0.00','0.00','2020-09-08 12:00:00'),('65','五城加油站','-998.00','-998.00','-998.00','0.00','0.00','0.00','2020-09-08 12:00:00'),('65','五寮國小','-998.00','-998.00','-998.00','0.00','0.00','0.00','2020-09-08 12:00:00'),('65','五指山','-998.00','-998.00','-998.00','0.00','0.00','0.00','2020-09-08 12:00:00'),('65','五股','-998.00','-998.00','-998.00','0.00','0.00','0.00','2020-09-08 12:00:00'),('65','信賢派出所','-998.00','-998.00','-998.00','0.00','0.00','0.00','2020-09-08 12:00:00'),('65','八里','-998.00','-998.00','-998.00','0.00','0.00','0.00','2020-09-08 12:00:00'),('65','十三股','-998.00','-998.00','-998.00','0.00','0.00','0.00','2020-09-08 12:00:00'),('65','吉林國小','-998.00','-998.00','-998.00','0.00','0.00','0.00','2020-09-08 12:00:00'),('65','員山子','-998.00','-998.00','-998.00','0.00','0.00','0.00','2020-09-08 12:00:00'),('65','四十份','-998.00','-998.00','-998.00','7.50','7.50','7.50','2020-09-08 12:00:00'),('65','四堵','-998.00','-998.00','-998.00','0.00','0.00','0.00','2020-09-08 12:00:00'),('65','土城','-998.00','-998.00','-998.00','0.00','0.00','0.00','2020-09-08 12:00:00'),('65','坪林','-998.00','-998.00','-998.00','0.00','0.00','0.00','2020-09-08 12:00:00'),('65','大坪','-998.00','-998.00','-998.00','0.00','0.00','0.00','2020-09-08 12:00:00'),('65','大桶山','-998.00','-998.00','-998.00','0.00','0.00','0.00','2020-09-08 12:00:00'),('65','大粗坑','-998.00','-998.00','-998.00','0.00','0.00','0.00','2020-09-08 12:00:00'),('65','大豹','-998.00','-998.00','-998.00','0.00','0.00','0.00','2020-09-08 12:00:00'),('65','太平','-998.00','-998.00','-998.00','0.00','0.00','0.00','2020-09-08 12:00:00'),('65','富貴角','-998.00','-998.00','-998.00','0.00','0.00','0.00','2020-09-08 12:00:00'),('65','屈尺','-998.00','-998.00','-998.00','0.00','0.00','0.00','2020-09-08 12:00:00'),('65','山佳','-998.00','-998.00','-998.00','0.00','0.00','0.00','2020-09-08 12:00:00'),('65','平溪旅遊','-998.00','-998.00','-998.00','0.00','0.00','0.00','2020-09-08 12:00:00'),('65','建安國小','-998.00','-998.00','-998.00','0.00','0.00','0.00','2020-09-08 12:00:00'),('65','文山茶改','-998.00','-998.00','-998.00','0.00','0.00','0.00','2020-09-08 12:00:00'),('65','新店','-998.00','-998.00','-998.00','0.00','0.00','0.00','2020-09-08 12:00:00'),('65','新莊','-998.00','-998.00','-998.00','0.00','0.00','0.00','2020-09-08 12:00:00'),('65','有木國小','-998.00','-998.00','-998.00','0.00','0.00','0.00','2020-09-08 12:00:00'),('65','板橋','-998.00','-998.00','-998.00','0.00','0.00','0.00','2020-09-08 12:00:00'),('65','林口','-998.00','-998.00','-998.00','0.00','0.00','0.00','2020-09-08 12:00:00'),('65','林口(1)','-998.00','-998.00','-998.00','0.00','0.00','0.00','2020-09-08 12:00:00'),('65','柑林國小','-998.00','-998.00','-998.00','0.00','0.00','0.00','2020-09-08 12:00:00'),('65','桃改臺北分場','-998.00','-998.00','-998.00','0.00','0.00','0.00','2020-09-08 12:00:00'),('65','桶後','-998.00','-998.00','-998.00','0.00','0.00','0.00','2020-09-08 12:00:00'),('65','永和','-998.00','-998.00','-998.00','0.00','0.00','0.00','2020-09-08 12:00:00'),('65','汐止','-998.00','-998.00','-998.00','0.00','0.00','0.00','2020-09-08 12:00:00'),('65','泰平','-998.00','-998.00','-998.00','0.00','0.00','0.00','2020-09-08 12:00:00'),('65','淡水','-998.00','-998.00','-998.00','0.00','0.00','0.00','2020-09-08 12:00:00'),('65','深坑','-998.00','-998.00','-998.00','0.00','0.00','0.00','2020-09-08 12:00:00'),('65','火燒寮','-998.00','-998.00','-998.00','0.00','0.00','0.00','2020-09-08 12:00:00'),('65','熊空山','-998.00','-998.00','-998.00','0.00','0.00','0.00','2020-09-08 12:00:00'),('65','瑞芳','-998.00','-998.00','-998.00','0.00','0.00','0.00','2020-09-08 12:00:00'),('65','瑞芳(2)','-998.00','-998.00','-998.00','0.00','0.00','0.00','2020-09-08 12:00:00'),('65','白沙灣','-998.00','-998.00','-998.00','0.00','0.00','0.00','2020-09-08 12:00:00'),('65','石碇','-998.00','-998.00','-998.00','0.00','0.00','0.00','2020-09-08 12:00:00'),('65','石碇(2)','-998.00','-998.00','-998.00','0.00','0.00','0.00','2020-09-08 12:00:00'),('65','硬漢嶺','-998.00','-998.00','-998.00','0.00','0.00','0.00','2020-09-08 12:00:00'),('65','碧湖','-998.00','-998.00','-998.00','0.00','0.00','0.00','2020-09-08 12:00:00'),('65','社后橋','-998.00','-998.00','-998.00','0.00','0.00','0.00','2020-09-08 12:00:00'),('65','福山','-998.00','-998.00','-998.00','0.00','0.00','0.00','2020-09-08 12:00:00'),('65','福山(3)','-998.00','-998.00','-998.00','0.00','0.00','0.00','2020-09-08 12:00:00'),('65','福山植物園','-998.00','-998.00','-998.00','0.00','0.00','0.00','2020-09-08 12:00:00'),('65','福隆','-998.00','-998.00','-998.00','0.00','0.00','0.00','2020-09-08 12:00:00'),('65','精忠','-998.00','-998.00','-998.00','6.00','6.00','6.00','2020-09-08 12:00:00'),('65','翡翠','-998.00','-998.00','-998.00','0.00','0.00','0.00','2020-09-08 12:00:00'),('65','萬里國小','-998.00','-998.00','-998.00','0.00','0.00','0.00','2020-09-08 12:00:00'),('65','蘆洲','-998.00','-998.00','-998.00','0.00','0.00','0.00','2020-09-08 12:00:00'),('65','覽勝橋','-998.00','-998.00','-998.00','0.00','0.00','0.00','2020-09-08 12:00:00'),('65','金山','-998.00','-998.00','-998.00','0.00','0.00','0.00','2020-09-08 12:00:00'),('65','長坑國小','-998.00','-998.00','-998.00','0.00','0.00','0.00','2020-09-08 12:00:00'),('65','雙溪','-998.00','-998.00','-998.00','0.00','0.00','0.00','2020-09-08 12:00:00'),('65','鶯歌','-998.00','-998.00','-998.00','0.00','0.00','0.00','2020-09-08 12:00:00'),('65','鼻頭角','-998.00','-998.00','-998.00','0.00','0.00','0.00','2020-09-08 12:00:00'),('66','上谷關','-998.00','-998.00','-998.00','0.00','0.00','0.00','2020-09-08 12:00:00'),('66','中坑','-998.00','-998.00','-998.00','0.00','0.00','0.00','2020-09-08 12:00:00'),('66','中坑國小','-998.00','-998.00','-998.00','0.00','0.00','0.00','2020-09-08 12:00:00'),('66','中竹林','-998.00','-998.00','-998.00','0.00','0.00','0.00','2020-09-08 12:00:00'),('66','伯公龍','-998.00','-998.00','-998.00','0.00','0.00','0.00','2020-09-08 12:00:00'),('66','卓蘭(2)','-998.00','-998.00','-998.00','0.00','0.00','0.00','2020-09-08 12:00:00'),('66','南屯','-998.00','-998.00','-998.00','0.00','0.00','0.00','2020-09-08 12:00:00'),('66','后里','-998.00','-998.00','-998.00','0.00','0.00','0.00','2020-09-08 12:00:00'),('66','國一S162K','-998.00','-998.00','-998.00','0.00','0.00','0.00','2020-09-08 12:00:00'),('66','國一S169K','-998.00','-998.00','-998.00','0.00','0.00','0.00','2020-09-08 12:00:00'),('66','國一S188K','-998.00','-998.00','-998.00','0.00','0.00','0.00','2020-09-08 12:00:00'),('66','國三N208K','-998.00','-998.00','-998.00','0.00','0.00','0.00','2020-09-08 12:00:00'),('66','國三S168K','-998.00','-998.00','-998.00','0.00','0.00','0.00','2020-09-08 12:00:00'),('66','國三S173K','-998.00','-998.00','-998.00','0.00','0.00','0.00','2020-09-08 12:00:00'),('66','國三S178K','-998.00','-998.00','-998.00','0.00','0.00','0.00','2020-09-08 12:00:00'),('66','國四E5K','-998.00','-998.00','-998.00','0.00','0.00','0.00','2020-09-08 12:00:00'),('66','坪廓分校','-998.00','-998.00','-998.00','0.00','0.00','0.00','2020-09-08 12:00:00'),('66','外埔','-998.00','-998.00','-998.00','0.00','0.00','0.00','2020-09-08 12:00:00'),('66','大坑','-998.00','-998.00','-998.00','0.00','0.00','0.00','2020-09-08 12:00:00'),('66','大安','-998.00','-998.00','-998.00','0.00','0.00','0.00','2020-09-08 12:00:00'),('66','大甲','-998.00','-998.00','-998.00','0.00','0.00','0.00','2020-09-08 12:00:00'),('66','大肚','-998.00','-998.00','-998.00','0.00','0.00','0.00','2020-09-08 12:00:00'),('66','大里','-998.00','-998.00','-998.00','0.00','0.00','0.00','2020-09-08 12:00:00'),('66','大雅','-998.00','-998.00','-998.00','0.00','0.00','0.00','2020-09-08 12:00:00'),('66','審馬陣','-998.00','-998.00','-998.00','0.00','0.00','0.00','2020-09-08 12:00:00'),('66','峰谷國小','-998.00','-998.00','-998.00','0.00','0.00','0.00','2020-09-08 12:00:00'),('66','德基','-998.00','-998.00','-998.00','0.00','0.00','0.00','2020-09-08 12:00:00'),('66','慶福山','-998.00','-998.00','-998.00','0.00','0.00','0.00','2020-09-08 12:00:00'),('66','新伯公','-998.00','-998.00','-998.00','0.00','0.00','0.00','2020-09-08 12:00:00'),('66','新社','-998.00','-998.00','-998.00','0.00','0.00','0.00','2020-09-08 12:00:00'),('66','東勢','-998.00','-998.00','-998.00','0.00','0.00','0.00','2020-09-08 12:00:00'),('66','松鶴','-998.00','-998.00','-998.00','0.00','0.00','0.00','2020-09-08 12:00:00'),('66','桃山','-998.00','-998.00','-998.00','0.00','0.00','0.00','2020-09-08 12:00:00'),('66','桐林','-998.00','-998.00','-998.00','0.00','0.00','0.00','2020-09-08 12:00:00'),('66','梧棲','-998.00','-998.00','-998.00','0.00','0.00','0.00','2020-09-08 12:00:00'),('66','梨山','-998.00','-998.00','-998.00','0.00','0.00','0.00','2020-09-08 12:00:00'),('66','武陵','-998.00','-998.00','-998.00','0.00','0.00','0.00','2020-09-08 12:00:00'),('66','清水','-998.00','-998.00','-998.00','0.00','0.00','0.00','2020-09-08 12:00:00'),('66','清水林','-998.00','-998.00','-998.00','0.00','0.00','0.00','2020-09-08 12:00:00'),('66','潭子','-998.00','-998.00','-998.00','0.00','0.00','0.00','2020-09-08 12:00:00'),('66','烏日','-998.00','-998.00','-998.00','0.00','0.00','0.00','2020-09-08 12:00:00'),('66','烏石坑','-998.00','-998.00','-998.00','0.00','0.00','0.00','2020-09-08 12:00:00'),('66','白冷','-998.00','-998.00','-998.00','0.00','0.00','0.00','2020-09-08 12:00:00'),('66','白毛台','-998.00','-998.00','-998.00','0.00','0.00','0.00','2020-09-08 12:00:00'),('66','石岡','-998.00','-998.00','-998.00','0.00','0.00','0.00','2020-09-08 12:00:00'),('66','神岡','-998.00','-998.00','-998.00','0.00','0.00','0.00','2020-09-08 12:00:00'),('66','稍來','-998.00','-998.00','-998.00','0.00','0.00','0.00','2020-09-08 12:00:00'),('66','種苗繁殖','-998.00','-998.00','-998.00','0.00','0.00','0.00','2020-09-08 12:00:00'),('66','臺中','-998.00','-998.00','-998.00','0.00','0.00','0.00','2020-09-08 12:00:00'),('66','西屯','-998.00','-998.00','-998.00','0.00','0.00','0.00','2020-09-08 12:00:00'),('66','豐原','-998.00','-998.00','-998.00','0.00','0.00','0.00','2020-09-08 12:00:00'),('66','農業試驗所','-998.00','-998.00','-998.00','0.00','0.00','0.00','2020-09-08 12:00:00'),('66','達觀國小','-998.00','-998.00','-998.00','0.00','0.00','0.00','2020-09-08 12:00:00'),('66','雙崎(2)','-998.00','-998.00','-998.00','0.00','0.00','0.00','2020-09-08 12:00:00'),('66','雪嶺','-998.00','-998.00','-998.00','0.00','0.00','0.00','2020-09-08 12:00:00'),('66','頭汴坑','-998.00','-998.00','-998.00','0.00','0.00','0.00','2020-09-08 12:00:00'),('66','龍井','-998.00','-998.00','-998.00','0.00','0.00','0.00','2020-09-08 12:00:00'),('66','龍安','-998.00','-998.00','-998.00','0.00','0.00','0.00','2020-09-08 12:00:00'),('67','七股','-998.00','-998.00','-998.00','0.00','0.00','0.00','2020-09-08 12:00:00'),('67','七股研究中心','-998.00','-998.00','-998.00','0.00','0.00','0.00','2020-09-08 12:00:00'),('67','下營','-998.00','-998.00','-998.00','0.00','0.00','0.00','2020-09-08 12:00:00'),('67','仁德','-998.00','-998.00','-998.00','0.00','0.00','0.00','2020-09-08 12:00:00'),('67','佳里','-998.00','-998.00','-998.00','0.00','0.00','0.00','2020-09-08 12:00:00'),('67','六溪','-998.00','-998.00','-998.00','0.00','0.00','0.00','2020-09-08 12:00:00'),('67','北寮','-998.00','-998.00','-998.00','0.00','0.00','0.00','2020-09-08 12:00:00'),('67','北門','-998.00','-998.00','-998.00','0.00','0.00','0.00','2020-09-08 12:00:00'),('67','南化(2)','-998.00','-998.00','-998.00','0.00','0.00','0.00','2020-09-08 12:00:00'),('67','善化','-998.00','-998.00','-998.00','0.00','0.00','0.00','2020-09-08 12:00:00'),('67','大內','-998.00','-998.00','-998.00','0.00','0.00','0.00','2020-09-08 12:00:00'),('67','大棟山','-998.00','-998.00','-998.00','0.00','0.00','0.00','2020-09-08 12:00:00'),('67','大竹坑','-998.00','-998.00','-998.00','0.00','0.00','0.00','2020-09-08 12:00:00'),('67','媽廟','-998.00','-998.00','-998.00','0.00','0.00','0.00','2020-09-08 12:00:00'),('67','學甲','-998.00','-998.00','-998.00','0.00','0.00','0.00','2020-09-08 12:00:00'),('67','安南','-998.00','-998.00','-998.00','0.00','0.00','0.00','2020-09-08 12:00:00'),('67','安定','-998.00','-998.00','-998.00','0.00','0.00','0.00','2020-09-08 12:00:00'),('67','安平','-998.00','-998.00','-998.00','0.00','0.00','0.00','2020-09-08 12:00:00'),('67','官田','-998.00','-998.00','-998.00','0.00','0.00','0.00','2020-09-08 12:00:00'),('67','將軍','-998.00','-998.00','-998.00','0.00','0.00','0.00','2020-09-08 12:00:00'),('67','山上','-998.00','-998.00','-998.00','0.00','0.00','0.00','2020-09-08 12:00:00'),('67','崁頭山','-998.00','-998.00','-998.00','0.00','0.00','0.00','2020-09-08 12:00:00'),('67','崎頂','-998.00','-998.00','-998.00','0.00','0.00','0.00','2020-09-08 12:00:00'),('67','左鎮','-998.00','-998.00','-998.00','0.00','0.00','0.00','2020-09-08 12:00:00'),('67','後壁','-998.00','-998.00','-998.00','0.00','0.00','0.00','2020-09-08 12:00:00'),('67','新市','-998.00','-998.00','-998.00','0.00','0.00','0.00','2020-09-08 12:00:00'),('67','新營','-998.00','-998.00','-998.00','0.00','0.00','0.00','2020-09-08 12:00:00'),('67','曾文','-998.00','-998.00','-998.00','0.00','0.00','0.00','2020-09-08 12:00:00'),('67','東原','-998.00','-998.00','-998.00','0.00','0.00','0.00','2020-09-08 12:00:00'),('67','東河','-998.00','-998.00','-998.00','0.00','0.00','0.00','2020-09-08 12:00:00'),('67','柳營','-998.00','-998.00','-998.00','0.00','0.00','0.00','2020-09-08 12:00:00'),('67','楠西','-998.00','-998.00','-998.00','0.00','0.00','0.00','2020-09-08 12:00:00'),('67','水試所七股','-998.00','-998.00','-998.00','0.00','0.00','0.00','2020-09-08 12:00:00'),('67','永康','-998.00','-998.00','-998.00','0.00','0.00','0.00','2020-09-08 12:00:00'),('67','沙崙','-998.00','-998.00','-998.00','0.00','0.00','0.00','2020-09-08 12:00:00'),('67','玉井','-998.00','-998.00','-998.00','0.00','0.00','0.00','2020-09-08 12:00:00'),('67','王爺宮','-998.00','-998.00','-998.00','0.00','0.00','0.00','2020-09-08 12:00:00'),('67','環湖','-998.00','-998.00','-998.00','0.00','0.00','0.00','2020-09-08 12:00:00'),('67','畜試所','-998.00','-998.00','-998.00','0.00','0.00','0.00','2020-09-08 12:00:00'),('67','白河','-998.00','-998.00','-998.00','0.00','0.00','0.00','2020-09-08 12:00:00'),('67','羌黃坑','-998.00','-998.00','-998.00','0.00','0.00','0.00','2020-09-08 12:00:00'),('67','臺南','-998.00','-998.00','-998.00','0.00','0.00','0.00','2020-09-08 12:00:00'),('67','臺南市北區','-998.00','-998.00','-998.00','0.00','0.00','0.00','2020-09-08 12:00:00'),('67','臺南市南區','-998.00','-998.00','-998.00','0.00','0.00','0.00','2020-09-08 12:00:00'),('67','臺南農改','-998.00','-998.00','-998.00','0.00','0.00','0.00','2020-09-08 12:00:00'),('67','虎頭埤','-998.00','-998.00','-998.00','0.00','0.00','0.00','2020-09-08 12:00:00'),('67','西港','-998.00','-998.00','-998.00','0.00','0.00','0.00','2020-09-08 12:00:00'),('67','關子嶺','-998.00','-998.00','-998.00','0.00','0.00','0.00','2020-09-08 12:00:00'),('67','關子嶺(2)','-998.00','-998.00','-998.00','0.00','0.00','0.00','2020-09-08 12:00:00'),('67','關山','-998.00','-998.00','-998.00','0.00','0.00','0.00','2020-09-08 12:00:00'),('67','關廟','-998.00','-998.00','-998.00','0.00','0.00','0.00','2020-09-08 12:00:00'),('67','鹽水','-998.00','-998.00','-998.00','0.00','0.00','0.00','2020-09-08 12:00:00'),('67','鹿寮','-998.00','-998.00','-998.00','0.00','0.00','0.00','2020-09-08 12:00:00'),('67','麻豆','-998.00','-998.00','-998.00','0.00','0.00','0.00','2020-09-08 12:00:00'),('68','中壢','-998.00','-998.00','-998.00','0.00','0.00','0.00','2020-09-08 12:00:00'),('68','中央大學','-998.00','-998.00','-998.00','0.00','0.00','0.00','2020-09-08 12:00:00'),('68','八德','-998.00','-998.00','-998.00','0.00','0.00','0.00','2020-09-08 12:00:00'),('68','八德合作社','-998.00','-998.00','-998.00','0.00','0.00','0.00','2020-09-08 12:00:00'),('68','八德蔬果','-998.00','-998.00','-998.00','0.00','0.00','0.00','2020-09-08 12:00:00'),('68','嘎拉賀','-998.00','-998.00','-998.00','0.00','0.00','0.00','2020-09-08 12:00:00'),('68','嘎色鬧分校','-998.00','-998.00','-998.00','0.00','0.00','0.00','2020-09-08 12:00:00'),('68','國一五楊','-998.00','-998.00','-998.00','0.00','0.00','0.00','2020-09-08 12:00:00'),('68','大園','-998.00','-998.00','-998.00','0.00','0.00','0.00','2020-09-08 12:00:00'),('68','大溪','-998.00','-998.00','-998.00','0.00','0.00','0.00','2020-09-08 12:00:00'),('68','大溪永福','-998.00','-998.00','-998.00','0.00','0.00','0.00','2020-09-08 12:00:00'),('68','大艽芎古道','-998.00','-998.00','-998.00','0.00','0.00','0.00','2020-09-08 12:00:00'),('68','巴陵','-998.00','-998.00','-998.00','0.00','0.00','0.00','2020-09-08 12:00:00'),('68','平鎮','-998.00','-998.00','-998.00','0.00','0.00','0.00','2020-09-08 12:00:00'),('68','復興','-998.00','-998.00','-998.00','0.00','0.00','0.00','2020-09-08 12:00:00'),('68','拉拉山','-998.00','-998.00','-998.00','0.00','0.00','0.00','2020-09-08 12:00:00'),('68','新屋','-998.00','-998.00','-998.00','0.00','0.00','0.00','2020-09-08 12:00:00'),('68','桃園','-998.00','-998.00','-998.00','0.00','0.00','0.00','2020-09-08 12:00:00'),('68','桃園農改','-998.00','-998.00','-998.00','0.00','0.00','0.00','2020-09-08 12:00:00'),('68','楊梅','-998.00','-998.00','-998.00','0.00','0.00','0.00','2020-09-08 12:00:00'),('68','水尾','-998.00','-998.00','-998.00','0.00','0.00','0.00','2020-09-08 12:00:00'),('68','石門','-998.00','-998.00','-998.00','0.00','0.00','0.00','2020-09-08 12:00:00'),('68','石門後池','-998.00','-998.00','-998.00','0.00','0.00','0.00','2020-09-08 12:00:00'),('68','茶改場','-998.00','-998.00','-998.00','0.00','0.00','0.00','2020-09-08 12:00:00'),('68','蘆竹','-998.00','-998.00','-998.00','0.00','0.00','0.00','2020-09-08 12:00:00'),('68','蘇樂','-998.00','-998.00','-998.00','0.00','0.00','0.00','2020-09-08 12:00:00'),('68','觀音','-998.00','-998.00','-998.00','0.00','0.00','0.00','2020-09-08 12:00:00'),('68','農工中心','-998.00','-998.00','-998.00','0.00','0.00','0.00','2020-09-08 12:00:00'),('68','霞雲','-998.00','-998.00','-998.00','0.00','0.00','0.00','2020-09-08 12:00:00'),('68','高坡國小','-998.00','-998.00','-998.00','0.00','0.00','0.00','2020-09-08 12:00:00'),('68','高義','-998.00','-998.00','-998.00','0.00','0.00','0.00','2020-09-08 12:00:00'),('68','龍壽社區','-998.00','-998.00','-998.00','0.00','0.00','0.00','2020-09-08 12:00:00'),('68','龍潭','-998.00','-998.00','-998.00','0.00','0.00','0.00','2020-09-08 12:00:00'),('68','龜山','-998.00','-998.00','-998.00','0.00','0.00','0.00','2020-09-08 12:00:00');
/*!40000 ALTER TABLE `rain` ENABLE KEYS */;
UNLOCK TABLES;

--
-- Table structure for table `rainCatch`
--

DROP TABLE IF EXISTS `rainCatch`;
/*!40101 SET @saved_cs_client     = @@character_set_client */;
/*!40101 SET character_set_client = utf8 */;
CREATE TABLE `rainCatch` (
  `catchTime` datetime NOT NULL,
  PRIMARY KEY (`catchTime`)
) ENGINE=InnoDB DEFAULT CHARSET=utf8;
/*!40101 SET character_set_client = @saved_cs_client */;

--
-- Dumping data for table `rainCatch`
--

LOCK TABLES `rainCatch` WRITE;
/*!40000 ALTER TABLE `rainCatch` DISABLE KEYS */;
INSERT INTO `rainCatch` VALUES ('2020-09-08 12:14:25');
/*!40000 ALTER TABLE `rainCatch` ENABLE KEYS */;
UNLOCK TABLES;

--
-- Table structure for table `weatherCatch`
--

DROP TABLE IF EXISTS `weatherCatch`;
/*!40101 SET @saved_cs_client     = @@character_set_client */;
/*!40101 SET character_set_client = utf8 */;
CREATE TABLE `weatherCatch` (
  `catchTime` datetime NOT NULL,
  PRIMARY KEY (`catchTime`)
) ENGINE=InnoDB DEFAULT CHARSET=utf8;
/*!40101 SET character_set_client = @saved_cs_client */;

--
-- Dumping data for table `weatherCatch`
--

LOCK TABLES `weatherCatch` WRITE;
/*!40000 ALTER TABLE `weatherCatch` DISABLE KEYS */;
INSERT INTO `weatherCatch` VALUES ('2020-09-08 12:14:21');
/*!40000 ALTER TABLE `weatherCatch` ENABLE KEYS */;
UNLOCK TABLES;

--
-- Table structure for table `weathers`
--

DROP TABLE IF EXISTS `weathers`;
/*!40101 SET @saved_cs_client     = @@character_set_client */;
/*!40101 SET character_set_client = utf8 */;
CREATE TABLE `weathers` (
  `cityId` varchar(20) NOT NULL,
  `maxAT` int(11) DEFAULT NULL,
  `maxT` int(11) DEFAULT NULL,
  `minAT` int(11) DEFAULT NULL,
  `minT` int(11) DEFAULT NULL,
  `pop12h` int(11) DEFAULT NULL,
  `rh` int(11) DEFAULT NULL,
  `wd` varchar(20) DEFAULT NULL,
  `ws1` varchar(20) DEFAULT NULL,
  `ws2` varchar(20) DEFAULT NULL,
  `wx` varchar(30) DEFAULT NULL,
  `startTime` datetime NOT NULL,
  `endTime` datetime NOT NULL,
  PRIMARY KEY (`cityId`,`startTime`,`endTime`)
) ENGINE=InnoDB DEFAULT CHARSET=utf8;
/*!40101 SET character_set_client = @saved_cs_client */;

--
-- Dumping data for table `weathers`
--

LOCK TABLES `weathers` WRITE;
/*!40000 ALTER TABLE `weathers` DISABLE KEYS */;
INSERT INTO `weathers` VALUES ('09007',31,30,28,27,90,64,'偏南風','5','3','多雲時陰短暫陣雨','2020-09-08 12:00:00','2020-09-08 18:00:00'),('09007',28,26,27,25,50,86,'偏南風','4','3','陰時多雲短暫陣雨','2020-09-08 18:00:00','2020-09-09 06:00:00'),('09007',33,30,26,25,40,78,'東南風','3','2','多雲短暫陣雨','2020-09-09 06:00:00','2020-09-09 18:00:00'),('09007',29,27,27,25,20,87,'東南風','4','3','多雲','2020-09-09 18:00:00','2020-09-10 06:00:00'),('09007',32,30,27,25,30,76,'偏北風','5','3','多雲短暫陣雨','2020-09-10 06:00:00','2020-09-10 18:00:00'),('09007',28,27,26,25,60,89,'東南風','6','4','多雲短暫陣雨','2020-09-10 18:00:00','2020-09-11 06:00:00'),('09007',31,30,25,25,0,80,'東北風','7','4','多雲短暫陣雨','2020-09-11 06:00:00','2020-09-11 18:00:00'),('09007',28,27,24,26,0,85,'東北風','8','5','多雲短暫陣雨','2020-09-11 18:00:00','2020-09-12 06:00:00'),('09007',31,30,24,26,0,78,'東北風','8','5','多雲短暫陣雨','2020-09-12 06:00:00','2020-09-12 18:00:00'),('09007',28,27,24,26,0,85,'東北風','8','5','多雲短暫陣雨','2020-09-12 18:00:00','2020-09-13 06:00:00'),('09007',30,30,24,26,0,67,'東北風','9','5','晴時多雲','2020-09-13 06:00:00','2020-09-13 18:00:00'),('09007',27,27,25,26,0,80,'東北風','7','4','陰時多雲短暫陣雨','2020-09-13 18:00:00','2020-09-14 06:00:00'),('09007',30,30,24,26,0,64,'東北風','7','4','陰短暫陣雨','2020-09-14 06:00:00','2020-09-14 18:00:00'),('09007',27,27,25,26,0,80,'東北風','6','4','陰短暫陣雨','2020-09-14 18:00:00','2020-09-15 06:00:00'),('09020',34,32,32,29,20,69,'偏南風','4','3','晴時多雲','2020-09-08 12:00:00','2020-09-08 18:00:00'),('09020',31,28,29,26,30,87,'西南風','4','3','多雲短暫陣雨','2020-09-08 18:00:00','2020-09-09 06:00:00'),('09020',34,32,29,26,20,74,'偏南風','4','3','晴時多雲','2020-09-09 06:00:00','2020-09-09 18:00:00'),('09020',30,28,29,26,30,85,'西南風','4','3','多雲短暫陣雨','2020-09-09 18:00:00','2020-09-10 06:00:00'),('09020',34,32,29,26,70,74,'偏南風','5','3','多雲短暫陣雨','2020-09-10 06:00:00','2020-09-10 18:00:00'),('09020',29,28,28,26,50,85,'偏南風','4','3','多雲短暫陣雨','2020-09-10 18:00:00','2020-09-11 06:00:00'),('09020',33,32,28,26,0,71,'偏東風','6','4','多雲短暫陣雨','2020-09-11 06:00:00','2020-09-11 18:00:00'),('09020',29,28,26,26,0,86,'東北風','6','4','多雲短暫陣雨','2020-09-11 18:00:00','2020-09-12 06:00:00'),('09020',33,32,26,26,0,68,'東北風','7','4','多雲短暫陣雨','2020-09-12 06:00:00','2020-09-12 18:00:00'),('09020',28,28,26,26,0,79,'東北風','5','3','多雲短暫陣雨','2020-09-12 18:00:00','2020-09-13 06:00:00'),('09020',32,33,26,26,0,58,'東北風','6','4','晴時多雲','2020-09-13 06:00:00','2020-09-13 18:00:00'),('09020',29,28,26,26,0,80,'東北風','5','3','多雲','2020-09-13 18:00:00','2020-09-14 06:00:00'),('09020',34,32,26,26,0,66,'東北風','6','4','多雲短暫陣雨','2020-09-14 06:00:00','2020-09-14 18:00:00'),('09020',29,28,27,25,0,85,'東北風','4','3','多雲時陰短暫陣雨','2020-09-14 18:00:00','2020-09-15 06:00:00'),('10002',37,33,34,31,20,58,'偏東風','2','2','多雲時晴','2020-09-08 12:00:00','2020-09-08 18:00:00'),('10002',33,30,29,26,0,74,'偏西風','1','<= 1','多雲','2020-09-08 18:00:00','2020-09-09 06:00:00'),('10002',38,34,28,25,50,69,'偏東風','2','2','晴午後短暫雷陣雨','2020-09-09 06:00:00','2020-09-09 18:00:00'),('10002',34,30,29,26,20,80,'偏西風','1','<= 1','晴時多雲','2020-09-09 18:00:00','2020-09-10 06:00:00'),('10002',37,32,29,26,80,74,'東南風','2','2','多雲短暫陣雨或雷雨','2020-09-10 06:00:00','2020-09-10 18:00:00'),('10002',33,29,29,26,20,82,'偏西風','1','<= 1','陰天','2020-09-10 18:00:00','2020-09-11 06:00:00'),('10002',37,32,28,25,0,73,'偏南風','2','2','多雲短暫陣雨或雷雨','2020-09-11 06:00:00','2020-09-11 18:00:00'),('10002',33,29,28,26,0,83,'偏西風','2','2','多雲短暫陣雨或雷雨','2020-09-11 18:00:00','2020-09-12 06:00:00'),('10002',37,32,28,25,0,76,'偏東風','2','2','多雲短暫陣雨','2020-09-12 06:00:00','2020-09-12 18:00:00'),('10002',33,29,29,26,0,85,'西南風','2','2','陰短暫陣雨','2020-09-12 18:00:00','2020-09-13 06:00:00'),('10002',38,33,28,26,0,76,'偏東風','2','2','多雲短暫陣雨','2020-09-13 06:00:00','2020-09-13 18:00:00'),('10002',34,30,29,26,0,86,'偏東風','2','2','陰短暫陣雨','2020-09-13 18:00:00','2020-09-14 06:00:00'),('10002',38,33,29,26,0,80,'偏東風','2','2','陰短暫陣雨','2020-09-14 06:00:00','2020-09-14 18:00:00'),('10002',33,30,28,25,0,83,'偏東風','2','2','多雲短暫陣雨','2020-09-14 18:00:00','2020-09-15 06:00:00'),('10004',36,33,34,31,0,56,'偏北風','2','2','多雲','2020-09-08 12:00:00','2020-09-08 18:00:00'),('10004',33,30,28,26,10,82,'東南風','2','2','多雲時晴','2020-09-08 18:00:00','2020-09-09 06:00:00'),('10004',36,34,28,26,20,58,'偏西風','2','2','晴時多雲','2020-09-09 06:00:00','2020-09-09 18:00:00'),('10004',33,30,29,26,30,82,'偏南風','3','2','多雲短暫陣雨','2020-09-09 18:00:00','2020-09-10 06:00:00'),('10004',35,32,28,26,40,70,'西南風','2','2','多雲短暫陣雨或雷雨','2020-09-10 06:00:00','2020-09-10 18:00:00'),('10004',32,29,28,26,30,82,'東北風','2','2','多雲短暫陣雨或雷雨','2020-09-10 18:00:00','2020-09-11 06:00:00'),('10004',35,32,28,26,0,68,'東北風','3','2','多雲短暫陣雨或雷雨','2020-09-11 06:00:00','2020-09-11 18:00:00'),('10004',32,29,27,26,0,87,'東北風','3','2','多雲短暫陣雨或雷雨','2020-09-11 18:00:00','2020-09-12 06:00:00'),('10004',35,33,27,25,0,67,'東北風','4','3','多雲午後短暫雷陣雨','2020-09-12 06:00:00','2020-09-12 18:00:00'),('10004',32,30,27,26,0,80,'東北風','3','2','晴時多雲','2020-09-12 18:00:00','2020-09-13 06:00:00'),('10004',35,33,27,25,0,66,'東北風','3','2','晴午後短暫雷陣雨','2020-09-13 06:00:00','2020-09-13 18:00:00'),('10004',32,30,28,26,0,82,'偏東風','3','2','多雲短暫陣雨','2020-09-13 18:00:00','2020-09-14 06:00:00'),('10004',35,33,28,26,0,65,'東北風','3','2','多雲午後短暫雷陣雨','2020-09-14 06:00:00','2020-09-14 18:00:00'),('10004',32,30,28,26,0,82,'東南風','3','2','多雲短暫陣雨','2020-09-14 18:00:00','2020-09-15 06:00:00'),('10005',35,32,33,30,0,56,'偏北風','2','2','多雲時陰','2020-09-08 12:00:00','2020-09-08 18:00:00'),('10005',32,29,28,25,10,78,'東南風','2','2','多雲時晴','2020-09-08 18:00:00','2020-09-09 06:00:00'),('10005',36,33,27,25,20,64,'西北風','2','2','晴時多雲','2020-09-09 06:00:00','2020-09-09 18:00:00'),('10005',33,30,28,26,20,82,'偏南風','2','2','多雲時晴','2020-09-09 18:00:00','2020-09-10 06:00:00'),('10005',35,31,28,25,30,72,'偏西風','3','2','多雲短暫陣雨或雷雨','2020-09-10 06:00:00','2020-09-10 18:00:00'),('10005',32,29,28,25,30,82,'偏南風','2','2','多雲短暫陣雨或雷雨','2020-09-10 18:00:00','2020-09-11 06:00:00'),('10005',34,31,27,25,0,70,'偏北風','2','2','多雲短暫陣雨或雷雨','2020-09-11 06:00:00','2020-09-11 18:00:00'),('10005',32,29,27,25,0,85,'東北風','3','2','多雲短暫陣雨或雷雨','2020-09-11 18:00:00','2020-09-12 06:00:00'),('10005',35,32,27,25,0,72,'偏北風','3','2','多雲午後短暫雷陣雨','2020-09-12 06:00:00','2020-09-12 18:00:00'),('10005',32,29,27,25,0,82,'偏北風','3','2','多雲短暫陣雨','2020-09-12 18:00:00','2020-09-13 06:00:00'),('10005',35,32,27,25,0,70,'東北風','3','2','多雲午後短暫雷陣雨','2020-09-13 06:00:00','2020-09-13 18:00:00'),('10005',33,30,28,26,0,79,'偏南風','3','2','多雲短暫陣雨','2020-09-13 18:00:00','2020-09-14 06:00:00'),('10005',35,32,27,26,0,70,'西北風','3','2','晴午後短暫雷陣雨','2020-09-14 06:00:00','2020-09-14 18:00:00'),('10005',33,30,28,26,0,81,'偏南風','3','2','多雲短暫陣雨','2020-09-14 18:00:00','2020-09-15 06:00:00'),('10007',36,33,34,31,0,54,'偏北風','2','2','多雲時晴','2020-09-08 12:00:00','2020-09-08 18:00:00'),('10007',33,30,29,26,0,81,'偏東風','2','2','晴時多雲','2020-09-08 18:00:00','2020-09-09 06:00:00'),('10007',38,33,29,26,10,65,'西北風','3','2','晴時多雲','2020-09-09 06:00:00','2020-09-09 18:00:00'),('10007',34,30,30,26,20,84,'偏東風','2','2','多雲','2020-09-09 18:00:00','2020-09-10 06:00:00'),('10007',36,32,30,26,40,73,'西北風','2','2','多雲午後短暫雷陣雨','2020-09-10 06:00:00','2020-09-10 18:00:00'),('10007',32,29,29,26,30,86,'偏北風','2','2','多雲短暫陣雨','2020-09-10 18:00:00','2020-09-11 06:00:00'),('10007',36,32,28,26,0,71,'偏北風','2','2','晴午後短暫雷陣雨','2020-09-11 06:00:00','2020-09-11 18:00:00'),('10007',34,30,29,26,0,85,'東南風','2','2','多雲短暫陣雨','2020-09-11 18:00:00','2020-09-12 06:00:00'),('10007',37,33,29,26,0,75,'東北風','3','2','多雲午後短暫雷陣雨','2020-09-12 06:00:00','2020-09-12 18:00:00'),('10007',34,30,29,26,0,86,'東南風','2','2','多雲短暫陣雨','2020-09-12 18:00:00','2020-09-13 06:00:00'),('10007',37,33,29,26,0,77,'偏南風','2','2','晴午後短暫雷陣雨','2020-09-13 06:00:00','2020-09-13 18:00:00'),('10007',34,30,30,26,0,87,'東南風','2','2','晴時多雲','2020-09-13 18:00:00','2020-09-14 06:00:00'),('10007',37,33,30,26,0,78,'西南風','3','2','多雲午後短暫雷陣雨','2020-09-14 06:00:00','2020-09-14 18:00:00'),('10007',34,30,29,26,0,85,'東南風','2','2','多雲短暫陣雨','2020-09-14 18:00:00','2020-09-15 06:00:00'),('10008',38,34,33,32,0,47,'偏北風','2','2','晴時多雲','2020-09-08 12:00:00','2020-09-08 18:00:00'),('10008',32,30,29,25,0,79,'偏東風','1','<= 1','晴時多雲','2020-09-08 18:00:00','2020-09-09 06:00:00'),('10008',38,34,28,25,20,58,'偏北風','2','2','晴時多雲','2020-09-09 06:00:00','2020-09-09 18:00:00'),('10008',34,30,29,25,20,86,'偏東風','1','<= 1','多雲時晴','2020-09-09 18:00:00','2020-09-10 06:00:00'),('10008',36,32,29,25,60,70,'西北風','2','2','多雲午後短暫雷陣雨','2020-09-10 06:00:00','2020-09-10 18:00:00'),('10008',33,29,28,25,30,86,'西北風','1','<= 1','多雲短暫陣雨','2020-09-10 18:00:00','2020-09-11 06:00:00'),('10008',37,32,28,25,0,70,'西北風','1','<= 1','多雲午後短暫雷陣雨','2020-09-11 06:00:00','2020-09-11 18:00:00'),('10008',34,30,29,26,0,87,'東南風','1','<= 1','多雲短暫陣雨','2020-09-11 18:00:00','2020-09-12 06:00:00'),('10008',37,33,29,25,0,72,'偏北風','1','<= 1','多雲午後短暫雷陣雨','2020-09-12 06:00:00','2020-09-12 18:00:00'),('10008',34,30,29,26,0,86,'東南風','1','<= 1','多雲短暫陣雨','2020-09-12 18:00:00','2020-09-13 06:00:00'),('10008',38,33,28,25,0,70,'偏北風','2','2','晴午後短暫雷陣雨','2020-09-13 06:00:00','2020-09-13 18:00:00'),('10008',34,30,29,26,0,86,'偏東風','1','<= 1','晴時多雲','2020-09-13 18:00:00','2020-09-14 06:00:00'),('10008',37,33,28,25,0,72,'偏東風','1','<= 1','晴午後短暫雷陣雨','2020-09-14 06:00:00','2020-09-14 18:00:00'),('10008',35,30,29,26,0,91,'東南風','1','<= 1','多雲短暫陣雨','2020-09-14 18:00:00','2020-09-15 06:00:00'),('10009',36,34,32,31,0,43,'偏北風','2','2','晴時多雲','2020-09-08 12:00:00','2020-09-08 18:00:00'),('10009',31,29,29,26,0,73,'東北風','1','<= 1','多雲','2020-09-08 18:00:00','2020-09-09 06:00:00'),('10009',38,34,28,25,20,59,'偏北風','2','2','多雲時晴','2020-09-09 06:00:00','2020-09-09 18:00:00'),('10009',33,30,29,26,20,87,'偏東風','1','<= 1','多雲時晴','2020-09-09 18:00:00','2020-09-10 06:00:00'),('10009',36,32,29,25,60,76,'偏北風','2','2','多雲午後短暫雷陣雨','2020-09-10 06:00:00','2020-09-10 18:00:00'),('10009',33,28,28,25,30,88,'偏北風','1','<= 1','多雲短暫陣雨','2020-09-10 18:00:00','2020-09-11 06:00:00'),('10009',37,32,28,25,0,76,'西北風','2','2','多雲午後短暫雷陣雨','2020-09-11 06:00:00','2020-09-11 18:00:00'),('10009',33,28,29,25,0,88,'偏東風','1','<= 1','多雲短暫陣雨','2020-09-11 18:00:00','2020-09-12 06:00:00'),('10009',36,32,28,25,0,74,'偏北風','1','<= 1','多雲午後短暫雷陣雨','2020-09-12 06:00:00','2020-09-12 18:00:00'),('10009',33,28,29,25,0,88,'偏南風','1','<= 1','多雲短暫陣雨','2020-09-12 18:00:00','2020-09-13 06:00:00'),('10009',38,32,28,25,0,80,'偏北風','1','<= 1','多雲午後短暫雷陣雨','2020-09-13 06:00:00','2020-09-13 18:00:00'),('10009',33,29,29,25,0,87,'偏東風','1','<= 1','晴時多雲','2020-09-13 18:00:00','2020-09-14 06:00:00'),('10009',37,32,28,25,0,76,'偏南風','1','<= 1','多雲午後短暫雷陣雨','2020-09-14 06:00:00','2020-09-14 18:00:00'),('10009',33,29,29,26,0,85,'東南風','1','<= 1','多雲短暫陣雨','2020-09-14 18:00:00','2020-09-15 06:00:00'),('10010',36,34,33,31,0,46,'偏北風','2','2','晴時多雲','2020-09-08 12:00:00','2020-09-08 18:00:00'),('10010',32,30,29,25,0,82,'偏北風','2','2','多雲時晴','2020-09-08 18:00:00','2020-09-09 06:00:00'),('10010',39,34,28,25,10,72,'西北風','3','2','晴時多雲','2020-09-09 06:00:00','2020-09-09 18:00:00'),('10010',34,30,29,26,20,91,'偏東風','2','2','多雲時晴','2020-09-09 18:00:00','2020-09-10 06:00:00'),('10010',36,32,29,25,40,81,'西北風','3','2','多雲午後短暫雷陣雨','2020-09-10 06:00:00','2020-09-10 18:00:00'),('10010',32,28,28,25,30,95,'偏西風','2','2','多雲短暫陣雨','2020-09-10 18:00:00','2020-09-11 06:00:00'),('10010',36,32,28,25,0,81,'偏北風','2','2','晴午後短暫雷陣雨','2020-09-11 06:00:00','2020-09-11 18:00:00'),('10010',33,29,28,25,0,94,'偏南風','2','2','多雲短暫陣雨','2020-09-11 18:00:00','2020-09-12 06:00:00'),('10010',36,32,28,25,0,81,'西北風','2','2','多雲午後短暫雷陣雨','2020-09-12 06:00:00','2020-09-12 18:00:00'),('10010',32,28,28,25,0,93,'偏南風','2','2','多雲短暫陣雨','2020-09-12 18:00:00','2020-09-13 06:00:00'),('10010',36,32,28,25,0,79,'東南風','2','2','晴午後短暫雷陣雨','2020-09-13 06:00:00','2020-09-13 18:00:00'),('10010',32,29,29,25,0,92,'東南風','2','2','晴時多雲','2020-09-13 18:00:00','2020-09-14 06:00:00'),('10010',37,32,29,25,0,84,'東北風','2','2','多雲午後短暫雷陣雨','2020-09-14 06:00:00','2020-09-14 18:00:00'),('10010',33,29,29,26,0,93,'東南風','2','2','多雲短暫陣雨','2020-09-14 18:00:00','2020-09-15 06:00:00'),('10013',38,34,33,30,20,50,'西南風','2','2','多雲時晴','2020-09-08 12:00:00','2020-09-08 18:00:00'),('10013',33,29,28,25,20,95,'偏東風','2','2','多雲','2020-09-08 18:00:00','2020-09-09 06:00:00'),('10013',38,34,28,25,20,74,'偏南風','2','2','晴時多雲','2020-09-09 06:00:00','2020-09-09 18:00:00'),('10013',33,29,28,25,10,97,'東北風','1','<= 1','多雲','2020-09-09 18:00:00','2020-09-10 06:00:00'),('10013',37,32,28,25,50,90,'東北風','2','2','多雲午後短暫雷陣雨','2020-09-10 06:00:00','2020-09-10 18:00:00'),('10013',32,28,28,24,30,98,'偏北風','2','2','多雲短暫陣雨','2020-09-10 18:00:00','2020-09-11 06:00:00'),('10013',37,32,28,24,0,85,'東北風','1','<= 1','晴午後短暫雷陣雨','2020-09-11 06:00:00','2020-09-11 18:00:00'),('10013',33,28,28,24,0,98,'偏北風','1','<= 1','多雲短暫陣雨','2020-09-11 18:00:00','2020-09-12 06:00:00'),('10013',36,31,28,24,0,88,'偏北風','1','<= 1','多雲午後短暫雷陣雨','2020-09-12 06:00:00','2020-09-12 18:00:00'),('10013',32,27,28,24,0,98,'偏北風','1','<= 1','多雲短暫陣雨','2020-09-12 18:00:00','2020-09-13 06:00:00'),('10013',37,32,27,24,0,88,'偏北風','1','<= 1','晴午後短暫雷陣雨','2020-09-13 06:00:00','2020-09-13 18:00:00'),('10013',33,28,29,25,0,98,'偏北風','1','<= 1','多雲短暫陣雨','2020-09-13 18:00:00','2020-09-14 06:00:00'),('10013',37,32,28,25,0,85,'偏北風','1','<= 1','多雲午後短暫雷陣雨','2020-09-14 06:00:00','2020-09-14 18:00:00'),('10013',33,28,28,25,0,98,'東北風','1','<= 1','多雲短暫陣雨','2020-09-14 18:00:00','2020-09-15 06:00:00'),('10014',36,32,33,30,20,71,'偏東風','2','2','多雲','2020-09-08 12:00:00','2020-09-08 18:00:00'),('10014',32,29,29,26,10,81,'西北風','2','2','多雲時晴','2020-09-08 18:00:00','2020-09-09 06:00:00'),('10014',36,32,28,26,40,74,'偏南風','3','2','晴午後短暫雷陣雨','2020-09-09 06:00:00','2020-09-09 18:00:00'),('10014',33,29,29,26,20,82,'偏西風','2','2','晴時多雲','2020-09-09 18:00:00','2020-09-10 06:00:00'),('10014',35,32,28,26,60,70,'東南風','3','2','多雲短暫陣雨或雷雨','2020-09-10 06:00:00','2020-09-10 18:00:00'),('10014',32,29,29,26,30,81,'偏西風','2','2','多雲短暫陣雨或雷雨','2020-09-10 18:00:00','2020-09-11 06:00:00'),('10014',36,32,28,26,0,72,'東北風','2','2','多雲短暫陣雨或雷雨','2020-09-11 06:00:00','2020-09-11 18:00:00'),('10014',32,29,29,26,0,80,'偏北風','2','2','多雲短暫陣雨或雷雨','2020-09-11 18:00:00','2020-09-12 06:00:00'),('10014',36,32,28,26,0,73,'東北風','2','2','多雲短暫陣雨','2020-09-12 06:00:00','2020-09-12 18:00:00'),('10014',32,29,29,26,0,82,'偏北風','2','2','多雲短暫陣雨','2020-09-12 18:00:00','2020-09-13 06:00:00'),('10014',36,32,28,26,0,72,'東北風','2','2','多雲短暫陣雨','2020-09-13 06:00:00','2020-09-13 18:00:00'),('10014',33,29,29,26,0,81,'東北風','2','2','多雲短暫陣雨','2020-09-13 18:00:00','2020-09-14 06:00:00'),('10014',37,32,29,26,0,74,'東北風','2','2','多雲短暫陣雨','2020-09-14 06:00:00','2020-09-14 18:00:00'),('10014',33,29,29,26,0,80,'偏北風','2','2','多雲短暫陣雨','2020-09-14 18:00:00','2020-09-15 06:00:00'),('10015',37,32,34,30,20,71,'東南風','1','<= 1','多雲時晴','2020-09-08 12:00:00','2020-09-08 18:00:00'),('10015',33,30,28,26,10,78,'西北風','2','2','晴時多雲','2020-09-08 18:00:00','2020-09-09 06:00:00'),('10015',37,32,28,26,20,71,'偏西風','2','2','晴時多雲','2020-09-09 06:00:00','2020-09-09 18:00:00'),('10015',34,30,28,26,20,79,'偏西風','2','2','晴時多雲','2020-09-09 18:00:00','2020-09-10 06:00:00'),('10015',36,32,28,26,60,71,'偏西風','2','2','多雲短暫陣雨或雷雨','2020-09-10 06:00:00','2020-09-10 18:00:00'),('10015',33,29,28,26,20,82,'西南風','2','2','晴時多雲','2020-09-10 18:00:00','2020-09-11 06:00:00'),('10015',36,32,28,25,0,71,'西北風','2','2','多雲短暫陣雨或雷雨','2020-09-11 06:00:00','2020-09-11 18:00:00'),('10015',33,29,28,26,0,84,'偏東風','2','2','多雲短暫陣雨或雷雨','2020-09-11 18:00:00','2020-09-12 06:00:00'),('10015',35,32,28,25,0,72,'東北風','3','2','多雲短暫陣雨','2020-09-12 06:00:00','2020-09-12 18:00:00'),('10015',33,29,28,26,0,90,'東北風','2','2','多雲短暫陣雨','2020-09-12 18:00:00','2020-09-13 06:00:00'),('10015',37,32,28,26,0,72,'東北風','2','2','多雲短暫陣雨','2020-09-13 06:00:00','2020-09-13 18:00:00'),('10015',34,30,29,26,0,86,'偏北風','2','2','多雲短暫陣雨','2020-09-13 18:00:00','2020-09-14 06:00:00'),('10015',37,32,29,26,0,79,'東北風','2','2','陰短暫陣雨','2020-09-14 06:00:00','2020-09-14 18:00:00'),('10015',33,30,28,26,0,81,'偏西風','2','2','多雲短暫陣雨','2020-09-14 18:00:00','2020-09-15 06:00:00'),('10016',36,32,33,29,0,73,'東北風','2','2','多雲時晴','2020-09-08 12:00:00','2020-09-08 18:00:00'),('10016',32,28,29,26,10,91,'東北風','4','3','多雲時晴','2020-09-08 18:00:00','2020-09-09 06:00:00'),('10016',35,31,29,26,10,78,'偏西風','3','2','晴時多雲','2020-09-09 06:00:00','2020-09-09 18:00:00'),('10016',31,28,28,26,30,91,'西南風','4','3','多雲短暫陣雨','2020-09-09 18:00:00','2020-09-10 06:00:00'),('10016',34,31,28,26,30,80,'偏西風','4','3','多雲短暫陣雨','2020-09-10 06:00:00','2020-09-10 18:00:00'),('10016',30,28,28,26,60,88,'偏南風','5','3','多雲短暫陣雨','2020-09-10 18:00:00','2020-09-11 06:00:00'),('10016',33,31,28,26,0,78,'偏北風','5','3','多雲短暫陣雨','2020-09-11 06:00:00','2020-09-11 18:00:00'),('10016',30,28,28,27,0,88,'東北風','5','3','多雲短暫陣雨','2020-09-11 18:00:00','2020-09-12 06:00:00'),('10016',32,31,28,27,0,75,'東北風','6','4','多雲短暫陣雨','2020-09-12 06:00:00','2020-09-12 18:00:00'),('10016',29,28,27,26,0,93,'東北風','7','4','多雲短暫陣雨','2020-09-12 18:00:00','2020-09-13 06:00:00'),('10016',32,31,27,26,0,77,'東北風','6','4','多雲短暫陣雨','2020-09-13 06:00:00','2020-09-13 18:00:00'),('10016',30,28,27,27,0,90,'東北風','7','4','多雲短暫陣雨','2020-09-13 18:00:00','2020-09-14 06:00:00'),('10016',33,31,27,27,0,79,'西北風','6','4','多雲短暫陣雨','2020-09-14 06:00:00','2020-09-14 18:00:00'),('10016',30,28,27,27,0,91,'西南風','6','4','多雲短暫陣雨','2020-09-14 18:00:00','2020-09-15 06:00:00'),('10017',35,32,32,30,10,61,'東北風','3','2','多雲','2020-09-08 12:00:00','2020-09-08 18:00:00'),('10017',31,29,28,26,10,79,'偏南風','3','2','多雲時晴','2020-09-08 18:00:00','2020-09-09 06:00:00'),('10017',36,32,28,25,20,70,'偏北風','2','2','晴時多雲','2020-09-09 06:00:00','2020-09-09 18:00:00'),('10017',33,29,29,25,20,88,'西南風','2','2','多雲時晴','2020-09-09 18:00:00','2020-09-10 06:00:00'),('10017',34,30,28,25,60,80,'西北風','2','2','多雲短暫陣雨或雷雨','2020-09-10 06:00:00','2020-09-10 18:00:00'),('10017',31,28,28,26,20,89,'東南風','2','2','多雲','2020-09-10 18:00:00','2020-09-11 06:00:00'),('10017',33,30,28,25,0,79,'東北風','3','2','多雲','2020-09-11 06:00:00','2020-09-11 18:00:00'),('10017',30,28,27,25,0,90,'偏東風','3','2','多雲短暫陣雨','2020-09-11 18:00:00','2020-09-12 06:00:00'),('10017',33,30,27,25,0,83,'東北風','4','3','多雲短暫陣雨','2020-09-12 06:00:00','2020-09-12 18:00:00'),('10017',30,28,28,26,0,90,'偏東風','4','3','多雲短暫陣雨','2020-09-12 18:00:00','2020-09-13 06:00:00'),('10017',32,30,28,26,0,80,'偏東風','4','3','多雲短暫陣雨','2020-09-13 06:00:00','2020-09-13 18:00:00'),('10017',30,28,28,26,0,89,'偏東風','3','2','多雲短暫陣雨','2020-09-13 18:00:00','2020-09-14 06:00:00'),('10017',34,30,28,26,0,78,'偏東風','3','2','多雲短暫陣雨','2020-09-14 06:00:00','2020-09-14 18:00:00'),('10017',31,28,28,26,0,86,'東南風','3','2','多雲短暫陣雨','2020-09-14 18:00:00','2020-09-15 06:00:00'),('10018',36,33,34,31,0,60,'偏北風','3','2','多雲','2020-09-08 12:00:00','2020-09-08 18:00:00'),('10018',33,30,29,26,10,81,'東南風','3','2','多雲時晴','2020-09-08 18:00:00','2020-09-09 06:00:00'),('10018',36,33,28,26,20,64,'西北風','2','2','晴時多雲','2020-09-09 06:00:00','2020-09-09 18:00:00'),('10018',33,30,28,26,30,81,'偏南風','3','2','多雲短暫陣雨','2020-09-09 18:00:00','2020-09-10 06:00:00'),('10018',35,32,28,26,30,73,'西北風','3','2','多雲短暫陣雨或雷雨','2020-09-10 06:00:00','2020-09-10 18:00:00'),('10018',32,29,28,26,40,80,'東北風','3','2','多雲短暫陣雨或雷雨','2020-09-10 18:00:00','2020-09-11 06:00:00'),('10018',35,32,28,26,0,71,'東北風','3','2','多雲短暫陣雨或雷雨','2020-09-11 06:00:00','2020-09-11 18:00:00'),('10018',32,30,27,26,0,85,'東北風','4','3','多雲短暫陣雨或雷雨','2020-09-11 18:00:00','2020-09-12 06:00:00'),('10018',35,33,27,25,0,70,'東北風','4','3','多雲午後短暫雷陣雨','2020-09-12 06:00:00','2020-09-12 18:00:00'),('10018',32,30,26,25,0,80,'東北風','4','3','晴時多雲','2020-09-12 18:00:00','2020-09-13 06:00:00'),('10018',35,32,26,25,0,70,'東北風','4','3','晴午後短暫雷陣雨','2020-09-13 06:00:00','2020-09-13 18:00:00'),('10018',32,30,28,26,0,81,'偏東風','4','3','多雲短暫陣雨','2020-09-13 18:00:00','2020-09-14 06:00:00'),('10018',35,33,27,26,0,69,'東北風','4','3','晴午後短暫雷陣雨','2020-09-14 06:00:00','2020-09-14 18:00:00'),('10018',33,30,28,26,0,81,'東南風','3','2','多雲短暫陣雨','2020-09-14 18:00:00','2020-09-15 06:00:00'),('10020',37,35,33,31,10,43,'偏北風','2','2','多雲時晴','2020-09-08 12:00:00','2020-09-08 18:00:00'),('10020',32,30,28,25,0,75,'東南風','1','<= 1','多雲時晴','2020-09-08 18:00:00','2020-09-09 06:00:00'),('10020',38,35,28,25,20,63,'偏北風','2','2','晴時多雲','2020-09-09 06:00:00','2020-09-09 18:00:00'),('10020',34,30,28,25,20,84,'偏東風','1','<= 1','多雲時晴','2020-09-09 18:00:00','2020-09-10 06:00:00'),('10020',36,32,28,25,60,76,'偏北風','2','2','多雲午後短暫雷陣雨','2020-09-10 06:00:00','2020-09-10 18:00:00'),('10020',32,28,27,24,30,90,'偏西風','1','<= 1','多雲短暫陣雨','2020-09-10 18:00:00','2020-09-11 06:00:00'),('10020',37,32,27,24,0,76,'西北風','1','<= 1','多雲午後短暫雷陣雨','2020-09-11 06:00:00','2020-09-11 18:00:00'),('10020',32,28,28,25,0,88,'西南風','1','<= 1','多雲短暫陣雨','2020-09-11 18:00:00','2020-09-12 06:00:00'),('10020',36,32,28,25,0,73,'偏北風','1','<= 1','多雲午後短暫雷陣雨','2020-09-12 06:00:00','2020-09-12 18:00:00'),('10020',32,28,28,25,0,86,'西南風','0','<= 1','多雲短暫陣雨','2020-09-12 18:00:00','2020-09-13 06:00:00'),('10020',37,33,28,25,0,74,'偏南風','1','<= 1','晴午後短暫雷陣雨','2020-09-13 06:00:00','2020-09-13 18:00:00'),('10020',32,28,28,25,0,87,'偏東風','1','<= 1','晴時多雲','2020-09-13 18:00:00','2020-09-14 06:00:00'),('10020',37,33,27,25,0,74,'偏南風','2','2','多雲午後短暫雷陣雨','2020-09-14 06:00:00','2020-09-14 18:00:00'),('10020',33,29,28,25,0,86,'東南風','1','<= 1','多雲短暫陣雨','2020-09-14 18:00:00','2020-09-15 06:00:00'),('63',37,34,33,31,20,49,'東北風','1','<= 1','多雲','2020-09-08 12:00:00','2020-09-08 18:00:00'),('63',32,30,29,26,10,70,'東南風','1','<= 1','多雲','2020-09-08 18:00:00','2020-09-09 06:00:00'),('63',38,34,29,26,30,60,'西南風','1','<= 1','多雲午後短暫雷陣雨','2020-09-09 06:00:00','2020-09-09 18:00:00'),('63',34,30,30,26,20,79,'偏西風','1','<= 1','多雲時晴','2020-09-09 18:00:00','2020-09-10 06:00:00'),('63',36,32,30,26,60,70,'偏西風','2','2','多雲時陰短暫陣雨或雷雨','2020-09-10 06:00:00','2020-09-10 18:00:00'),('63',32,29,29,26,30,81,'偏東風','1','<= 1','多雲短暫陣雨或雷雨','2020-09-10 18:00:00','2020-09-11 06:00:00'),('63',36,32,29,26,0,70,'偏東風','2','2','多雲短暫陣雨或雷雨','2020-09-11 06:00:00','2020-09-11 18:00:00'),('63',32,29,29,26,0,80,'偏東風','2','2','多雲短暫陣雨或雷雨','2020-09-11 18:00:00','2020-09-12 06:00:00'),('63',35,32,28,26,0,71,'偏東風','2','2','多雲午後短暫雷陣雨','2020-09-12 06:00:00','2020-09-12 18:00:00'),('63',32,29,29,26,0,80,'偏東風','2','2','多雲短暫陣雨','2020-09-12 18:00:00','2020-09-13 06:00:00'),('63',36,32,29,26,0,65,'偏東風','2','2','晴午後短暫雷陣雨','2020-09-13 06:00:00','2020-09-13 18:00:00'),('63',32,29,28,26,0,78,'偏東風','2','2','晴時多雲','2020-09-13 18:00:00','2020-09-14 06:00:00'),('63',36,33,28,26,0,67,'偏東風','2','2','多雲午後短暫雷陣雨','2020-09-14 06:00:00','2020-09-14 18:00:00'),('63',32,29,28,26,0,78,'偏東風','2','2','多雲短暫陣雨','2020-09-14 18:00:00','2020-09-15 06:00:00'),('64',38,33,35,32,0,66,'偏西風','2','2','晴時多雲','2020-09-08 12:00:00','2020-09-08 18:00:00'),('64',34,30,30,27,20,84,'偏北風','2','2','晴時多雲','2020-09-08 18:00:00','2020-09-09 06:00:00'),('64',36,33,30,27,10,67,'西北風','3','2','晴時多雲','2020-09-09 06:00:00','2020-09-09 18:00:00'),('64',34,30,30,27,30,85,'東北風','2','2','多雲短暫陣雨','2020-09-09 18:00:00','2020-09-10 06:00:00'),('64',36,31,30,26,30,77,'西北風','4','3','多雲午後短暫雷陣雨','2020-09-10 06:00:00','2020-09-10 18:00:00'),('64',33,29,30,26,40,90,'東南風','2','2','多雲短暫陣雨','2020-09-10 18:00:00','2020-09-11 06:00:00'),('64',35,31,30,26,0,77,'東北風','3','2','晴午後短暫雷陣雨','2020-09-11 06:00:00','2020-09-11 18:00:00'),('64',33,29,29,26,0,90,'偏北風','2','2','晴時多雲','2020-09-11 18:00:00','2020-09-12 06:00:00'),('64',35,30,29,26,0,83,'偏北風','2','2','多雲午後短暫雷陣雨','2020-09-12 06:00:00','2020-09-12 18:00:00'),('64',32,29,30,26,0,90,'東北風','3','2','多雲短暫陣雨','2020-09-12 18:00:00','2020-09-13 06:00:00'),('64',35,31,29,26,0,77,'東北風','2','2','晴午後短暫雷陣雨','2020-09-13 06:00:00','2020-09-13 18:00:00'),('64',33,29,30,27,0,92,'東北風','2','2','多雲短暫陣雨','2020-09-13 18:00:00','2020-09-14 06:00:00'),('64',35,31,30,27,0,78,'偏北風','3','2','多雲午後短暫雷陣雨','2020-09-14 06:00:00','2020-09-14 18:00:00'),('64',33,29,30,27,0,89,'東北風','2','2','多雲','2020-09-14 18:00:00','2020-09-15 06:00:00'),('65',37,34,34,31,10,50,'東北風','1','<= 1','多雲','2020-09-08 12:00:00','2020-09-08 18:00:00'),('65',33,30,30,27,10,76,'偏東風','1','<= 1','多雲時晴','2020-09-08 18:00:00','2020-09-09 06:00:00'),('65',38,34,30,27,30,60,'西北風','1','<= 1','晴午後短暫雷陣雨','2020-09-09 06:00:00','2020-09-09 18:00:00'),('65',35,30,30,27,20,83,'偏北風','1','<= 1','多雲時晴','2020-09-09 18:00:00','2020-09-10 06:00:00'),('65',36,32,30,26,40,70,'偏北風','2','2','多雲時陰短暫陣雨或雷雨','2020-09-10 06:00:00','2020-09-10 18:00:00'),('65',33,29,30,26,30,85,'東北風','1','<= 1','多雲短暫陣雨或雷雨','2020-09-10 18:00:00','2020-09-11 06:00:00'),('65',35,32,30,26,0,69,'偏東風','2','2','多雲短暫陣雨或雷雨','2020-09-11 06:00:00','2020-09-11 18:00:00'),('65',32,29,29,26,0,84,'偏東風','2','2','多雲','2020-09-11 18:00:00','2020-09-12 06:00:00'),('65',35,32,29,26,0,69,'偏東風','2','2','多雲午後短暫雷陣雨','2020-09-12 06:00:00','2020-09-12 18:00:00'),('65',32,29,29,26,0,83,'偏東風','2','2','多雲短暫陣雨','2020-09-12 18:00:00','2020-09-13 06:00:00'),('65',35,32,29,26,0,65,'偏東風','2','2','晴午後短暫雷陣雨','2020-09-13 06:00:00','2020-09-13 18:00:00'),('65',32,29,29,26,0,82,'偏東風','2','2','晴時多雲','2020-09-13 18:00:00','2020-09-14 06:00:00'),('65',36,33,28,26,0,66,'偏東風','2','2','晴午後短暫雷陣雨','2020-09-14 06:00:00','2020-09-14 18:00:00'),('65',33,29,29,26,0,82,'東北風','2','2','多雲短暫陣雨','2020-09-14 18:00:00','2020-09-15 06:00:00'),('66',36,34,34,32,0,50,'偏北風','2','2','多雲時晴','2020-09-08 12:00:00','2020-09-08 18:00:00'),('66',33,31,30,27,0,73,'偏東風','1','<= 1','晴時多雲','2020-09-08 18:00:00','2020-09-09 06:00:00'),('66',38,34,29,26,20,59,'西北風','2','2','晴時多雲','2020-09-09 06:00:00','2020-09-09 18:00:00'),('66',34,31,30,27,20,77,'偏東風','1','<= 1','多雲時晴','2020-09-09 18:00:00','2020-09-10 06:00:00'),('66',36,32,30,26,40,69,'西北風','2','2','多雲午後短暫雷陣雨','2020-09-10 06:00:00','2020-09-10 18:00:00'),('66',33,30,29,26,30,78,'東南風','1','<= 1','多雲短暫陣雨','2020-09-10 18:00:00','2020-09-11 06:00:00'),('66',37,33,29,26,0,68,'偏北風','1','<= 1','晴午後短暫雷陣雨','2020-09-11 06:00:00','2020-09-11 18:00:00'),('66',34,30,30,27,0,79,'東南風','1','<= 1','多雲短暫陣雨','2020-09-11 18:00:00','2020-09-12 06:00:00'),('66',37,33,30,26,0,70,'偏北風','2','2','多雲午後短暫雷陣雨','2020-09-12 06:00:00','2020-09-12 18:00:00'),('66',34,30,30,26,0,79,'東南風','1','<= 1','多雲短暫陣雨','2020-09-12 18:00:00','2020-09-13 06:00:00'),('66',38,33,29,26,0,69,'東北風','2','2','晴午後短暫雷陣雨','2020-09-13 06:00:00','2020-09-13 18:00:00'),('66',35,30,30,27,0,78,'東南風','2','2','多雲短暫陣雨','2020-09-13 18:00:00','2020-09-14 06:00:00'),('66',37,33,29,27,0,70,'東南風','2','2','多雲午後短暫雷陣雨','2020-09-14 06:00:00','2020-09-14 18:00:00'),('66',35,30,30,27,0,78,'東南風','1','<= 1','多雲短暫陣雨','2020-09-14 18:00:00','2020-09-15 06:00:00'),('67',35,33,33,31,0,49,'西北風','3','2','晴時多雲','2020-09-08 12:00:00','2020-09-08 18:00:00'),('67',33,30,30,27,10,87,'東北風','3','2','多雲時晴','2020-09-08 18:00:00','2020-09-09 06:00:00'),('67',37,33,30,27,10,66,'西北風','4','3','晴時多雲','2020-09-09 06:00:00','2020-09-09 18:00:00'),('67',34,30,30,27,30,91,'東北風','3','2','多雲短暫陣雨','2020-09-09 18:00:00','2020-09-10 06:00:00'),('67',34,30,29,27,30,74,'西北風','4','3','多雲午後短暫雷陣雨','2020-09-10 06:00:00','2020-09-10 18:00:00'),('67',32,29,29,26,30,92,'東南風','3','2','多雲短暫陣雨','2020-09-10 18:00:00','2020-09-11 06:00:00'),('67',35,31,28,26,0,77,'偏北風','3','2','晴午後短暫雷陣雨','2020-09-11 06:00:00','2020-09-11 18:00:00'),('67',33,29,29,26,0,94,'東南風','3','2','多雲短暫陣雨','2020-09-11 18:00:00','2020-09-12 06:00:00'),('67',34,30,29,26,0,83,'偏北風','3','2','多雲午後短暫雷陣雨','2020-09-12 06:00:00','2020-09-12 18:00:00'),('67',32,29,30,26,0,93,'東南風','3','2','多雲短暫陣雨','2020-09-12 18:00:00','2020-09-13 06:00:00'),('67',35,31,30,26,0,84,'偏南風','3','2','晴午後短暫雷陣雨','2020-09-13 06:00:00','2020-09-13 18:00:00'),('67',33,29,30,27,0,96,'偏東風','3','2','多雲短暫陣雨','2020-09-13 18:00:00','2020-09-14 06:00:00'),('67',36,31,30,27,0,88,'東北風','3','2','多雲午後短暫雷陣雨','2020-09-14 06:00:00','2020-09-14 18:00:00'),('67',33,29,30,27,0,93,'偏東風','3','2','多雲短暫陣雨','2020-09-14 18:00:00','2020-09-15 06:00:00'),('68',36,33,33,31,10,50,'偏北風','2','2','多雲','2020-09-08 12:00:00','2020-09-08 18:00:00'),('68',32,30,29,26,10,74,'偏南風','1','<= 1','多雲時晴','2020-09-08 18:00:00','2020-09-09 06:00:00'),('68',38,34,28,26,20,59,'西北風','1','<= 1','晴時多雲','2020-09-09 06:00:00','2020-09-09 18:00:00'),('68',33,30,29,26,20,80,'西南風','1','<= 1','多雲時晴','2020-09-09 18:00:00','2020-09-10 06:00:00'),('68',36,32,29,25,40,71,'西北風','2','2','多雲短暫陣雨或雷雨','2020-09-10 06:00:00','2020-09-10 18:00:00'),('68',32,29,28,25,30,84,'西南風','2','2','多雲短暫陣雨或雷雨','2020-09-10 18:00:00','2020-09-11 06:00:00'),('68',35,32,28,25,0,67,'東北風','2','2','多雲短暫陣雨或雷雨','2020-09-11 06:00:00','2020-09-11 18:00:00'),('68',32,28,28,25,0,84,'東南風','2','2','多雲短暫陣雨','2020-09-11 18:00:00','2020-09-12 06:00:00'),('68',35,32,27,25,0,66,'偏東風','2','2','多雲午後短暫雷陣雨','2020-09-12 06:00:00','2020-09-12 18:00:00'),('68',32,29,28,25,0,79,'東北風','3','2','晴時多雲','2020-09-12 18:00:00','2020-09-13 06:00:00'),('68',36,32,28,25,0,65,'偏東風','2','2','晴午後短暫雷陣雨','2020-09-13 06:00:00','2020-09-13 18:00:00'),('68',32,29,27,25,0,79,'偏東風','2','2','多雲短暫陣雨','2020-09-13 18:00:00','2020-09-14 06:00:00'),('68',36,33,27,25,0,65,'偏東風','2','2','晴午後短暫雷陣雨','2020-09-14 06:00:00','2020-09-14 18:00:00'),('68',32,29,28,25,0,86,'偏東風','2','2','多雲短暫陣雨','2020-09-14 18:00:00','2020-09-15 06:00:00');
/*!40000 ALTER TABLE `weathers` ENABLE KEYS */;
UNLOCK TABLES;
/*!40103 SET TIME_ZONE=@OLD_TIME_ZONE */;

/*!40101 SET SQL_MODE=@OLD_SQL_MODE */;
/*!40014 SET FOREIGN_KEY_CHECKS=@OLD_FOREIGN_KEY_CHECKS */;
/*!40014 SET UNIQUE_CHECKS=@OLD_UNIQUE_CHECKS */;
/*!40101 SET CHARACTER_SET_CLIENT=@OLD_CHARACTER_SET_CLIENT */;
/*!40101 SET CHARACTER_SET_RESULTS=@OLD_CHARACTER_SET_RESULTS */;
/*!40101 SET COLLATION_CONNECTION=@OLD_COLLATION_CONNECTION */;
/*!40111 SET SQL_NOTES=@OLD_SQL_NOTES */;

-- Dump completed on 2020-09-08 16:55:52
