-- MySQL dump 10.13  Distrib 5.7.26, for osx10.10 (x86_64)
--
-- Host: localhost    Database: RD1_Assignment
-- ------------------------------------------------------
-- Server version	5.7.26

/*!40101 SET @OLD_CHARACTER_SET_CLIENT=@@CHARACTER_SET_CLIENT */;
/*!40101 SET @OLD_CHARACTER_SET_RESULTS=@@CHARACTER_SET_RESULTS */;
/*!40101 SET @OLD_COLLATION_CONNECTION=@@COLLATION_CONNECTION */;
/*!40101 SET NAMES utf8 */;
/*!40103 SET @OLD_TIME_ZONE=@@TIME_ZONE */;
/*!40103 SET TIME_ZONE='+00:00' */;
/*!40014 SET @OLD_UNIQUE_CHECKS=@@UNIQUE_CHECKS, UNIQUE_CHECKS=0 */;
/*!40014 SET @OLD_FOREIGN_KEY_CHECKS=@@FOREIGN_KEY_CHECKS, FOREIGN_KEY_CHECKS=0 */;
/*!40101 SET @OLD_SQL_MODE=@@SQL_MODE, SQL_MODE='NO_AUTO_VALUE_ON_ZERO' */;
/*!40111 SET @OLD_SQL_NOTES=@@SQL_NOTES, SQL_NOTES=0 */;

--
-- Table structure for table `cities`
--

DROP TABLE IF EXISTS `cities`;
/*!40101 SET @saved_cs_client     = @@character_set_client */;
/*!40101 SET character_set_client = utf8 */;
CREATE TABLE `cities` (
  `cityId` varchar(20) NOT NULL,
  `cityName` varchar(20) DEFAULT NULL,
  PRIMARY KEY (`cityId`)
) ENGINE=InnoDB DEFAULT CHARSET=utf8;
/*!40101 SET character_set_client = @saved_cs_client */;

--
-- Dumping data for table `cities`
--

LOCK TABLES `cities` WRITE;
/*!40000 ALTER TABLE `cities` DISABLE KEYS */;
INSERT INTO `cities` VALUES ('09007','連江縣'),('09020','金門縣'),('10002','宜蘭縣'),('10004','新竹縣'),('10005','苗栗縣'),('10007','彰化縣'),('10008','南投縣'),('10009','雲林縣'),('10010','嘉義縣'),('10013','屏東縣'),('10014','臺東縣'),('10015','花蓮縣'),('10016','澎湖縣'),('10017','基隆市'),('10018','新竹市'),('10020','嘉義市'),('63','臺北市'),('64','高雄市'),('65','新北市'),('66','臺中市'),('67','臺南市'),('68','桃園市');
/*!40000 ALTER TABLE `cities` ENABLE KEYS */;
UNLOCK TABLES;

--
-- Table structure for table `rain`
--

DROP TABLE IF EXISTS `rain`;
/*!40101 SET @saved_cs_client     = @@character_set_client */;
/*!40101 SET character_set_client = utf8 */;
CREATE TABLE `rain` (
  `cityId` varchar(20) NOT NULL,
  `locationName` varchar(20) NOT NULL,
  `hour_3` varchar(20) DEFAULT NULL,
  `hour_6` varchar(20) DEFAULT NULL,
  `hour_12` varchar(20) DEFAULT NULL,
  `hour_24` varchar(20) DEFAULT NULL,
  `now` varchar(20) DEFAULT NULL,
  `obsTime` datetime NOT NULL,
  PRIMARY KEY (`cityId`,`locationName`)
) ENGINE=InnoDB DEFAULT CHARSET=utf8;
/*!40101 SET character_set_client = @saved_cs_client */;

--
-- Dumping data for table `rain`
--

LOCK TABLES `rain` WRITE;
/*!40000 ALTER TABLE `rain` DISABLE KEYS */;
INSERT INTO `rain` VALUES ('09007','東莒','-998.00','-998.00','11.00','11.00','11.00','2020-08-27 17:50:00'),('09007','馬祖','-998.00','-998.00','8.00','11.50','11.50','2020-08-27 17:50:00'),('09020','九宮碼頭','-998.00','-998.00','0.00','0.00','0.00','2020-08-27 17:50:00'),('09020','金寧','-998.00','-998.00','0.00','0.00','0.00','2020-08-27 17:50:00'),('09020','金沙','-998.00','-998.00','0.00','0.00','0.00','2020-08-27 17:50:00'),('09020','金門','0.50','0.50','0.50','0.50','0.50','2020-08-27 17:50:00'),('09020','金門(東)','-998.00','-998.00','0.00','0.00','0.00','2020-08-27 17:50:00'),('10002','三星','11.50','55.00','55.00','55.00','55.00','2020-08-27 17:50:00'),('10002','五峰','48.00','53.00','53.00','53.00','53.00','2020-08-27 17:50:00'),('10002','五結','93.00','96.50','96.50','96.50','96.50','2020-08-27 17:50:00'),('10002','內城','13.50','38.50','38.50','38.50','38.50','2020-08-27 17:50:00'),('10002','冬山','30.50','34.50','34.50','34.50','34.50','2020-08-27 17:50:00'),('10002','北關','37.00','37.50','37.50','37.50','37.50','2020-08-27 17:50:00'),('10002','南山','-998.00','-998.00','0.00','0.00','0.00','2020-08-27 17:50:00'),('10002','南澳','9.00','9.00','9.00','9.00','9.00','2020-08-27 17:50:00'),('10002','員山','89.50','101.50','101.50','101.50','101.50','2020-08-27 17:50:00'),('10002','四季','-998.00','-998.00','0.00','0.00','0.00','2020-08-27 17:50:00'),('10002','土場','-998.00','-998.00','0.00','0.50','0.00','2020-08-27 17:50:00'),('10002','土場(1)','1.00','1.00','1.00','1.00','1.00','2020-08-27 17:50:00'),('10002','坪林石牌','31.00','34.00','34.50','34.50','34.50','2020-08-27 17:50:00'),('10002','大溪國小','20.50','21.00','21.50','21.50','21.50','2020-08-27 17:50:00'),('10002','大濁水','15.00','15.00','15.00','15.00','15.00','2020-08-27 17:50:00'),('10002','大礁溪','15.50','96.50','102.00','102.00','102.00','2020-08-27 17:50:00'),('10002','大福','52.50','53.00','53.00','53.00','53.00','2020-08-27 17:50:00'),('10002','大里國小','5.00','5.50','5.50','5.50','5.50','2020-08-27 17:50:00'),('10002','太平山','11.00','33.00','33.00','33.50','33.00','2020-08-27 17:50:00'),('10002','太平山(1)','6.00','7.00','7.00','8.00','7.00','2020-08-27 17:50:00'),('10002','宜蘭','96.50','104.00','104.00','104.00','104.00','2020-08-27 17:50:00'),('10002','宜蘭畜試','42.00','44.00','44.00','44.00','44.00','2020-08-27 17:50:00'),('10002','寒溪','59.50','62.00','62.00','62.00','62.00','2020-08-27 17:50:00'),('10002','思源','-998.00','-998.00','0.00','0.00','0.00','2020-08-27 17:50:00'),('10002','新北城','47.00','51.00','51.00','51.00','51.00','2020-08-27 17:50:00'),('10002','新寮','43.50','48.50','48.50','48.50','48.50','2020-08-27 17:50:00'),('10002','新寮(1)','43.00','47.00','47.00','47.00','47.00','2020-08-27 17:50:00'),('10002','東澳','7.50','7.50','7.50','7.50','7.50','2020-08-27 17:50:00'),('10002','東澳嶺','7.00','7.00','7.00','7.00','7.00','2020-08-27 17:50:00'),('10002','桃源谷','11.50','12.50','12.50','12.50','12.50','2020-08-27 17:50:00'),('10002','梵梵(2)','-998.00','-998.00','0.00','0.00','0.00','2020-08-27 17:50:00'),('10002','樂水分校','2.00','3.00','3.00','3.00','3.00','2020-08-27 17:50:00'),('10002','樟林','7.00','7.00','7.00','7.00','7.00','2020-08-27 17:50:00'),('10002','樟樹山','18.50','18.50','18.50','18.50','18.50','2020-08-27 17:50:00'),('10002','武塔','6.00','6.00','6.00','6.00','6.00','2020-08-27 17:50:00'),('10002','永樂國小','6.00','6.00','6.00','6.00','6.00','2020-08-27 17:50:00'),('10002','池端','-998.00','-998.00','0.00','0.00','0.00','2020-08-27 17:50:00'),('10002','清水','31.00','45.00','45.00','45.00','45.00','2020-08-27 17:50:00'),('10002','烏石鼻','8.50','8.50','8.50','8.50','8.50','2020-08-27 17:50:00'),('10002','牛鬥','7.00','9.00','9.00','9.00','9.00','2020-08-27 17:50:00'),('10002','玉蘭','2.50','3.00','3.00','3.00','3.00','2020-08-27 17:50:00'),('10002','留茂安','-998.00','-998.00','0.00','0.00','0.00','2020-08-27 17:50:00'),('10002','白嶺','9.00','28.00','28.00','28.00','28.00','2020-08-27 17:50:00'),('10002','礁溪','44.00','45.50','45.50','45.50','45.50','2020-08-27 17:50:00'),('10002','羅東','49.00','52.50','52.50','52.50','52.50','2020-08-27 17:50:00'),('10002','翠峰湖','18.00','19.50','19.50','20.00','20.00','2020-08-27 17:50:00'),('10002','蘇澳','4.50','5.50','5.50','5.50','5.50','2020-08-27 17:50:00'),('10002','蘭陽分場','33.00','41.00','42.50','43.00','42.50','2020-08-27 17:50:00'),('10002','西帽山','14.00','34.00','34.50','34.50','34.50','2020-08-27 17:50:00'),('10002','西德山','34.50','36.50','36.50','36.50','36.50','2020-08-27 17:50:00'),('10002','觀音海岸','16.50','16.50','16.50','16.50','16.50','2020-08-27 17:50:00'),('10002','金岳國小','5.50','5.50','5.50','5.50','5.50','2020-08-27 17:50:00'),('10002','雙連埤','6.00','74.50','76.00','76.00','76.00','2020-08-27 17:50:00'),('10002','頭城','19.00','19.00','19.00','19.00','19.00','2020-08-27 17:50:00'),('10002','鴛鴦湖','7.50','24.50','25.00','25.50','25.00','2020-08-27 17:50:00'),('10002','鶯子嶺','17.50','20.50','20.50','20.50','20.50','2020-08-27 17:50:00'),('10002','龜山島','18.00','18.50','18.50','18.50','18.50','2020-08-27 17:50:00'),('10004','五峰國小','1.00','1.00','1.00','1.00','1.00','2020-08-27 17:50:00'),('10004','五峰站','-998.00','-998.00','0.00','0.00','0.00','2020-08-27 17:50:00'),('10004','內灣國小','3.50','4.50','4.50','4.50','4.50','2020-08-27 17:50:00'),('10004','外坪五指','-998.00','-998.00','0.00','0.00','0.00','2020-08-27 17:50:00'),('10004','太閣南','1.50','1.50','1.50','1.50','1.50','2020-08-27 17:50:00'),('10004','寶山','-998.00','-998.00','0.00','0.00','0.00','2020-08-27 17:50:00'),('10004','尖石國小','3.00','3.50','3.50','3.50','3.50','2020-08-27 17:50:00'),('10004','峨眉','-998.00','-998.00','0.00','0.00','0.00','2020-08-27 17:50:00'),('10004','打鐵坑','-998.00','-998.00','0.00','0.00','0.00','2020-08-27 17:50:00'),('10004','新城國小','-998.00','-998.00','0.00','0.00','0.00','2020-08-27 17:50:00'),('10004','新埔','-998.00','-998.00','0.00','0.00','0.00','2020-08-27 17:50:00'),('10004','新埔(1)','-998.00','-998.00','0.00','0.00','0.00','2020-08-27 17:50:00'),('10004','新竹','-998.00','-998.00','0.00','0.00','0.00','2020-08-27 17:50:00'),('10004','新豐','-998.00','-998.00','0.00','0.00','0.00','2020-08-27 17:50:00'),('10004','梅花','0.00','1.00','1.00','1.00','1.00','2020-08-27 17:50:00'),('10004','橫山','-998.00','-998.00','0.00','0.00','0.00','2020-08-27 17:50:00'),('10004','清泉','-998.00','-998.00','0.00','0.00','0.00','2020-08-27 17:50:00'),('10004','湖口','-998.00','-998.00','0.00','0.00','0.00','2020-08-27 17:50:00'),('10004','玉峰','1.00','2.00','2.00','2.00','2.00','2020-08-27 17:50:00'),('10004','田埔分校','0.00','0.50','0.50','0.50','0.50','2020-08-27 17:50:00'),('10004','白石','0.00','1.00','1.00','1.00','1.00','2020-08-27 17:50:00'),('10004','白蘭','-998.00','-998.00','0.00','0.00','0.00','2020-08-27 17:50:00'),('10004','竹東','-998.00','-998.00','0.00','0.00','0.00','2020-08-27 17:50:00'),('10004','花園派出所','1.00','1.00','1.00','1.00','1.00','2020-08-27 17:50:00'),('10004','西丘斯山','1.00','5.00','6.00','6.00','6.00','2020-08-27 17:50:00'),('10004','錦屏國小','0.00','1.00','1.00','1.00','1.00','2020-08-27 17:50:00'),('10004','錦山派出所','3.50','3.50','3.50','3.50','3.50','2020-08-27 17:50:00'),('10004','鎮西堡','5.00','6.00','6.00','6.00','6.00','2020-08-27 17:50:00'),('10004','關西','3.50','3.50','3.50','3.50','3.50','2020-08-27 17:50:00'),('10004','關西(3)','9.00','9.00','9.00','9.00','9.00','2020-08-27 17:50:00'),('10004','雪霸','-998.00','-998.00','0.00','0.00','0.00','2020-08-27 17:50:00'),('10004','飛鳳山','-998.00','-998.00','0.00','0.00','0.00','2020-08-27 17:50:00'),('10004','鳥嘴山','12.00','12.00','12.00','12.00','12.00','2020-08-27 17:50:00'),('10005','三義','0.00','3.00','3.50','3.50','3.50','2020-08-27 17:50:00'),('10005','三義(2)','0.00','4.00','4.00','4.00','4.00','2020-08-27 17:50:00'),('10005','八卦','-998.00','-998.00','0.00','0.00','0.00','2020-08-27 17:50:00'),('10005','公館','0.50','2.50','2.50','2.50','2.50','2020-08-27 17:50:00'),('10005','卓蘭','0.00','3.00','6.50','6.50','6.50','2020-08-27 17:50:00'),('10005','南勢','0.00','0.50','0.50','0.50','0.50','2020-08-27 17:50:00'),('10005','南勢山','-998.00','-998.00','0.00','0.00','0.00','2020-08-27 17:50:00'),('10005','南庄','-998.00','-998.00','0.00','0.00','0.00','2020-08-27 17:50:00'),('10005','南庄(1)','-998.00','-998.00','0.00','0.00','0.00','2020-08-27 17:50:00'),('10005','南湖','0.00','3.00','3.50','3.50','3.50','2020-08-27 17:50:00'),('10005','南礦','-998.00','-998.00','0.00','0.00','0.00','2020-08-27 17:50:00'),('10005','和興','-998.00','-998.00','0.00','0.00','0.00','2020-08-27 17:50:00'),('10005','國一N142K','0.50','2.50','3.00','3.00','3.00','2020-08-27 17:50:00'),('10005','國一S114K','-998.00','-998.00','0.00','0.00','0.00','2020-08-27 17:50:00'),('10005','國一S123K','0.00','1.00','1.00','1.00','1.00','2020-08-27 17:50:00'),('10005','國一S132K','0.00','2.00','2.00','2.00','2.00','2020-08-27 17:50:00'),('10005','國一S152K','0.00','3.00','3.00','3.00','3.00','2020-08-27 17:50:00'),('10005','國三N119K','-998.00','-998.00','0.00','0.00','0.00','2020-08-27 17:50:00'),('10005','國三N151K','0.00','4.50','5.00','5.00','5.00','2020-08-27 17:50:00'),('10005','國三S140K','-998.00','-998.00','0.50','0.50','0.50','2020-08-27 17:50:00'),('10005','國三S156K','0.50','5.00','5.50','5.50','5.50','2020-08-27 17:50:00'),('10005','大坪頂','0.00','2.00','2.00','2.00','2.00','2020-08-27 17:50:00'),('10005','大埔','0.00','2.00','2.00','2.00','2.00','2020-08-27 17:50:00'),('10005','大河','-998.00','-998.00','0.00','0.00','0.00','2020-08-27 17:50:00'),('10005','大湖','0.50','1.00','1.50','1.50','1.50','2020-08-27 17:50:00'),('10005','大湖(1)','0.00','2.00','2.00','2.00','2.00','2020-08-27 17:50:00'),('10005','大潭','-998.00','-998.00','0.00','0.00','0.00','2020-08-27 17:50:00'),('10005','後龍','-998.00','-998.00','0.00','0.00','0.00','2020-08-27 17:50:00'),('10005','慈惠堂','0.50','3.50','4.00','4.50','4.50','2020-08-27 17:50:00'),('10005','新竹畜試','0.00','0.50','0.50','0.50','0.50','2020-08-27 17:50:00'),('10005','新開','0.00','4.50','5.50','5.50','5.50','2020-08-27 17:50:00'),('10005','明德','0.00','2.00','2.00','2.00','2.00','2020-08-27 17:50:00'),('10005','松安','1.00','1.00','1.00','1.00','1.00','2020-08-27 17:50:00'),('10005','橫龍山','-998.00','-998.00','0.00','0.00','0.00','2020-08-27 17:50:00'),('10005','泰安','-998.00','-998.00','0.00','0.00','0.00','2020-08-27 17:50:00'),('10005','火炎山','0.00','2.50','2.50','2.50','2.50','2020-08-27 17:50:00'),('10005','獅潭','-998.00','-998.00','0.00','0.00','0.00','2020-08-27 17:50:00'),('10005','珊珠湖','-998.00','-998.00','0.00','0.00','0.00','2020-08-27 17:50:00'),('10005','白布帆','-998.00','-998.00','1.00','1.00','1.00','2020-08-27 17:50:00'),('10005','竹南','-998.00','-998.00','0.00','0.00','0.00','2020-08-27 17:50:00'),('10005','苑裡','0.00','10.00','11.00','11.00','11.00','2020-08-27 17:50:00'),('10005','苗栗','0.00','1.00','1.00','1.00','1.00','2020-08-27 17:50:00'),('10005','苗栗農改','1.00','4.00','4.00','4.00','4.00','2020-08-27 17:50:00'),('10005','西湖','0.00','0.50','0.50','0.50','0.50','2020-08-27 17:50:00'),('10005','象鼻','-998.00','-998.00','0.50','0.50','0.50','2020-08-27 17:50:00'),('10005','象鼻(1)','-998.00','-998.00','1.00','1.00','1.00','2020-08-27 17:50:00'),('10005','通霄','0.00','2.00','3.00','3.00','3.00','2020-08-27 17:50:00'),('10005','造橋','-998.00','-998.00','0.00','0.00','0.00','2020-08-27 17:50:00'),('10005','銅鑼','0.00','1.50','1.50','1.50','1.50','2020-08-27 17:50:00'),('10005','開礦國小','0.00','3.50','3.50','3.50','3.50','2020-08-27 17:50:00'),('10005','頭份','-998.00','-998.00','0.00','0.00','0.00','2020-08-27 17:50:00'),('10005','馬拉邦山','-998.00','-998.00','1.50','1.50','1.50','2020-08-27 17:50:00'),('10005','馬都安','-998.00','-998.00','0.00','0.00','0.00','2020-08-27 17:50:00'),('10005','高鐵苗栗','-998.00','-998.00','0.00','0.00','0.00','2020-08-27 17:50:00'),('10005','鳳美','-998.00','-998.00','0.00','0.00','0.00','2020-08-27 17:50:00'),('10007','下水埔','3.00','4.00','7.50','8.00','8.00','2020-08-27 17:50:00'),('10007','二林','7.50','9.50','15.00','20.00','20.00','2020-08-27 17:50:00'),('10007','二水','2.00','2.50','3.00','3.00','3.00','2020-08-27 17:50:00'),('10007','伸港','0.50','2.50','5.50','6.00','6.00','2020-08-27 17:50:00'),('10007','北斗','2.50','3.50','9.00','14.50','14.50','2020-08-27 17:50:00'),('10007','員林','0.50','2.00','6.50','11.50','11.50','2020-08-27 17:50:00'),('10007','國一N198K','1.50','1.50','4.00','5.50','5.50','2020-08-27 17:50:00'),('10007','國一S207K','2.50','3.00','6.50','9.00','9.00','2020-08-27 17:50:00'),('10007','國三N191K','1.00','1.00','2.50','4.50','4.50','2020-08-27 17:50:00'),('10007','國三N196K','1.00','1.00','2.50','3.00','3.00','2020-08-27 17:50:00'),('10007','國三S202K','0.50','0.50','1.00','2.00','2.00','2020-08-27 17:50:00'),('10007','埔心','2.00','2.50','4.50','6.50','6.50','2020-08-27 17:50:00'),('10007','埔鹽','3.00','5.00','7.00','9.00','9.00','2020-08-27 17:50:00'),('10007','埤頭','4.50','5.50','9.50','12.50','12.50','2020-08-27 17:50:00'),('10007','大城','8.50','9.50','18.50','22.50','22.50','2020-08-27 17:50:00'),('10007','彰師大','1.50','1.50','2.50','3.00','3.00','2020-08-27 17:50:00'),('10007','溪州','3.50','4.50','9.50','15.50','15.50','2020-08-27 17:50:00'),('10007','溪湖','3.50','4.50','9.00','12.50','12.50','2020-08-27 17:50:00'),('10007','田中','2.00','2.50','6.00','6.50','6.50','2020-08-27 17:50:00'),('10007','田尾','2.50','3.00','7.50','11.00','11.00','2020-08-27 17:50:00'),('10007','社頭','1.50','1.50','4.00','5.50','5.50','2020-08-27 17:50:00'),('10007','福興','2.00','4.00','5.50','8.00','8.00','2020-08-27 17:50:00'),('10007','秀水','2.00','2.50','6.00','7.00','7.00','2020-08-27 17:50:00'),('10007','線西','1.50','2.00','10.50','12.00','12.00','2020-08-27 17:50:00'),('10007','臺中農改','2.00','2.50','3.50','5.00','5.00','2020-08-27 17:50:00'),('10007','芬園','0.00','1.50','5.50','8.00','8.00','2020-08-27 17:50:00'),('10007','花壇','1.50','1.50','3.00','4.00','4.00','2020-08-27 17:50:00'),('10007','芳苑','6.50','7.50','17.50','26.00','26.00','2020-08-27 17:50:00'),('10007','萬興(2)','5.00','7.00','11.00','13.00','13.00','2020-08-27 17:50:00'),('10007','頭汴','2.00','2.00','4.00','5.00','5.00','2020-08-27 17:50:00'),('10007','高鐵彰化','1.50','2.00','4.00','5.00','5.00','2020-08-27 17:50:00'),('10007','鹿港','1.50','3.00','4.50','5.00','5.00','2020-08-27 17:50:00'),('10008','上安','4.50','5.50','7.50','9.00','9.00','2020-08-27 17:50:00'),('10008','中寮','0.50','1.00','1.00','2.00','2.00','2020-08-27 17:50:00'),('10008','中心崙','2.50','3.00','6.00','6.50','6.50','2020-08-27 17:50:00'),('10008','中興新村','-998.00','-998.00','0.50','0.50','0.50','2020-08-27 17:50:00'),('10008','丹大','1.00','13.50','13.50','14.00','14.00','2020-08-27 17:50:00'),('10008','九份二山','1.50','3.50','3.50','4.00','4.00','2020-08-27 17:50:00'),('10008','人和國小','2.50','3.00','3.50','6.50','6.00','2020-08-27 17:50:00'),('10008','仁愛','3.00','4.00','4.50','4.50','4.50','2020-08-27 17:50:00'),('10008','信義','5.50','7.00','8.50','10.00','10.00','2020-08-27 17:50:00'),('10008','內茅埔(2)','5.00','6.00','8.00','9.00','9.00','2020-08-27 17:50:00'),('10008','六分寮','0.50','1.00','2.50','2.50','2.50','2020-08-27 17:50:00'),('10008','凌霄','3.00','3.50','3.50','3.50','3.50','2020-08-27 17:50:00'),('10008','凍頂茶改','2.50','3.50','5.50','6.50','6.50','2020-08-27 17:50:00'),('10008','北坑','8.00','8.50','8.50','8.50','8.50','2020-08-27 17:50:00'),('10008','北山(2)','-998.00','-998.00','0.00','0.00','0.00','2020-08-27 17:50:00'),('10008','北港國小','-998.00','-998.00','0.00','0.00','0.00','2020-08-27 17:50:00'),('10008','南投','0.50','0.50','0.50','1.50','1.50','2020-08-27 17:50:00'),('10008','南投服務區','0.50','0.50','0.50','1.00','1.00','2020-08-27 17:50:00'),('10008','南豐','2.00','2.00','2.00','2.00','2.00','2020-08-27 17:50:00'),('10008','卡奈托灣','0.50','2.50','2.50','2.50','2.50','2020-08-27 17:50:00'),('10008','合歡山','0.50','2.00','2.50','2.50','2.50','2020-08-27 17:50:00'),('10008','名間','1.00','1.50','2.00','2.00','2.00','2020-08-27 17:50:00'),('10008','和社','6.50','8.50','11.50','14.50','14.50','2020-08-27 17:50:00'),('10008','國三N223K','-998.00','-998.00','1.00','1.00','1.00','2020-08-27 17:50:00'),('10008','國三S217K','0.50','1.50','3.00','4.00','4.00','2020-08-27 17:50:00'),('10008','國姓','0.00','0.50','0.50','1.00','1.00','2020-08-27 17:50:00'),('10008','埔中','2.00','3.00','3.50','4.00','4.00','2020-08-27 17:50:00'),('10008','埔里','0.00','1.50','1.50','1.50','1.50','2020-08-27 17:50:00'),('10008','埔里分場','7.00','7.00','7.50','7.50','7.50','2020-08-27 17:50:00'),('10008','外大坪','0.00','0.50','0.50','1.00','1.00','2020-08-27 17:50:00'),('10008','大尖山','0.50','1.00','1.50','2.50','2.50','2020-08-27 17:50:00'),('10008','大觀發電廠','-998.00','-998.00','0.00','0.00','0.00','2020-08-27 17:50:00'),('10008','大鞍','5.00','5.00','7.00','8.00','8.00','2020-08-27 17:50:00'),('10008','奧萬大','1.50','3.50','3.50','3.50','3.50','2020-08-27 17:50:00'),('10008','小奇萊','0.00','2.00','2.00','2.50','2.50','2020-08-27 17:50:00'),('10008','平林國小','-998.00','-998.00','0.00','0.50','0.50','2020-08-27 17:50:00'),('10008','廬山','0.00','1.50','1.50','1.50','1.50','2020-08-27 17:50:00'),('10008','德化國小','7.00','7.00','7.00','7.50','7.50','2020-08-27 17:50:00'),('10008','惠蓀(2)','-998.00','-998.00','0.00','0.00','0.00','2020-08-27 17:50:00'),('10008','新興橋','7.00','8.00','12.00','19.00','19.00','2020-08-27 17:50:00'),('10008','新高口','15.00','19.00','29.00','39.00','39.00','2020-08-27 17:50:00'),('10008','日月潭','3.00','3.00','3.00','3.00','3.00','2020-08-27 17:50:00'),('10008','昆陽','0.50','2.00','2.50','2.50','2.50','2020-08-27 17:50:00'),('10008','望鄉','5.00','9.00','-999.00','-999.00','14.00','2020-08-27 17:50:00'),('10008','望鄉山','5.50','9.00','11.50','14.50','14.50','2020-08-27 17:50:00'),('10008','杉林溪','7.50','8.00','12.00','19.50','19.50','2020-08-27 17:50:00'),('10008','東埔','6.00','8.00','10.00','11.00','11.00','2020-08-27 17:50:00'),('10008','林試畢祿溪站','1.50','2.50','2.50','3.00','2.50','2020-08-27 17:50:00'),('10008','桶頭','2.00','2.50','5.00','5.00','5.00','2020-08-27 17:50:00'),('10008','桶頭(2)','2.00','3.00','7.00','7.00','7.00','2020-08-27 17:50:00'),('10008','梅峰','0.50','3.00','3.00','3.00','3.00','2020-08-27 17:50:00'),('10008','楓樹林','8.50','9.50','9.50','9.50','9.50','2020-08-27 17:50:00'),('10008','楠溪','12.00','15.00','23.00','31.00','31.00','2020-08-27 17:50:00'),('10008','樟湖','2.00','4.00','4.00','5.50','5.50','2020-08-27 17:50:00'),('10008','武界','0.50','1.50','1.50','1.50','1.50','2020-08-27 17:50:00'),('10008','水里','1.50','2.00','2.50','3.50','3.50','2020-08-27 17:50:00'),('10008','永興國小','1.50','2.00','2.00','2.50','2.50','2020-08-27 17:50:00'),('10008','消防署訓','1.00','1.00','2.50','3.00','3.00','2020-08-27 17:50:00'),('10008','清流','0.00','0.50','0.50','1.00','1.00','2020-08-27 17:50:00'),('10008','清流(1)','-998.00','-998.00','0.00','1.00','1.00','2020-08-27 17:50:00'),('10008','溪頭','6.50','7.00','9.00','13.50','13.50','2020-08-27 17:50:00'),('10008','玉山','10.50','13.50','21.00','27.00','26.50','2020-08-27 17:50:00'),('10008','玉峰國小','3.00','3.50','5.00','6.00','6.00','2020-08-27 17:50:00'),('10008','瑞岩','0.50','3.50','3.50','3.50','3.50','2020-08-27 17:50:00'),('10008','神木','8.00','10.00','14.50','20.50','20.50','2020-08-27 17:50:00'),('10008','神木村','9.50','11.50','18.00','29.00','29.00','2020-08-27 17:50:00'),('10008','福龜國小','-998.00','-998.00','0.00','0.50','0.50','2020-08-27 17:50:00'),('10008','竹山','2.00','2.50','4.00','4.50','4.50','2020-08-27 17:50:00'),('10008','線浸林道','4.50','5.50','6.50','8.50','8.50','2020-08-27 17:50:00'),('10008','羅娜國小','8.50','10.00','13.00','18.50','18.50','2020-08-27 17:50:00'),('10008','翠峰','0.50','3.50','3.50','3.50','3.50','2020-08-27 17:50:00'),('10008','翠巒','0.00','2.00','2.00','2.00','2.00','2020-08-27 17:50:00'),('10008','翠華','0.50','2.00','2.50','2.50','2.50','2020-08-27 17:50:00'),('10008','臺大內茅埔','5.00','6.50','7.50','9.00','9.00','2020-08-27 17:50:00'),('10008','臺大和社','6.50','8.50','11.50','14.00','14.00','2020-08-27 17:50:00'),('10008','臺大溪頭','5.00','6.00','7.00','11.50','11.50','2020-08-27 17:50:00'),('10008','臺大竹山','2.00','2.50','4.50','5.00','5.00','2020-08-27 17:50:00'),('10008','草屯','0.00','0.50','1.00','1.00','1.00','2020-08-27 17:50:00'),('10008','草屯(4)','-998.00','-998.00','1.00','1.00','1.00','2020-08-27 17:50:00'),('10008','萬大','4.00','7.00','7.00','7.00','7.00','2020-08-27 17:50:00'),('10008','萬大林道','0.00','2.00','2.00','2.50','2.50','2020-08-27 17:50:00'),('10008','萬大發電廠','4.00','6.00','6.00','6.00','6.00','2020-08-27 17:50:00'),('10008','蓮華池','0.00','0.50','0.50','1.00','1.00','2020-08-27 17:50:00'),('10008','蘆竹湳','1.00','1.50','1.50','2.50','2.50','2020-08-27 17:50:00'),('10008','西巒','5.00','6.00','7.50','10.50','10.50','2020-08-27 17:50:00'),('10008','豐丘','8.50','10.00','13.00','14.50','14.50','2020-08-27 17:50:00'),('10008','車籠埔','1.50','2.50','3.50','4.00','4.00','2020-08-27 17:50:00'),('10008','郡坑','3.00','4.00','4.50','4.50','4.50','2020-08-27 17:50:00'),('10008','長豐','0.50','0.50','0.50','1.00','1.00','2020-08-27 17:50:00'),('10008','阿眉','0.00','1.50','1.50','3.00','3.00','2020-08-27 17:50:00'),('10008','集集','2.50','3.50','3.50','4.50','4.50','2020-08-27 17:50:00'),('10008','集集(2)','1.00','2.00','2.00','2.00','2.00','2020-08-27 17:50:00'),('10008','雙冬','0.50','0.50','0.50','1.00','1.00','2020-08-27 17:50:00'),('10008','青雲','1.50','2.00','2.50','3.00','3.00','2020-08-27 17:50:00'),('10008','魚池','9.50','10.00','10.00','10.00','10.00','2020-08-27 17:50:00'),('10008','魚池茶改','3.00','3.50','3.50','3.50','3.50','2020-08-27 17:50:00'),('10008','鯉潭','8.00','8.00','8.00','8.00','8.00','2020-08-27 17:50:00'),('10008','鳳凰','5.50','5.50','8.50','9.50','9.50','2020-08-27 17:50:00'),('10008','龍神橋','2.00','3.00','3.00','4.00','4.00','2020-08-27 17:50:00'),('10009','二崙','7.00','9.00','10.00','17.50','17.50','2020-08-27 17:50:00'),('10009','元長','11.00','12.50','16.50','29.00','29.00','2020-08-27 17:50:00'),('10009','北港','8.00','13.50','16.50','17.50','17.50','2020-08-27 17:50:00'),('10009','北港(2)','11.00','14.00','17.00','18.00','18.00','2020-08-27 17:50:00'),('10009','口湖','18.00','22.00','35.00','58.00','58.00','2020-08-27 17:50:00'),('10009','口湖工作站','13.00','15.00','25.50','42.50','42.50','2020-08-27 17:50:00'),('10009','古坑','5.00','6.50','8.50','9.50','9.50','2020-08-27 17:50:00'),('10009','四湖','14.00','16.00','24.00','38.00','38.00','2020-08-27 17:50:00'),('10009','四湖植物園','6.00','6.00','32.00','58.00','58.00','2020-08-27 17:50:00'),('10009','國一N234K','5.00','7.00','10.00','14.00','14.00','2020-08-27 17:50:00'),('10009','國三N252K','2.50','3.00','4.00','4.00','4.00','2020-08-27 17:50:00'),('10009','土庫','5.50','6.50','9.00','10.00','10.00','2020-08-27 17:50:00'),('10009','坪頂','2.50','3.50','4.50','5.50','5.50','2020-08-27 17:50:00'),('10009','大埔','3.00','4.00','6.00','6.00','6.00','2020-08-27 17:50:00'),('10009','大埤','6.50','8.00','11.50','16.50','16.50','2020-08-27 17:50:00'),('10009','大庄合作社','8.50','10.50','15.50','22.00','22.00','2020-08-27 17:50:00'),('10009','宜梧','16.50','20.50','39.00','64.00','64.00','2020-08-27 17:50:00'),('10009','崙背','12.50','13.00','19.00','27.50','27.50','2020-08-27 17:50:00'),('10009','斗六','3.00','4.00','6.50','6.50','6.50','2020-08-27 17:50:00'),('10009','斗南','6.00','7.50','9.50','11.50','11.50','2020-08-27 17:50:00'),('10009','林內','3.50','4.50','5.00','5.00','5.00','2020-08-27 17:50:00'),('10009','林內(1)','2.00','3.00','3.00','3.00','3.00','2020-08-27 17:50:00'),('10009','棋山','3.50','4.50','5.50','6.00','6.00','2020-08-27 17:50:00'),('10009','水林','14.50','18.00','34.00','74.00','53.00','2020-08-27 17:50:00'),('10009','水試所臺西','5.50','6.00','26.00','38.00','38.00','2020-08-27 17:50:00'),('10009','臺大雲林校區','6.50','8.50','12.00','16.00','16.00','2020-08-27 17:50:00'),('10009','臺西','7.00','7.50','25.00','38.50','38.50','2020-08-27 17:50:00'),('10009','臺西水試所','6.00','-999.00','-999.00','-999.00','6.00','2020-08-27 17:50:00'),('10009','草嶺','5.00','6.00','12.50','15.50','15.50','2020-08-27 17:50:00'),('10009','草嶺(2)','5.00','6.00','13.00','17.00','17.00','2020-08-27 17:50:00'),('10009','莿桐','4.50','7.00','9.00','12.50','12.50','2020-08-27 17:50:00'),('10009','華山','6.00','7.50','13.00','13.50','13.50','2020-08-27 17:50:00'),('10009','蔦松','12.50','18.50','30.00','32.00','32.00','2020-08-27 17:50:00'),('10009','虎尾','6.50','8.50','12.00','18.50','18.00','2020-08-27 17:50:00'),('10009','褒忠','11.00','11.50','16.50','27.00','27.00','2020-08-27 17:50:00'),('10009','褒忠(2)','8.00','10.00','15.00','23.00','23.00','2020-08-27 17:50:00'),('10009','西螺','5.00','6.50','9.00','16.50','16.50','2020-08-27 17:50:00'),('10009','西螺(2)','5.00','6.00','12.00','16.00','16.00','2020-08-27 17:50:00'),('10009','雲林東勢','13.50','14.50','23.00','35.00','35.00','2020-08-27 17:50:00'),('10009','雲林農改','6.50','8.00','13.50','13.50','13.50','2020-08-27 17:50:00'),('10009','高鐵雲林','7.00','9.00','10.50','17.50','17.50','2020-08-27 17:50:00'),('10009','麥寮','6.50','7.50','32.50','47.00','47.00','2020-08-27 17:50:00'),('10009','麥寮合作社','11.50','12.00','21.00','30.00','30.00','2020-08-27 17:50:00'),('10010','中坑(3)','6.00','9.00','14.00','16.00','16.00','2020-08-27 17:50:00'),('10010','中埔','9.50','10.50','25.00','27.00','27.00','2020-08-27 17:50:00'),('10010','六腳','8.50','14.50','17.50','25.50','25.00','2020-08-27 17:50:00'),('10010','十字','14.00','16.00','32.00','44.00','44.00','2020-08-27 17:50:00'),('10010','嘉義分場','10.50','18.50','21.00','30.50','30.50','2020-08-27 17:50:00'),('10010','嘉義梅山','5.50','7.50','12.50','13.00','13.00','2020-08-27 17:50:00'),('10010','國一N250K','9.00','10.00','12.00','13.50','13.00','2020-08-27 17:50:00'),('10010','外來吉','12.00','13.00','24.00','33.00','33.00','2020-08-27 17:50:00'),('10010','大林','8.50','9.50','16.00','16.50','16.50','2020-08-27 17:50:00'),('10010','大湖山','11.00','15.00','32.00','35.00','35.00','2020-08-27 17:50:00'),('10010','太保','19.00','21.50','23.50','32.00','32.00','2020-08-27 17:50:00'),('10010','太和村','15.00','16.00','29.00','37.50','37.50','2020-08-27 17:50:00'),('10010','奮起湖','19.50','22.00','40.00','60.00','60.00','2020-08-27 17:50:00'),('10010','小公田(2)','20.00','25.00','45.00','64.00','64.00','2020-08-27 17:50:00'),('10010','布袋','22.50','39.00','44.50','51.00','50.50','2020-08-27 15:40:00'),('10010','新港','6.50','9.50','16.50','20.00','20.00','2020-08-27 17:50:00'),('10010','新美','28.50','33.00','55.50','63.00','62.50','2020-08-27 17:50:00'),('10010','新美國小','26.00','32.50','53.50','61.00','60.00','2020-08-27 17:50:00'),('10010','朴子','7.50','20.00','27.00','34.50','34.50','2020-08-27 17:50:00'),('10010','東後寮','8.50','20.50','26.00','42.50','42.50','2020-08-27 17:50:00'),('10010','東石','25.50','37.00','54.50','78.50','78.50','2020-08-27 17:50:00'),('10010','樟腦寮(2)','7.00','10.00','21.00','22.00','22.00','2020-08-27 17:50:00'),('10010','民雄','13.00','13.50','21.50','22.00','22.00','2020-08-27 17:50:00'),('10010','水上','17.00','25.50','30.50','45.50','45.50','2020-08-27 17:50:00'),('10010','沄水國小','9.00','10.50','31.50','34.50','34.50','2020-08-27 17:50:00'),('10010','沙坑','7.00','10.00','15.00','16.00','16.00','2020-08-27 17:50:00'),('10010','溪口','7.00','8.50','14.00','19.50','19.50','2020-08-27 17:50:00'),('10010','溪口(3)','7.00','8.00','12.00','16.00','16.00','2020-08-27 17:50:00'),('10010','溪口農場','8.50','10.00','14.50','16.50','16.50','2020-08-27 17:50:00'),('10010','獨立山','7.00','9.50','20.50','23.00','23.00','2020-08-27 17:50:00'),('10010','瑞里','8.00','10.00','20.50','23.50','23.50','2020-08-27 17:50:00'),('10010','番路','9.50','11.00','26.00','26.50','26.50','2020-08-27 17:50:00'),('10010','石磐龍','17.50','19.50','38.00','45.50','45.50','2020-08-27 17:50:00'),('10010','竹崎','7.00','9.00','19.50','20.50','20.00','2020-08-27 17:50:00'),('10010','義竹分場','17.00','21.50','27.50','48.00','48.00','2020-08-27 17:50:00'),('10010','茶山','31.00','34.50','57.00','63.50','63.50','2020-08-27 17:50:00'),('10010','菜瓜坪','26.00','28.00','53.00','66.50','65.00','2020-08-27 17:50:00'),('10010','表湖','44.00','47.50','76.50','93.00','92.50','2020-08-27 17:50:00'),('10010','豐山','10.00','11.00','17.00','23.00','23.00','2020-08-27 17:50:00'),('10010','達邦','17.50','21.00','40.00','57.00','57.00','2020-08-27 17:50:00'),('10010','里佳','27.00','31.50','56.50','73.50','73.00','2020-08-27 17:50:00'),('10010','阿里山','13.00','-999.00','37.00','-999.00','53.50','2020-08-27 17:50:00'),('10010','阿里山國小','20.50','23.50','38.00','54.50','54.50','2020-08-27 17:50:00'),('10010','頭凍','14.50','17.00','41.00','46.00','46.00','2020-08-27 17:50:00'),('10010','鹿草','24.50','28.50','31.50','43.00','43.00','2020-08-27 17:50:00'),('10010','龍美','24.00','28.00','56.00','66.50','64.00','2020-08-27 17:50:00'),('10013','三地門','24.50','25.50','60.50','80.00','79.00','2020-08-27 17:50:00'),('10013','上德文','24.50','29.00','62.00','97.00','93.50','2020-08-27 17:50:00'),('10013','丹路','5.50','10.00','11.50','22.00','14.50','2020-08-27 17:50:00'),('10013','九如','20.00','26.50','94.00','109.50','107.00','2020-08-27 17:50:00'),('10013','九棚','5.00','8.00','8.00','15.00','11.50','2020-08-27 17:50:00'),('10013','佳冬','18.50','24.50','39.50','53.50','52.50','2020-08-27 17:50:00'),('10013','佳樂水','-998.00','-998.00','0.00','16.00','4.00','2020-08-27 17:50:00'),('10013','佳義國小','21.00','21.00','51.50','68.00','68.00','2020-08-27 17:50:00'),('10013','來義','20.50','25.50','66.00','119.00','116.50','2020-08-27 17:50:00'),('10013','保力','2.00','3.00','3.00','12.50','4.50','2020-08-27 17:50:00'),('10013','內獅','1.00','1.00','2.50','10.50','3.50','2020-08-27 17:50:00'),('10013','內獅國小','6.00','6.00','19.00','27.50','20.00','2020-08-27 17:50:00'),('10013','力里','13.50','26.50','52.00','69.00','67.50','2020-08-27 17:50:00'),('10013','南仁湖','2.00','2.00','3.50','14.00','4.00','2020-08-27 17:50:00'),('10013','南和','26.00','31.00','60.00','78.00','76.00','2020-08-27 17:50:00'),('10013','南州','17.00','18.50','42.00','60.50','59.00','2020-08-27 17:50:00'),('10013','口社','33.50','35.50','80.50','112.00','110.50','2020-08-27 17:50:00'),('10013','古夏','31.00','34.00','78.00','111.00','109.00','2020-08-27 17:50:00'),('10013','四林格山','6.50','6.50','7.00','19.00','8.50','2020-08-27 17:50:00'),('10013','墾丁','1.50','1.50','1.50','21.00','6.00','2020-08-27 17:50:00'),('10013','墾雷','0.50','1.50','1.50','16.00','6.00','2020-08-27 17:50:00'),('10013','士文','10.00','14.00','39.00','51.00','47.00','2020-08-27 17:50:00'),('10013','壽卡','9.00','19.00','24.00','41.00','37.00','2020-08-27 17:50:00'),('10013','大坪頂','-998.00','-998.00','0.00','12.00','0.00','2020-08-27 17:50:00'),('10013','大漢山','23.00','27.00','66.00','104.00','95.00','2020-08-27 17:50:00'),('10013','尾寮山','19.50','22.50','83.50','146.50','144.00','2020-08-27 17:50:00'),('10013','屏東','19.00','25.00','58.50','86.00','85.50','2020-08-27 17:50:00'),('10013','屏東(5)','10.00','13.00','57.00','81.00','80.00','2020-08-27 17:50:00'),('10013','崁頂','21.00','23.00','55.00','75.00','72.00','2020-08-27 17:50:00'),('10013','恆春','0.50','2.00','2.50','17.00','2.50','2020-08-27 17:50:00'),('10013','恆春工作站','0.50','0.50','1.50','10.50','1.50','2020-08-27 17:50:00'),('10013','恆春畜試','1.50','1.50','1.50','13.00','3.00','2020-08-27 17:50:00'),('10013','新來義','21.00','26.00','69.00','123.00','120.00','2020-08-27 17:50:00'),('10013','新圍','15.00','21.50','51.50','76.50','75.00','2020-08-27 17:50:00'),('10013','新園','10.00','12.50','44.00','104.50','102.00','2020-08-27 17:50:00'),('10013','新埤','15.00','21.00','37.50','60.00','59.50','2020-08-27 17:50:00'),('10013','新庄國小','9.00','11.00','43.00','107.00','105.00','2020-08-27 17:50:00'),('10013','新瑪家','45.00','48.00','110.00','146.00','144.00','2020-08-27 17:50:00'),('10013','新豐(1)','22.00','23.00','71.00','106.00','102.00','2020-08-27 17:50:00'),('10013','旭海','6.50','10.50','14.00','24.50','20.50','2020-08-27 17:50:00'),('10013','春日','8.50','21.50','43.50','51.50','48.50','2020-08-27 17:50:00'),('10013','東港','12.50','15.50','31.00','40.50','37.00','2020-08-27 17:50:00'),('10013','東港工作站','14.00','18.00','39.00','54.00','51.50','2020-08-27 17:50:00'),('10013','枋寮','10.50','18.00','29.50','37.00','33.50','2020-08-27 17:50:00'),('10013','枋山','2.50','5.00','10.00','22.00','16.00','2020-08-27 17:50:00'),('10013','林邊','16.50','18.50','43.00','57.00','56.50','2020-08-27 17:50:00'),('10013','楓港','7.00','12.50','12.50','17.50','13.00','2020-08-27 17:50:00'),('10013','檳榔','9.00','9.50','10.50','21.00','11.00','2020-08-27 17:50:00'),('10013','泗林','23.00','24.00','69.00','98.00','96.00','2020-08-27 17:50:00'),('10013','滿州','0.50','0.50','0.50','22.00','7.00','2020-08-27 17:50:00'),('10013','潮州','24.50','25.50','59.50','90.00','88.00','2020-08-27 17:50:00'),('10013','牡丹','1.50','2.00','5.50','14.00','5.50','2020-08-27 17:50:00'),('10013','獅子','5.00','10.50','10.50','17.00','11.00','2020-08-27 17:50:00'),('10013','琉球嶼','13.50','14.50','40.00','49.00','47.50','2020-08-27 17:50:00'),('10013','瑪家','45.50','49.00','107.00','135.00','133.00','2020-08-27 17:50:00'),('10013','白鷺','17.50','35.00','77.50','107.00','105.50','2020-08-27 17:50:00'),('10013','石門','0.00','1.00','5.00','14.00','5.00','2020-08-27 17:50:00'),('10013','石門山','0.50','0.50','5.00','18.00','5.00','2020-08-27 17:50:00'),('10013','神山','28.00','32.00','67.00','90.00','87.00','2020-08-27 17:50:00'),('10013','竹田','23.50','24.50','61.00','109.00','108.00','2020-08-27 17:50:00'),('10013','舊泰武','28.50','29.50','89.50','130.50','129.00','2020-08-27 17:50:00'),('10013','萬丹','11.50','14.00','56.00','114.50','113.50','2020-08-27 17:50:00'),('10013','西大武山','27.00','39.50','93.00','157.50','153.50','2020-08-27 17:50:00'),('10013','貓鼻頭','0.00','2.00','2.00','7.00','3.00','2020-08-27 17:50:00'),('10013','赤山','35.50','36.00','89.00','134.00','133.50','2020-08-27 17:50:00'),('10013','車城','-998.00','-998.00','0.00','10.50','0.50','2020-08-27 17:50:00'),('10013','里港','23.50','26.00','76.00','102.50','101.50','2020-08-27 17:50:00'),('10013','長治','15.50','17.50','50.00','74.00','73.50','2020-08-27 17:50:00'),('10013','阿禮','23.00','24.50','55.50','80.50','78.50','2020-08-27 17:50:00'),('10013','高士','8.50','10.00','12.00','20.50','13.00','2020-08-27 17:50:00'),('10013','高樹','15.00','16.50','60.50','91.50','90.50','2020-08-27 17:50:00'),('10013','高雄農改','16.00','20.00','55.00','70.00','69.50','2020-08-27 17:50:00'),('10013','麟洛','17.00','19.50','53.00','82.50','82.00','2020-08-27 17:50:00'),('10013','龍泉','24.00','25.50','55.50','74.00','73.50','2020-08-27 17:50:00'),('10013','龍磐','-998.00','-998.00','0.00','14.00','8.50','2020-08-27 17:50:00'),('10014','七塊厝','-998.00','-998.00','3.00','3.50','3.50','2020-08-27 17:50:00'),('10014','上里','0.00','1.00','5.00','8.00','8.00','2020-08-27 17:50:00'),('10014','下馬','0.00','0.50','6.00','9.50','9.50','2020-08-27 17:50:00'),('10014','初鹿國中','-998.00','-998.00','3.50','7.00','7.00','2020-08-27 17:50:00'),('10014','利吉國小','0.00','1.00','4.00','8.00','8.00','2020-08-27 17:50:00'),('10014','利嘉','0.50','0.50','4.50','8.50','8.50','2020-08-27 17:50:00'),('10014','利嘉林道','0.50','1.00','7.00','14.00','13.50','2020-08-27 17:50:00'),('10014','加拿國小','-998.00','-998.00','1.00','1.50','1.50','2020-08-27 17:50:00'),('10014','加津林','1.50','3.50','3.50','9.00','9.00','2020-08-27 17:50:00'),('10014','北源','-998.00','-998.00','0.00','0.00','0.00','2020-08-27 17:50:00'),('10014','南田','2.50','4.00','4.50','9.50','9.00','2020-08-27 17:50:00'),('10014','南美山','-998.00','-998.00','0.00','0.00','0.00','2020-08-27 17:50:00'),('10014','南鵝','-998.00','-998.00','3.00','7.00','7.00','2020-08-27 17:50:00'),('10014','台東(7)','1.00','1.00','2.00','6.00','6.00','2020-08-27 17:50:00'),('10014','向陽','1.00','4.00','13.00','23.00','23.00','2020-08-27 17:50:00'),('10014','向陽(2)','1.00','4.00','14.00','23.00','23.00','2020-08-27 17:50:00'),('10014','土阪','6.00','10.50','11.00','19.00','18.50','2020-08-27 17:50:00'),('10014','壽卡','4.00','7.50','10.50','23.50','20.00','2020-08-27 17:50:00'),('10014','大武','0.00','1.50','1.50','10.50','10.00','2020-08-27 17:50:00'),('10014','大溪山','2.00','3.50','3.50','9.00','8.50','2020-08-27 17:50:00'),('10014','大鳥','1.50','3.50','4.00','9.50','9.00','2020-08-27 17:50:00'),('10014','太麻里','1.00','1.00','2.00','8.50','8.50','2020-08-27 17:50:00'),('10014','太麻里1','0.50','0.50','2.50','7.00','7.00','2020-08-27 17:50:00'),('10014','太麻里2','0.50','0.50','1.00','3.50','3.50','2020-08-27 17:50:00'),('10014','射馬干','1.00','1.00','3.00','6.00','6.00','2020-08-27 17:50:00'),('10014','山豬窟','1.00','4.50','8.00','50.00','49.50','2020-08-27 17:50:00'),('10014','延平','-998.00','-998.00','4.00','8.00','8.00','2020-08-27 17:50:00'),('10014','忠勇','-998.00','-998.00','0.00','0.00','0.00','2020-08-27 17:50:00'),('10014','愛國埔分校','0.50','0.50','0.50','4.00','4.00','2020-08-27 17:50:00'),('10014','成功','-998.00','-998.00','0.00','0.00','0.00','2020-08-27 17:50:00'),('10014','摩天','0.50','1.50','7.50','12.00','12.00','2020-08-27 17:50:00'),('10014','斑鳩分場','-998.00','-998.00','4.50','9.00','9.00','2020-08-27 17:50:00'),('10014','新武(3)','-998.00','-998.00','5.00','7.00','7.00','2020-08-27 17:50:00'),('10014','東河','-998.00','-998.00','0.50','0.50','0.50','2020-08-27 17:50:00'),('10014','樟原(1)','0.00','2.00','2.00','2.00','2.00','2020-08-27 17:50:00'),('10014','檳榔四格山','-998.00','-998.00','4.00','7.50','7.50','2020-08-27 17:50:00'),('10014','武陵','-998.00','-998.00','5.00','6.00','6.00','2020-08-27 17:50:00'),('10014','歷坵','4.00','6.00','11.50','28.00','27.50','2020-08-27 17:50:00'),('10014','水試所成功','-998.00','-998.00','0.00','0.00','0.00','2020-08-27 17:50:00'),('10014','水試所知本','0.00','0.50','1.50','5.00','5.00','2020-08-27 17:50:00'),('10014','池上','-998.00','-998.00','1.00','1.50','1.50','2020-08-27 17:50:00'),('10014','瑞和','-998.00','-998.00','3.50','4.00','4.00','2020-08-27 17:50:00'),('10014','知本','2.00','2.00','5.00','8.00','8.00','2020-08-27 17:50:00'),('10014','知本(5)','1.00','1.00','4.00','8.00','7.00','2020-08-27 17:50:00'),('10014','石寧山','-998.00','-998.00','0.00','0.00','0.00','2020-08-27 17:50:00'),('10014','紅石','-998.00','-998.00','7.50','9.50','9.50','2020-08-27 17:50:00'),('10014','綠島','-998.00','-998.00','0.00','0.00','0.00','2020-08-27 17:50:00'),('10014','膽曼','-998.00','-998.00','0.00','0.00','0.00','2020-08-27 17:50:00'),('10014','臺東','0.50','0.50','2.00','6.50','6.50','2020-08-27 17:50:00'),('10014','臺東茶改','-998.00','-998.00','5.50','10.00','10.00','2020-08-27 17:50:00'),('10014','華源','0.50','0.50','1.50','4.50','4.50','2020-08-27 17:50:00'),('10014','蘭嶼','2.00','2.50','2.50','5.50','2.50','2020-08-27 17:50:00'),('10014','蘭嶼高中','2.00','2.00','2.00','6.50','2.00','2020-08-27 17:50:00'),('10014','賓朗果園','-998.00','-998.00','-999.00','-999.00','4.00','2020-08-27 17:50:00'),('10014','賓茂國小','3.00','4.00','4.00','15.00','14.00','2020-08-27 17:50:00'),('10014','達仁林場','1.50','11.50','15.00','40.50','37.50','2020-08-27 17:50:00'),('10014','都歷','-998.00','-998.00','0.00','0.00','0.00','2020-08-27 17:50:00'),('10014','都蘭','-998.00','-998.00','2.50','3.50','3.50','2020-08-27 17:50:00'),('10014','金峰','3.00','3.50','8.00','21.50','21.50','2020-08-27 17:50:00'),('10014','金峰嘉蘭','1.50','1.50','4.00','13.00','13.00','2020-08-27 17:50:00'),('10014','金峰鄉公所','1.00','1.50','3.50','11.50','11.50','2020-08-27 17:50:00'),('10014','金崙','2.50','2.50','2.50','10.50','10.50','2020-08-27 17:50:00'),('10014','金崙山','1.00','1.00','2.00','10.00','10.00','2020-08-27 17:50:00'),('10014','金針山','3.00','3.00','10.00','15.00','14.00','2020-08-27 17:50:00'),('10014','長濱','-998.00','-998.00','0.00','0.00','0.00','2020-08-27 17:50:00'),('10014','關山','-998.00','-998.00','3.00','4.00','4.00','2020-08-27 17:50:00'),('10014','電光','-998.00','-998.00','3.00','3.00','3.00','2020-08-27 17:50:00'),('10014','霧鹿','0.00','1.00','7.00','11.00','11.00','2020-08-27 17:50:00'),('10014','鹿野','-998.00','-998.00','4.50','7.50','7.50','2020-08-27 17:50:00'),('10014','鹿鳴橋','-998.00','-998.00','5.00','9.00','9.00','2020-08-27 17:50:00'),('10015','三棧','6.00','6.00','6.00','6.00','6.00','2020-08-27 17:50:00'),('10015','中平林道','0.00','0.50','1.00','1.00','1.00','2020-08-27 17:50:00'),('10015','中興','-998.00','-998.00','0.00','0.00','0.00','2020-08-27 17:50:00'),('10015','佳心','0.00','0.50','0.50','1.50','1.50','2020-08-27 17:50:00'),('10015','光復','-998.00','-998.00','0.00','0.00','0.00','2020-08-27 17:50:00'),('10015','六十石山','0.00','1.00','1.00','1.00','1.00','2020-08-27 17:50:00'),('10015','加路蘭山','-998.00','-998.00','0.00','0.00','0.00','2020-08-27 17:50:00'),('10015','北埔','18.00','18.00','18.00','18.00','18.00','2020-08-27 17:50:00'),('10015','卓清國小','-998.00','-998.00','0.00','0.00','0.00','2020-08-27 17:50:00'),('10015','卓溪','0.00','0.50','0.50','0.50','0.50','2020-08-27 17:50:00'),('10015','卓溪國小','0.00','0.50','0.50','0.50','0.50','2020-08-27 17:50:00'),('10015','卓麓(4)','-998.00','-998.00','0.00','0.00','0.00','2020-08-27 17:50:00'),('10015','合歡山','0.50','3.50','3.50','3.50','3.50','2020-08-27 17:50:00'),('10015','吉安光華','0.50','0.50','0.50','0.50','0.50','2020-08-27 17:50:00'),('10015','和中','7.00','7.00','7.00','7.00','7.00','2020-08-27 17:50:00'),('10015','和平','4.00','4.00','4.00','4.00','4.00','2020-08-27 17:50:00'),('10015','和平林道','5.00','5.00','5.00','5.00','5.00','2020-08-27 17:50:00'),('10015','壽豐','12.00','12.00','12.00','12.00','12.00','2020-08-27 17:50:00'),('10015','大坑','0.00','0.50','0.50','0.50','0.50','2020-08-27 17:50:00'),('10015','大禹嶺','0.00','4.00','4.00','4.00','4.00','2020-08-27 17:50:00'),('10015','大興','-998.00','-998.00','0.00','0.00','0.00','2020-08-27 17:50:00'),('10015','大觀','0.50','1.00','1.00','1.00','1.00','2020-08-27 17:50:00'),('10015','大農','-998.00','-998.00','0.00','0.00','0.00','2020-08-27 17:50:00'),('10015','天祥','1.00','1.00','1.00','1.00','1.00','2020-08-27 17:50:00'),('10015','太安','1.00','1.50','1.50','1.50','1.50','2020-08-27 17:50:00'),('10015','太平國小','-998.00','-998.00','0.00','0.00','0.00','2020-08-27 17:50:00'),('10015','太魯閣','6.50','6.50','6.50','6.50','6.50','2020-08-27 17:50:00'),('10015','奇美國小','-998.00','-998.00','0.00','0.00','0.00','2020-08-27 17:50:00'),('10015','安通山','0.00','0.50','0.50','0.50','0.50','2020-08-27 17:50:00'),('10015','富世','6.00','6.00','6.00','6.00','6.00','2020-08-27 17:50:00'),('10015','富源','-998.00','-998.00','0.00','0.00','0.00','2020-08-27 17:50:00'),('10015','富里','-998.00','-998.00','0.50','1.00','1.00','2020-08-27 17:50:00'),('10015','山興分校','-998.00','-998.00','0.00','0.00','0.00','2020-08-27 17:50:00'),('10015','布洛灣','7.00','7.00','7.00','7.00','7.00','2020-08-27 17:50:00'),('10015','德武','-998.00','-998.00','0.00','0.00','0.00','2020-08-27 17:50:00'),('10015','慈恩','0.50','11.50','11.50','11.50','11.50','2020-08-27 17:50:00'),('10015','新城','19.50','19.50','19.50','19.50','19.50','2020-08-27 17:50:00'),('10015','新東礦','4.00','5.00','5.00','5.00','5.00','2020-08-27 17:50:00'),('10015','明里','-998.00','-998.00','1.00','1.00','1.00','2020-08-27 17:50:00'),('10015','月眉山','0.00','0.50','0.50','0.50','0.50','2020-08-27 17:50:00'),('10015','東富','-998.00','-998.00','0.00','0.00','0.00','2020-08-27 17:50:00'),('10015','東興部落','-998.00','-998.00','0.00','0.00','0.00','2020-08-27 17:50:00'),('10015','東華','7.00','7.00','7.00','7.00','7.00','2020-08-27 17:50:00'),('10015','東里','0.00','0.50','0.50','0.50','0.50','2020-08-27 17:50:00'),('10015','東里國中','0.00','0.50','0.50','0.50','0.50','2020-08-27 17:50:00'),('10015','水源','5.50','6.00','6.00','6.00','6.00','2020-08-27 17:50:00'),('10015','水璉','-998.00','-998.00','0.00','0.00','0.00','2020-08-27 17:50:00'),('10015','洛韶','0.50','7.50','7.50','7.50','7.50','2020-08-27 17:50:00'),('10015','清水斷崖','16.50','16.50','16.50','16.50','16.50','2020-08-27 17:50:00'),('10015','清水林道','0.00','0.50','1.50','2.00','2.00','2020-08-27 17:50:00'),('10015','溪口國小','18.50','19.00','19.00','19.00','19.00','2020-08-27 17:50:00'),('10015','玉里','0.00','0.50','0.50','0.50','0.50','2020-08-27 17:50:00'),('10015','瑞北國小','-998.00','-998.00','0.00','0.00','0.00','2020-08-27 17:50:00'),('10015','瑞穗','-998.00','-998.00','0.00','0.00','0.00','2020-08-27 17:50:00'),('10015','瑞穗林道','0.50','1.00','1.00','1.00','1.00','2020-08-27 17:50:00'),('10015','石梯坪','-998.00','-998.00','0.00','0.00','0.00','2020-08-27 17:50:00'),('10015','立山','-998.00','-998.00','0.00','0.00','0.00','2020-08-27 17:50:00'),('10015','紅葉','-998.00','-998.00','0.00','0.00','0.00','2020-08-27 17:50:00'),('10015','舞鶴','-998.00','-998.00','0.00','0.00','0.00','2020-08-27 17:50:00'),('10015','花蓮','1.50','1.50','1.50','1.50','1.50','2020-08-27 17:50:00'),('10015','花蓮農改','6.00','6.00','6.00','6.00','6.00','2020-08-27 17:50:00'),('10015','荖溪','3.00','3.50','3.50','3.50','3.50','2020-08-27 17:50:00'),('10015','萬榮','1.50','1.50','1.50','1.50','1.50','2020-08-27 17:50:00'),('10015','蕃薯寮','-998.00','-998.00','0.00','0.00','0.00','2020-08-27 17:50:00'),('10015','西林','2.00','3.00','3.00','3.00','3.00','2020-08-27 17:50:00'),('10015','豐南','-998.00','-998.00','0.50','0.50','0.50','2020-08-27 17:50:00'),('10015','豐濱','-998.00','-998.00','0.00','0.00','0.00','2020-08-27 17:50:00'),('10015','赤柯山','0.00','1.00','1.00','1.00','1.00','2020-08-27 17:50:00'),('10015','銅門','3.00','3.50','3.50','3.50','3.50','2020-08-27 17:50:00'),('10015','靜浦','-998.00','-998.00','0.00','0.00','0.00','2020-08-27 17:50:00'),('10015','馬太安','1.00','1.00','1.00','1.00','1.00','2020-08-27 17:50:00'),('10015','高寮','-998.00','-998.00','0.00','0.00','0.00','2020-08-27 17:50:00'),('10015','鯉魚潭','9.00','9.00','9.00','9.00','9.00','2020-08-27 17:50:00'),('10015','鳳林','1.00','1.00','1.00','1.00','1.00','2020-08-27 17:50:00'),('10015','鳳林山','4.00','4.50','4.50','4.50','4.50','2020-08-27 17:50:00'),('10015','鳳義坑','3.50','4.00','4.00','4.00','4.00','2020-08-27 17:50:00'),('10015','龍澗','0.50','2.00','2.00','2.00','2.00','2020-08-27 17:50:00'),('10016','吉貝','22.50','39.50','40.00','45.00','44.50','2020-08-27 17:50:00'),('10016','望安','9.00','9.00','9.00','24.00','23.00','2020-08-27 17:50:00'),('10016','東吉島','20.00','26.50','27.00','32.00','29.00','2020-08-27 17:50:00'),('10016','澎湖','4.50','21.50','21.50','24.00','21.50','2020-08-27 17:50:00'),('10016','花嶼','7.00','13.50','13.50','14.50','14.50','2020-08-27 17:50:00'),('10016','西嶼','14.50','26.50','26.50','30.00','27.50','2020-08-27 17:50:00'),('10017','七堵','54.50','80.00','94.00','94.00','94.00','2020-08-27 17:50:00'),('10017','五堵','8.00','15.00','15.00','15.00','15.00','2020-08-27 15:40:00'),('10017','基隆','47.50','68.50','72.50','72.50','72.50','2020-08-27 17:50:00'),('10017','基隆嶼','23.00','28.00','28.00','28.00','28.00','2020-08-27 17:50:00'),('10017','彭佳嶼','9.00','9.00','9.00','9.00','9.00','2020-08-27 17:50:00'),('10017','復興國小','65.00','97.00','97.00','97.00','97.00','2020-08-27 17:50:00'),('10018','內湖國小','-998.00','-998.00','0.00','0.00','0.00','2020-08-27 17:50:00'),('10018','成德中學','-998.00','-998.00','0.00','0.00','0.00','2020-08-27 17:50:00'),('10018','新竹市東區','-998.00','-998.00','0.00','0.00','0.00','2020-08-27 17:50:00'),('10018','香山','-998.00','-998.00','0.00','0.00','0.00','2020-08-27 17:50:00'),('10020','嘉義','16.00','17.00','24.50','27.50','27.00','2020-08-27 17:50:00'),('10020','嘉義市東區','8.50','9.00','14.50','17.50','17.50','2020-08-27 17:50:00'),('10020','嘉義農試','9.00','10.00','18.00','20.00','20.00','2020-08-27 17:50:00'),('63','三興國小','60.00','86.00','86.00','86.00','86.00','2020-08-27 17:50:00'),('63','中正國中','59.50','79.00','79.00','79.00','79.00','2020-08-27 17:50:00'),('63','中正橋','76.00','81.00','81.00','81.00','81.00','2020-08-27 17:50:00'),('63','中洲','23.00','47.50','47.50','47.50','47.50','2020-08-27 17:50:00'),('63','九如里','67.00','91.00','94.50','94.50','94.50','2020-08-27 17:50:00'),('63','仙跡岩','29.50','68.50','68.50','68.50','68.50','2020-08-27 17:50:00'),('63','信義','59.00','79.00','79.00','79.00','79.00','2020-08-27 17:50:00'),('63','內湖','42.00','78.50','78.50','78.50','78.50','2020-08-27 17:50:00'),('63','劍南路','35.00','123.50','123.50','123.50','123.50','2020-08-27 17:50:00'),('63','劍潭山','55.50','181.00','181.00','181.00','181.00','2020-08-27 17:50:00'),('63','北投國小','19.50','63.00','63.00','63.00','63.00','2020-08-27 17:50:00'),('63','北政國中','30.50','45.50','45.50','45.50','45.50','2020-08-27 17:50:00'),('63','博嘉國小','34.00','48.50','48.50','48.50','48.50','2020-08-27 17:50:00'),('63','四獸山','56.00','70.00','70.00','70.00','70.00','2020-08-27 17:50:00'),('63','國三南深路','71.00','106.00','110.50','110.50','110.50','2020-08-27 17:50:00'),('63','埤腹','36.50','66.50','66.50','66.50','66.50','2020-08-27 17:50:00'),('63','士林','37.50','120.00','120.00','120.00','120.00','2020-08-27 17:50:00'),('63','大安森林','58.00','75.00','75.00','75.00','75.00','2020-08-27 17:50:00'),('63','大屯國小','15.00','41.50','41.50','41.50','41.50','2020-08-27 17:50:00'),('63','大屯山','19.50','42.50','42.50','42.50','42.50','2020-08-27 17:50:00'),('63','大湖里','25.50','52.00','52.00','52.00','52.00','2020-08-27 17:50:00'),('63','天母','31.00','111.00','111.00','111.00','111.00','2020-08-27 17:50:00'),('63','太平國小','49.00','150.00','150.00','150.00','150.00','2020-08-27 17:50:00'),('63','奇岩','24.00','89.50','89.50','89.50','89.50','2020-08-27 17:50:00'),('63','安泰里','35.50','66.00','67.50','67.50','67.50','2020-08-27 17:50:00'),('63','小油坑','28.50','57.00','57.00','57.00','57.00','2020-08-27 17:50:00'),('63','市政中心','57.50','77.50','77.50','77.50','77.50','2020-08-27 17:50:00'),('63','平等國小','38.00','85.50','85.50','85.50','85.50','2020-08-27 17:50:00'),('63','建國','55.00','141.00','141.00','141.00','141.00','2020-08-27 17:50:00'),('63','指南里','34.00','48.50','48.50','48.50','48.50','2020-08-27 17:50:00'),('63','挹翠山莊','36.00','53.00','53.00','53.00','53.00','2020-08-27 17:50:00'),('63','擎天崗','34.50','87.00','87.00','87.00','87.00','2020-08-27 17:50:00'),('63','文化大學','26.80','80.50','80.50','-999.00','80.50','2020-08-27 17:50:00'),('63','文山','42.00','61.00','61.00','61.00','61.00','2020-08-27 17:50:00'),('63','明德樂園','33.00','91.00','91.00','91.00','91.00','2020-08-27 17:50:00'),('63','東湖國小','39.50','65.50','65.50','65.50','65.50','2020-08-27 17:50:00'),('63','松山','59.00','84.00','84.00','84.00','84.00','2020-08-27 17:50:00'),('63','格致國中','29.50','97.00','97.00','97.00','97.00','2020-08-27 17:50:00'),('63','桃源國中','17.00','55.50','55.50','55.50','55.50','2020-08-27 17:50:00'),('63','民生國中','50.50','86.00','86.00','86.00','86.00','2020-08-27 17:50:00'),('63','湖田國小','23.50','55.50','55.50','55.50','55.50','2020-08-27 17:50:00'),('63','溪山里','38.00','91.00','92.00','92.00','92.00','2020-08-27 17:50:00'),('63','玉成','44.50','70.50','70.50','70.50','70.50','2020-08-27 17:50:00'),('63','留公國中','49.50','65.50','65.50','65.50','65.50','2020-08-27 17:50:00'),('63','石牌','26.50','105.00','105.00','105.00','105.00','2020-08-27 17:50:00'),('63','碧湖國小','40.00','68.50','68.50','68.50','68.50','2020-08-27 17:50:00'),('63','社子','24.50','50.00','50.00','50.00','50.00','2020-08-27 17:50:00'),('63','福州山','59.00','87.50','87.50','87.50','87.50','2020-08-27 17:50:00'),('63','福德','49.00','163.50','163.50','163.50','163.50','2020-08-27 17:50:00'),('63','稻香里','16.50','51.00','51.00','51.00','51.00','2020-08-27 17:50:00'),('63','竹子湖','28.00','61.00','61.00','61.00','61.00','2020-08-27 17:50:00'),('63','至善國中','32.00','106.00','106.00','106.00','106.00','2020-08-27 17:50:00'),('63','臺北','52.50','89.00','89.00','89.00','89.00','2020-08-27 17:50:00'),('63','臺灣大學','37.50','58.00','58.00','58.00','58.00','2020-08-27 17:50:00'),('63','舊莊國小','63.00','91.50','95.50','95.50','95.50','2020-08-27 17:50:00'),('63','舊莊里','70.50','102.50','106.00','106.00','106.00','2020-08-27 17:50:00'),('63','茶製場','42.00','54.50','58.50','58.50','58.50','2020-08-27 17:50:00'),('63','菁山里','33.00','109.50','109.50','109.50','109.50','2020-08-27 17:50:00'),('63','貓空','38.50','47.00','47.00','47.00','47.00','2020-08-27 17:50:00'),('63','貴子坑','15.50','46.00','46.00','46.00','46.00','2020-08-27 17:50:00'),('63','金面山','40.50','104.00','104.00','104.00','104.00','2020-08-27 17:50:00'),('63','關渡','19.00','57.50','57.50','57.50','57.50','2020-08-27 17:50:00'),('63','陽明山','31.50','72.00','72.00','72.00','72.00','2020-08-27 17:50:00'),('63','陽明高中','45.50','171.00','171.00','171.00','171.00','2020-08-27 17:50:00'),('63','雙園','40.50','77.50','77.50','77.50','77.50','2020-08-27 17:50:00'),('63','鞍部','21.00','49.50','49.50','49.50','49.50','2020-08-27 17:50:00'),('64','三民','15.50','18.00','56.50','70.50','69.50','2020-08-27 17:50:00'),('64','仁武','22.50','25.50','71.00','90.00','89.00','2020-08-27 17:50:00'),('64','內門','55.50','57.00','94.00','111.50','111.00','2020-08-27 17:50:00'),('64','六龜','52.00','55.00','97.00','139.50','132.50','2020-08-27 17:50:00'),('64','六龜(4)','43.00','47.00','88.00','129.00','122.00','2020-08-27 17:50:00'),('64','南天池','10.00','15.00','35.00','64.50','63.50','2020-08-27 17:50:00'),('64','南沙島','-999.00','0.00','-999.00','0.00','0.00','2020-08-27 17:50:00'),('64','古亭坑','49.50','60.50','94.00','109.50','109.00','2020-08-27 17:50:00'),('64','吉東','37.00','44.00','117.50','138.50','136.50','2020-08-27 17:50:00'),('64','圓富國中','51.00','54.00','78.00','108.00','103.00','2020-08-27 17:50:00'),('64','多納(1)','19.00','24.00','61.00','97.00','93.00','2020-08-27 17:50:00'),('64','多納林道','27.00','31.00','74.00','158.50','150.50','2020-08-27 17:50:00'),('64','大寮','13.00','13.50','47.50','80.50','79.50','2020-08-27 17:50:00'),('64','大津','31.50','32.50','82.00','117.00','114.00','2020-08-27 17:50:00'),('64','大社','37.00','41.50','72.50','107.50','106.00','2020-08-27 17:50:00'),('64','天池','10.00','16.00','36.00','63.00','62.00','2020-08-27 17:50:00'),('64','寶山','30.00','39.00','66.00','123.00','115.00','2020-08-27 17:50:00'),('64','小林','48.50','51.00','77.50','107.00','101.00','2020-08-27 17:50:00'),('64','小關山','10.00','15.00','37.00','95.50','93.00','2020-08-27 17:50:00'),('64','尖山','52.00','59.50','86.00','105.50','104.50','2020-08-27 17:50:00'),('64','岡山','34.00','75.50','112.50','121.00','120.00','2020-08-27 17:50:00'),('64','左營','22.00','25.50','47.00','69.50','68.00','2020-08-27 17:50:00'),('64','建山國小','32.00','41.00','74.00','136.50','131.50','2020-08-27 17:50:00'),('64','彌陀','24.50','71.50','113.00','125.00','123.50','2020-08-27 17:50:00'),('64','御油山','31.00','34.00','81.00','120.00','112.00','2020-08-27 17:50:00'),('64','復興','9.00','14.50','33.50','97.00','95.50','2020-08-27 17:50:00'),('64','排雲','10.00','16.50','24.00','32.50','32.00','2020-08-27 17:50:00'),('64','新發','49.00','52.00','106.00','166.50','157.00','2020-08-27 17:50:00'),('64','新發國小','38.00','42.50','88.50','135.00','127.50','2020-08-27 17:50:00'),('64','新興','16.00','19.50','38.00','48.50','47.50','2020-08-27 17:50:00'),('64','旗南農改','55.00','58.00','93.00','116.00','114.50','2020-08-27 17:50:00'),('64','旗山','60.00','65.50','90.50','114.00','111.00','2020-08-27 17:50:00'),('64','旗山(4)','59.00','64.00','91.00','111.00','107.00','2020-08-27 17:50:00'),('64','旗津','16.00','19.00','32.50','38.00','37.50','2020-08-27 17:50:00'),('64','月眉','54.50','58.50','87.00','121.50','117.00','2020-08-27 17:50:00'),('64','木柵','50.00','51.00','84.00','99.00','99.00','2020-08-27 17:50:00'),('64','東沙島','0.50','12.00','13.50','20.10','13.50','2020-08-27 17:50:00'),('64','林園','4.00','6.00','33.00','96.50','91.50','2020-08-27 17:50:00'),('64','林試六龜中心','45.00','47.00','84.50','131.50','124.00','2020-08-27 17:50:00'),('64','林試扇平站','30.00','32.00','73.50','103.50','96.50','2020-08-27 17:50:00'),('64','梅山','9.00','13.50','32.50','76.50','76.00','2020-08-27 17:50:00'),('64','梅山(2)','8.00','14.00','32.00','78.00','77.00','2020-08-27 17:50:00'),('64','梓官','29.00','60.00','91.50','110.00','109.00','2020-08-27 17:50:00'),('64','楠梓','33.50','39.00','66.00','94.50','93.50','2020-08-27 17:50:00'),('64','橋頭','36.00','44.00','69.00','88.00','87.00','2020-08-27 17:50:00'),('64','民權','32.00','40.00','62.00','94.00','89.00','2020-08-27 17:50:00'),('64','永安','31.50','62.50','91.50','100.50','99.00','2020-08-27 17:50:00'),('64','湖內','22.50','41.50','59.00','82.00','79.50','2020-08-27 17:50:00'),('64','溝坪','49.00','49.00','81.00','102.00','102.00','2020-08-27 17:50:00'),('64','溪南(特)','16.00','21.00','46.50','99.00','94.00','2020-08-27 17:50:00'),('64','溪埔','24.50','25.50','78.00','98.00','96.50','2020-08-27 17:50:00'),('64','甲仙','63.00','64.00','96.00','122.00','118.50','2020-08-27 17:50:00'),('64','甲仙(2)','63.00','64.00','90.00','114.00','111.00','2020-08-27 17:50:00'),('64','美濃','62.00','65.50','96.00','124.00','122.00','2020-08-27 17:50:00'),('64','美濃(2)','23.00','25.00','61.00','69.00','69.00','2020-08-27 17:50:00'),('64','苓雅','15.00','16.50','51.50','67.50','67.00','2020-08-27 17:50:00'),('64','茂林蝶谷','27.00','28.50','84.00','114.50','111.00','2020-08-27 17:50:00'),('64','茄萣','33.00','57.00','94.50','106.00','103.50','2020-08-27 17:50:00'),('64','萬山','18.00','19.50','60.50','88.00','85.00','2020-08-27 17:50:00'),('64','藤枝','20.50','25.00','52.50','102.50','97.50','2020-08-27 17:50:00'),('64','路竹','28.00','52.00','87.00','108.00','105.50','2020-08-27 17:50:00'),('64','達卡努瓦','32.50','38.00','59.00','83.00','81.00','2020-08-27 17:50:00'),('64','那瑪夏國中','0.00','16.00','27.00','49.50','46.00','2020-08-27 15:40:00'),('64','金山','55.00','63.00','96.00','128.00','127.00','2020-08-27 17:50:00'),('64','阿公店','48.00','62.50','87.50','103.00','102.00','2020-08-27 17:50:00'),('64','阿蓮','27.50','63.50','99.00','123.50','122.00','2020-08-27 17:50:00'),('64','阿蓮(2)','31.00','63.00','100.00','126.00','124.00','2020-08-27 17:50:00'),('64','集來','52.00','55.00','93.00','139.50','128.00','2020-08-27 17:50:00'),('64','高中','30.00','39.00','70.00','143.50','137.50','2020-08-27 17:50:00'),('64','高中(2)','25.00','36.00','68.00','131.00','127.00','2020-08-27 17:50:00'),('64','高雄','26.50','27.50','56.00','79.50','77.50','2020-08-27 17:50:00'),('64','鳳山','26.50','27.00','63.00','76.00','75.50','2020-08-27 17:50:00'),('64','鳳山農試','26.00','26.50','61.00','74.00','73.00','2020-08-27 17:50:00'),('64','鳳森','6.50','7.00','34.00','78.50','75.00','2020-08-27 17:50:00'),('64','鼓山','13.50','16.00','26.00','40.00','39.00','2020-08-27 17:50:00'),('65','三和','20.50','66.00','80.00','80.00','80.00','2020-08-27 17:50:00'),('65','三峽','26.50','26.50','26.50','26.50','26.50','2020-08-27 17:50:00'),('65','三芝','8.50','22.50','22.50','22.50','22.50','2020-08-27 17:50:00'),('65','三貂嶺','79.00','82.00','82.00','82.00','82.00','2020-08-27 17:50:00'),('65','三貂角','14.50','19.50','19.50','19.50','19.50','2020-08-27 17:50:00'),('65','三重','29.50','107.50','107.50','107.50','107.50','2020-08-27 17:50:00'),('65','上林國小','51.00','52.00','52.00','52.00','52.00','2020-08-27 17:50:00'),('65','下盆','19.50','21.00','21.00','21.00','21.00','2020-08-27 17:50:00'),('65','中和','52.00','62.50','62.50','62.50','62.50','2020-08-27 17:50:00'),('65','九芎根','-998.00','-998.00','0.00','0.50','0.50','2020-08-27 17:50:00'),('65','五分山','50.00','63.00','64.00','64.00','64.00','2020-08-27 17:50:00'),('65','五城加油站','22.50','29.00','29.00','29.00','29.00','2020-08-27 17:50:00'),('65','五寮國小','46.00','55.00','55.00','55.00','55.00','2020-08-27 17:50:00'),('65','五指山','22.50','47.50','48.00','48.00','48.00','2020-08-27 17:50:00'),('65','五股','7.00','11.50','11.50','11.50','11.50','2020-08-27 17:50:00'),('65','信賢派出所','27.00','35.00','35.00','35.00','35.00','2020-08-27 17:50:00'),('65','八里','0.50','3.50','3.50','3.50','3.50','2020-08-27 17:50:00'),('65','十三股','-998.00','-998.00','0.00','0.00','0.00','2020-08-27 17:50:00'),('65','吉林國小','7.00','8.00','8.00','8.00','8.00','2020-08-27 17:50:00'),('65','員山子','64.00','67.00','67.00','67.00','67.00','2020-08-27 17:50:00'),('65','四十份','21.50','37.00','37.00','37.00','37.00','2020-08-27 17:50:00'),('65','四堵','55.50','63.00','63.00','63.00','63.00','2020-08-27 17:50:00'),('65','土城','52.50','68.00','68.00','68.00','68.00','2020-08-27 17:50:00'),('65','坪林','-998.00','-998.00','1.00','1.00','1.00','2020-08-27 17:50:00'),('65','大坪','35.00','63.00','65.00','65.00','65.00','2020-08-27 17:50:00'),('65','大桶山','25.00','32.00','32.00','32.00','32.00','2020-08-27 17:50:00'),('65','大粗坑','115.50','120.00','120.00','120.00','120.00','2020-08-27 17:50:00'),('65','大豹','13.00','24.00','24.00','24.00','24.00','2020-08-27 17:50:00'),('65','太平','-998.00','-998.00','0.00','1.00','0.50','2020-08-27 15:40:00'),('65','富貴角','25.50','57.00','94.00','94.00','94.00','2020-08-27 17:50:00'),('65','屈尺','24.50','56.50','56.50','56.50','56.50','2020-08-27 17:50:00'),('65','山佳','26.50','30.00','30.00','30.00','30.00','2020-08-27 17:50:00'),('65','平溪旅遊','61.00','66.00','66.00','66.00','66.00','2020-08-27 17:50:00'),('65','建安國小','27.50','34.50','34.50','35.00','35.00','2020-08-27 17:50:00'),('65','文山茶改','62.00','75.00','75.00','75.00','75.00','2020-08-27 17:50:00'),('65','新店','22.00','47.50','47.50','47.50','47.50','2020-08-27 17:50:00'),('65','新莊','27.50','29.50','29.50','29.50','29.50','2020-08-27 17:50:00'),('65','有木國小','18.00','34.00','34.00','34.00','34.00','2020-08-27 17:50:00'),('65','板橋','32.00','43.00','43.00','43.00','43.00','2020-08-27 17:50:00'),('65','林口','0.50','0.50','0.50','0.50','0.50','2020-08-27 17:50:00'),('65','林口(1)','-998.00','-998.00','0.00','0.00','0.00','2020-08-27 17:50:00'),('65','柑林國小','38.00','41.50','41.50','41.50','41.50','2020-08-27 17:50:00'),('65','桃改臺北分場','33.50','37.00','37.00','37.00','37.00','2020-08-27 17:50:00'),('65','桶後','12.50','17.00','17.00','17.00','17.00','2020-08-27 17:50:00'),('65','永和','57.50','83.00','83.00','83.00','83.00','2020-08-27 17:50:00'),('65','汐止','59.50','84.50','84.50','84.50','84.50','2020-08-27 17:50:00'),('65','泰平','22.00','27.50','27.50','28.00','28.00','2020-08-27 17:50:00'),('65','淡水','1.50','43.00','43.00','-999.00','43.00','2020-08-27 17:50:00'),('65','深坑','77.50','87.00','87.00','87.00','87.00','2020-08-27 17:50:00'),('65','火燒寮','28.00','30.00','30.00','30.00','30.00','2020-08-27 17:50:00'),('65','熊空山','7.00','27.00','27.00','27.00','27.00','2020-08-27 17:50:00'),('65','瑞芳','63.50','66.50','66.50','66.50','66.50','2020-08-27 17:00:00'),('65','瑞芳(2)','76.00','80.00','80.00','80.00','80.00','2020-08-27 17:50:00'),('65','白沙灣','6.00','29.00','29.00','29.00','29.00','2020-08-27 17:50:00'),('65','石碇','65.50','76.50','87.00','87.00','87.00','2020-08-27 17:50:00'),('65','石碇(2)','70.00','77.00','78.00','78.00','78.00','2020-08-27 17:50:00'),('65','碧湖','-998.00','-998.00','0.00','0.00','0.00','2020-08-27 17:50:00'),('65','社后橋','70.00','113.00','113.00','113.00','113.00','2020-08-27 17:50:00'),('65','福山','15.50','44.00','44.00','44.00','44.00','2020-08-27 17:50:00'),('65','福山(3)','31.00','45.00','45.00','45.00','45.00','2020-08-27 17:50:00'),('65','福山植物園','8.50','38.50','39.00','39.00','39.00','2020-08-27 17:50:00'),('65','福隆','13.50','21.00','21.00','21.00','21.00','2020-08-27 17:50:00'),('65','精忠','23.00','51.50','51.50','51.50','51.50','2020-08-27 17:50:00'),('65','翡翠','-998.00','-998.00','0.00','0.00','0.00','2020-08-27 17:50:00'),('65','萬里國小','33.50','69.50','71.00','71.00','71.00','2020-08-27 17:50:00'),('65','蘆洲','29.50','47.00','47.00','47.00','47.00','2020-08-27 17:50:00'),('65','覽勝橋','17.00','19.00','19.00','19.00','19.00','2020-08-27 17:50:00'),('65','金山','33.50','59.00','70.00','70.00','70.00','2020-08-27 17:50:00'),('65','長坑國小','1.50','3.50','3.50','3.50','3.50','2020-08-27 17:50:00'),('65','雙溪','20.00','28.50','28.50','28.50','28.50','2020-08-27 17:50:00'),('65','鶯歌','8.00','8.50','8.50','8.50','8.50','2020-08-27 17:50:00'),('65','鼻頭角','66.00','71.50','71.50','71.50','71.50','2020-08-27 17:50:00'),('66','上谷關','0.50','1.00','1.00','1.50','1.50','2020-08-27 17:50:00'),('66','中坑','-998.00','-998.00','0.50','0.50','0.50','2020-08-27 17:50:00'),('66','中坑國小','-998.00','-998.00','2.00','2.00','2.00','2020-08-27 17:50:00'),('66','中竹林','0.50','1.00','1.00','1.50','1.50','2020-08-27 17:50:00'),('66','伯公龍','-998.00','-998.00','2.00','2.00','2.00','2020-08-27 17:50:00'),('66','卓蘭(2)','0.00','5.00','6.00','6.00','6.00','2020-08-27 17:50:00'),('66','南屯','0.50','0.50','1.00','1.00','1.00','2020-08-27 17:50:00'),('66','后里','0.50','2.50','3.00','3.50','3.50','2020-08-27 17:50:00'),('66','國一N174K','0.50','1.50','1.50','1.50','1.50','2020-08-27 17:50:00'),('66','國一S162K','0.00','2.00','2.00','2.00','2.00','2020-08-27 17:50:00'),('66','國一S169K','1.50','3.00','4.00','4.00','4.00','2020-08-27 17:50:00'),('66','國一S188K','1.00','1.50','2.50','2.50','2.50','2020-08-27 17:50:00'),('66','國三N208K','0.00','1.00','4.00','5.00','5.00','2020-08-27 17:50:00'),('66','國三S168K','-999.00','-999.00','10.50','10.50','10.50','2020-08-27 15:40:00'),('66','國三S173K','0.50','5.00','6.00','6.00','6.00','2020-08-27 17:50:00'),('66','國三S178K','1.00','1.50','2.50','2.50','2.50','2020-08-27 17:50:00'),('66','國四E5K','0.00','5.50','5.50','5.50','5.50','2020-08-27 17:50:00'),('66','坪廓分校','0.00','2.00','6.00','6.00','6.00','2020-08-27 17:50:00'),('66','大坑','0.00','2.00','2.50','2.50','2.50','2020-08-27 17:50:00'),('66','大安','0.00','5.00','7.50','7.50','7.50','2020-08-27 17:50:00'),('66','大甲','0.00','10.50','12.00','12.00','12.00','2020-08-27 17:50:00'),('66','大肚','1.00','2.00','4.50','5.00','5.00','2020-08-27 17:50:00'),('66','大里','0.00','0.50','3.50','3.50','3.50','2020-08-27 17:50:00'),('66','大雅','0.00','4.00','4.50','4.50','4.50','2020-08-27 17:50:00'),('66','審馬陣','-998.00','-998.00','0.00','0.00','0.00','2020-08-27 15:40:00'),('66','峰谷國小','0.50','0.50','2.00','2.00','2.00','2020-08-27 17:50:00'),('66','德基','0.00','9.00','9.00','9.00','9.00','2020-08-27 17:50:00'),('66','慶福山','-998.00','-998.00','3.00','3.00','3.00','2020-08-27 17:50:00'),('66','新伯公','-998.00','-998.00','2.00','2.50','2.50','2020-08-27 17:50:00'),('66','新社','0.00','1.50','6.50','7.00','7.00','2020-08-27 17:50:00'),('66','東勢','-998.00','-998.00','2.00','2.00','2.00','2020-08-27 17:50:00'),('66','松鶴','-998.00','-998.00','0.00','1.00','1.00','2020-08-27 17:50:00'),('66','桃山','0.50','2.00','2.50','2.50','2.50','2020-08-27 17:50:00'),('66','桐林','0.50','1.00','1.00','1.00','1.00','2020-08-27 17:50:00'),('66','梧棲','0.50','2.00','9.00','10.00','10.00','2020-08-27 17:50:00'),('66','梨山','0.00','0.50','0.50','0.50','0.50','2020-08-27 17:50:00'),('66','武陵','-998.00','-998.00','0.00','0.00','0.00','2020-08-27 17:50:00'),('66','清水','-998.00','-998.00','4.50','4.50','4.50','2020-08-27 17:50:00'),('66','清水林','0.50','0.50','2.00','2.50','2.50','2020-08-27 17:50:00'),('66','潭子','1.50','2.00','2.50','2.50','2.50','2020-08-27 17:50:00'),('66','烏日','0.50','0.50','1.00','1.50','1.50','2020-08-27 17:50:00'),('66','烏石坑','0.00','0.50','1.00','2.00','2.00','2020-08-27 17:50:00'),('66','白冷','-998.00','-998.00','0.00','2.50','2.50','2020-08-27 17:50:00'),('66','白毛台','-998.00','-998.00','0.50','1.00','1.00','2020-08-27 17:50:00'),('66','石岡','0.00','1.50','2.50','2.50','2.50','2020-08-27 17:50:00'),('66','神岡','0.50','1.50','2.50','2.50','2.50','2020-08-27 17:50:00'),('66','稍來','0.50','2.00','2.50','4.50','4.50','2020-08-27 17:50:00'),('66','種苗繁殖','0.00','2.00','5.00','5.00','5.00','2020-08-27 17:50:00'),('66','臺中','0.50','1.00','1.50','2.00','2.00','2020-08-27 17:50:00'),('66','西屯','1.00','1.50','2.00','2.50','2.50','2020-08-27 17:50:00'),('66','豐原','1.00','4.50','4.50','5.00','5.00','2020-08-27 17:50:00'),('66','農業試驗所','0.50','0.50','1.50','1.50','1.50','2020-08-27 17:50:00'),('66','達觀國小','-998.00','-998.00','0.50','0.50','0.50','2020-08-27 17:50:00'),('66','雙崎(2)','0.00','1.00','1.00','1.00','1.00','2020-08-27 17:50:00'),('66','雪嶺','2.00','7.00','8.00','12.00','12.00','2020-08-27 17:50:00'),('66','頭汴坑','-998.00','-998.00','2.00','2.00','2.00','2020-08-27 17:50:00'),('66','龍井','0.50','0.50','2.50','3.00','3.00','2020-08-27 17:50:00'),('66','龍安','-998.00','-998.00','3.50','4.00','4.00','2020-08-27 17:50:00'),('67','七股','31.00','50.50','70.50','118.50','118.50','2020-08-27 17:50:00'),('67','七股研究中心','45.00','62.00','70.50','84.50','84.50','2020-08-27 17:50:00'),('67','下營','23.00','32.00','42.00','67.00','67.00','2020-08-27 17:50:00'),('67','仁德','27.00','43.00','74.50','94.00','94.00','2020-08-27 17:50:00'),('67','佳里','30.00','41.00','67.00','93.50','93.50','2020-08-27 17:50:00'),('67','六溪','12.00','13.00','35.00','41.00','41.00','2020-08-27 17:50:00'),('67','北寮','13.00','15.00','43.00','50.00','50.00','2020-08-27 17:50:00'),('67','北門','17.50','34.50','51.50','70.50','70.50','2020-08-27 17:50:00'),('67','南化(2)','38.00','39.00','64.00','77.00','77.00','2020-08-27 17:50:00'),('67','善化','61.50','74.00','90.50','106.50','106.50','2020-08-27 17:50:00'),('67','嘉南水利','27.50','41.00','55.50','-999.00','73.50','2020-08-27 17:50:00'),('67','大內','35.00','37.50','52.50','73.00','73.00','2020-08-27 17:50:00'),('67','大棟山','14.50','15.50','40.50','45.50','45.50','2020-08-27 17:50:00'),('67','大竹坑','49.00','51.00','80.00','94.00','94.00','2020-08-27 17:50:00'),('67','媽廟','21.00','34.50','58.50','80.50','80.00','2020-08-27 17:50:00'),('67','學甲','15.00','26.50','40.00','65.50','65.50','2020-08-27 17:50:00'),('67','安南','61.50','84.50','95.50','111.00','111.00','2020-08-27 17:50:00'),('67','安定','58.00','85.50','94.50','111.50','111.50','2020-08-27 17:50:00'),('67','安平','48.00','71.50','86.50','95.00','95.00','2020-08-27 17:50:00'),('67','官田','39.50','61.50','67.00','101.50','101.50','2020-08-27 17:50:00'),('67','將軍','21.00','35.00','63.50','98.00','98.00','2020-08-27 17:50:00'),('67','山上','26.50','30.00','51.50','74.00','74.00','2020-08-27 17:50:00'),('67','崁頭山','15.00','16.50','46.00','53.50','53.50','2020-08-27 17:50:00'),('67','崎頂','29.00','45.50','75.50','107.00','107.00','2020-08-27 17:50:00'),('67','左鎮','20.00','24.50','51.50','72.50','72.50','2020-08-27 17:50:00'),('67','後壁','15.50','34.50','40.50','48.00','48.00','2020-08-27 17:50:00'),('67','新市','48.00','57.00','75.00','96.50','96.50','2020-08-27 17:50:00'),('67','新營','13.50','30.50','39.00','56.00','56.00','2020-08-27 17:50:00'),('67','曾文','17.50','18.00','42.00','65.50','65.50','2020-08-27 17:50:00'),('67','東原','14.50','15.00','32.00','39.50','39.50','2020-08-27 17:50:00'),('67','東河','17.00','23.50','31.50','48.50','48.50','2020-08-27 17:50:00'),('67','柳營','21.00','24.50','33.00','53.00','53.00','2020-08-27 17:50:00'),('67','楠西','19.00','19.50','45.00','69.50','69.50','2020-08-27 17:50:00'),('67','水試所七股','36.50','53.50','68.00','117.00','117.00','2020-08-27 17:50:00'),('67','永康','65.50','88.50','101.50','114.50','114.50','2020-08-27 17:50:00'),('67','沙崙','18.50','31.50','76.50','102.00','102.00','2020-08-27 17:50:00'),('67','玉井','20.50','22.00','45.00','65.50','65.50','2020-08-27 17:50:00'),('67','王爺宮','19.00','21.00','45.00','56.00','56.00','2020-08-27 17:50:00'),('67','環湖','21.50','23.00','40.50','68.00','68.00','2020-08-27 17:50:00'),('67','畜試所','24.00','33.00','56.00','78.00','78.00','2020-08-27 17:50:00'),('67','白河','13.00','15.00','22.00','29.50','29.50','2020-08-27 17:50:00'),('67','羌黃坑','41.50','43.00','71.50','84.50','83.50','2020-08-27 17:50:00'),('67','臺南','51.50','74.50','88.50','100.50','100.50','2020-08-27 17:50:00'),('67','臺南市北區','53.50','77.50','89.50','103.50','103.50','2020-08-27 17:50:00'),('67','臺南市南區','57.00','85.00','107.00','111.50','111.00','2020-08-27 17:50:00'),('67','臺南蘭花園區','17.50','31.50','37.00','45.00','45.00','2020-08-27 17:50:00'),('67','臺南農改','21.00','28.50','50.50','68.50','68.50','2020-08-27 17:50:00'),('67','虎頭埤','19.00','23.00','48.00','71.00','71.00','2020-08-27 17:50:00'),('67','西港','44.50','63.50','75.00','116.00','116.00','2020-08-27 17:50:00'),('67','關子嶺','12.50','13.00','35.50','39.50','39.50','2020-08-27 17:50:00'),('67','關子嶺(2)','12.00','13.00','37.00','39.00','39.00','2020-08-27 17:50:00'),('67','關山','47.00','49.00','79.50','97.50','97.00','2020-08-27 17:50:00'),('67','關廟','20.50','31.50','80.50','109.50','109.50','2020-08-27 17:50:00'),('67','鹽水','13.50','20.00','30.50','49.50','49.50','2020-08-27 17:50:00'),('67','鹿寮','7.50','8.50','21.00','23.00','23.00','2020-08-27 17:50:00'),('67','麻豆','26.50','43.00','52.50','97.00','97.00','2020-08-27 17:50:00'),('68','中壢','-998.00','-998.00','0.00','0.00','0.00','2020-08-27 17:50:00'),('68','中央大學','-998.00','-998.00','0.00','0.00','0.00','2020-08-27 17:50:00'),('68','八德','3.00','3.00','3.00','3.00','3.00','2020-08-27 17:50:00'),('68','八德合作社','2.50','2.50','2.50','2.50','2.50','2020-08-27 17:50:00'),('68','八德蔬果','1.50','2.00','2.00','2.00','2.00','2020-08-27 17:50:00'),('68','嘎拉賀','25.00','25.00','25.00','25.00','25.00','2020-08-27 17:50:00'),('68','嘎色鬧分校','24.00','41.00','41.00','41.00','41.00','2020-08-27 17:50:00'),('68','國一五楊','1.50','3.50','3.50','3.50','3.50','2020-08-27 17:50:00'),('68','大園','2.00','2.00','2.00','2.00','2.00','2020-08-27 17:50:00'),('68','大溪','4.00','4.00','4.00','4.00','4.00','2020-08-27 17:50:00'),('68','大溪永福','20.50','20.50','20.50','20.50','20.50','2020-08-27 17:50:00'),('68','大艽芎古道','9.00','11.50','11.50','11.50','11.50','2020-08-27 17:50:00'),('68','巴陵','45.00','45.00','45.00','45.00','45.00','2020-08-27 17:50:00'),('68','平鎮','-998.00','-998.00','0.00','0.00','0.00','2020-08-27 17:50:00'),('68','復興','43.50','61.00','61.50','61.50','61.50','2020-08-27 17:50:00'),('68','拉拉山','39.50','39.50','39.50','39.50','39.50','2020-08-27 17:50:00'),('68','新屋','-998.00','-998.00','0.00','0.00','0.00','2020-08-27 17:50:00'),('68','桃園','2.00','2.00','2.00','2.00','2.00','2020-08-27 17:50:00'),('68','桃園農改','-998.00','-998.00','0.00','0.00','0.00','2020-08-27 17:50:00'),('68','楊梅','-998.00','-998.00','0.00','0.00','0.00','2020-08-27 17:50:00'),('68','水尾','-998.00','-998.00','0.00','0.00','0.00','2020-08-27 17:50:00'),('68','石門','7.00','7.00','7.00','7.00','7.00','2020-08-27 17:50:00'),('68','石門後池','3.00','3.00','3.00','3.00','3.00','2020-08-27 17:50:00'),('68','茶改場','-998.00','-998.00','0.00','0.00','0.00','2020-08-27 17:50:00'),('68','蘆竹','12.00','12.00','12.00','12.00','12.00','2020-08-27 17:50:00'),('68','蘇樂','25.00','29.00','29.00','29.00','29.00','2020-08-27 17:50:00'),('68','觀音','-998.00','-998.00','0.00','0.00','0.00','2020-08-27 17:50:00'),('68','農工中心','-998.00','-998.00','0.00','0.00','0.00','2020-08-27 17:50:00'),('68','霞雲','23.00','40.00','40.00','40.00','40.00','2020-08-27 17:50:00'),('68','高坡國小','17.00','27.00','27.00','27.00','27.00','2020-08-27 17:50:00'),('68','高義','2.00','3.00','3.00','3.00','3.00','2020-08-27 17:50:00'),('68','龍壽社區','6.00','6.00','6.00','6.00','6.00','2020-08-27 17:50:00'),('68','龍潭','1.00','1.00','1.00','1.00','1.00','2020-08-27 17:50:00'),('68','龜山','4.50','4.50','4.50','4.50','4.50','2020-08-27 17:50:00');
/*!40000 ALTER TABLE `rain` ENABLE KEYS */;
UNLOCK TABLES;

--
-- Table structure for table `weathers`
--

DROP TABLE IF EXISTS `weathers`;
/*!40101 SET @saved_cs_client     = @@character_set_client */;
/*!40101 SET character_set_client = utf8 */;
CREATE TABLE `weathers` (
  `cityId` varchar(20) NOT NULL,
  `maxAT` int(11) DEFAULT NULL,
  `maxT` int(11) DEFAULT NULL,
  `minAT` int(11) DEFAULT NULL,
  `minT` int(11) DEFAULT NULL,
  `pop12h` int(11) DEFAULT NULL,
  `rh` int(11) DEFAULT NULL,
  `wd` varchar(20) DEFAULT NULL,
  `ws1` varchar(20) DEFAULT NULL,
  `ws2` varchar(20) DEFAULT NULL,
  `wx` varchar(30) DEFAULT NULL,
  `startTime` datetime NOT NULL,
  `endTime` datetime NOT NULL,
  PRIMARY KEY (`cityId`,`startTime`,`endTime`)
) ENGINE=InnoDB DEFAULT CHARSET=utf8;
/*!40101 SET character_set_client = @saved_cs_client */;

--
-- Dumping data for table `weathers`
--

LOCK TABLES `weathers` WRITE;
/*!40000 ALTER TABLE `weathers` DISABLE KEYS */;
INSERT INTO `weathers` VALUES ('09007',31,32,25,27,30,81,'偏南風','>= 11','>= 6','多雲短暫陣雨','2020-08-27 06:00:00','2020-08-27 18:00:00'),('09007',26,28,24,26,50,92,'偏南風','>= 11','>= 6','多雲時陰短暫陣雨','2020-08-27 18:00:00','2020-08-28 06:00:00'),('09007',32,31,24,26,50,82,'西南風','9','5','多雲短暫陣雨','2020-08-28 06:00:00','2020-08-28 18:00:00'),('09007',30,28,27,26,30,92,'西南風','7','4','多雲短暫陣雨','2020-08-28 18:00:00','2020-08-29 06:00:00'),('09007',36,31,30,27,30,80,'偏東風','3','2','多雲短暫陣雨','2020-08-29 06:00:00','2020-08-29 18:00:00'),('09007',32,28,28,27,30,92,'偏東風','6','4','多雲短暫陣雨','2020-08-29 18:00:00','2020-08-30 06:00:00'),('09007',34,32,28,27,0,82,'東北風','8','5','多雲短暫陣雨','2020-08-30 06:00:00','2020-08-30 18:00:00'),('09007',30,28,27,27,0,92,'東北風','7','4','多雲短暫陣雨','2020-08-30 18:00:00','2020-08-31 06:00:00'),('09007',34,32,27,27,0,82,'偏北風','7','4','多雲短暫陣雨','2020-08-31 06:00:00','2020-08-31 18:00:00'),('09007',30,29,27,27,0,91,'偏西風','6','4','多雲時晴','2020-08-31 18:00:00','2020-09-01 06:00:00'),('09007',35,33,27,27,0,78,'偏南風','6','4','多雲','2020-09-01 06:00:00','2020-09-01 18:00:00'),('09007',31,29,28,28,0,91,'西南風','6','4','多雲','2020-09-01 18:00:00','2020-09-02 06:00:00'),('09007',35,32,28,28,0,81,'西南風','6','4','晴時多雲','2020-09-02 06:00:00','2020-09-02 18:00:00'),('09007',31,29,29,28,0,93,'西南風','6','4','多雲短暫陣雨','2020-09-02 18:00:00','2020-09-03 06:00:00'),('09020',34,33,27,28,30,79,'偏南風','>= 11','>= 6','多雲短暫陣雨或雷雨','2020-08-27 06:00:00','2020-08-27 18:00:00'),('09020',31,30,28,27,70,88,'西南風','6','4','多雲時陰短暫陣雨','2020-08-27 18:00:00','2020-08-28 06:00:00'),('09020',34,32,28,27,60,70,'西南風','5','3','多雲短暫陣雨','2020-08-28 06:00:00','2020-08-28 18:00:00'),('09020',32,29,30,27,30,84,'偏南風','3','2','陰短暫陣雨','2020-08-28 18:00:00','2020-08-29 06:00:00'),('09020',36,33,30,27,30,66,'偏南風','4','3','多雲短暫陣雨','2020-08-29 06:00:00','2020-08-29 18:00:00'),('09020',32,30,29,27,20,84,'東北風','4','3','多雲','2020-08-29 18:00:00','2020-08-30 06:00:00'),('09020',36,33,29,27,0,74,'東北風','5','3','多雲時晴','2020-08-30 06:00:00','2020-08-30 18:00:00'),('09020',32,30,29,27,0,83,'偏北風','4','3','多雲','2020-08-30 18:00:00','2020-08-31 06:00:00'),('09020',35,34,29,27,0,63,'東北風','5','3','多雲','2020-08-31 06:00:00','2020-08-31 18:00:00'),('09020',32,30,30,28,0,85,'偏西風','4','3','多雲短暫陣雨','2020-08-31 18:00:00','2020-09-01 06:00:00'),('09020',38,34,30,28,0,77,'西南風','4','3','多雲','2020-09-01 06:00:00','2020-09-01 18:00:00'),('09020',34,30,31,28,0,90,'西南風','4','3','晴時多雲','2020-09-01 18:00:00','2020-09-02 06:00:00'),('09020',38,34,31,28,0,76,'偏南風','4','3','晴時多雲','2020-09-02 06:00:00','2020-09-02 18:00:00'),('09020',33,30,31,28,0,86,'偏西風','4','3','晴時多雲','2020-09-02 18:00:00','2020-09-03 06:00:00'),('10002',39,34,29,26,60,73,'東南風','2','2','多雲時陰短暫陣雨','2020-08-27 06:00:00','2020-08-27 18:00:00'),('10002',35,30,29,26,20,78,'偏西風','2','2','多雲','2020-08-27 18:00:00','2020-08-28 06:00:00'),('10002',39,34,29,26,20,73,'東北風','2','2','多雲','2020-08-28 06:00:00','2020-08-28 18:00:00'),('10002',34,30,29,26,10,78,'偏西風','2','2','多雲','2020-08-28 18:00:00','2020-08-29 06:00:00'),('10002',38,33,29,26,20,71,'偏東風','2','2','多雲時陰','2020-08-29 06:00:00','2020-08-29 18:00:00'),('10002',34,30,29,26,30,81,'東南風','1','<= 1','多雲短暫陣雨','2020-08-29 18:00:00','2020-08-30 06:00:00'),('10002',39,34,29,26,0,79,'偏東風','2','2','多雲','2020-08-30 06:00:00','2020-08-30 18:00:00'),('10002',34,30,28,26,0,78,'偏西風','3','2','晴時多雲','2020-08-30 18:00:00','2020-08-31 06:00:00'),('10002',37,33,28,26,0,69,'西北風','4','3','多雲短暫陣雨','2020-08-31 06:00:00','2020-08-31 18:00:00'),('10002',31,30,28,26,0,62,'偏西風','4','3','多雲短暫陣雨','2020-08-31 18:00:00','2020-09-01 06:00:00'),('10002',39,34,28,26,0,72,'偏南風','3','2','多雲短暫陣雨','2020-09-01 06:00:00','2020-09-01 18:00:00'),('10002',35,31,29,27,0,71,'偏西風','2','2','多雲','2020-09-01 18:00:00','2020-09-02 06:00:00'),('10002',40,35,28,27,0,63,'偏東風','2','2','晴時多雲','2020-09-02 06:00:00','2020-09-02 18:00:00'),('10002',36,31,28,27,0,72,'偏西風','2','2','晴時多雲','2020-09-02 18:00:00','2020-09-03 06:00:00'),('10004',37,34,28,28,50,60,'西南風','7','4','多雲短暫陣雨','2020-08-27 06:00:00','2020-08-27 18:00:00'),('10004',34,31,29,26,20,82,'偏東風','2','2','多雲','2020-08-27 18:00:00','2020-08-28 06:00:00'),('10004',36,34,28,26,70,64,'西南風','5','3','多雲午後短暫雷陣雨','2020-08-28 06:00:00','2020-08-28 18:00:00'),('10004',34,30,29,26,10,85,'西南風','2','2','多雲','2020-08-28 18:00:00','2020-08-29 06:00:00'),('10004',38,33,29,26,20,70,'偏西風','3','2','多雲','2020-08-29 06:00:00','2020-08-29 18:00:00'),('10004',35,30,30,26,20,88,'偏南風','2','2','晴時多雲','2020-08-29 18:00:00','2020-08-30 06:00:00'),('10004',37,34,29,26,0,63,'東北風','4','3','晴時多雲','2020-08-30 06:00:00','2020-08-30 18:00:00'),('10004',32,31,30,26,0,81,'東北風','5','3','晴時多雲','2020-08-30 18:00:00','2020-08-31 06:00:00'),('10004',37,33,29,26,0,74,'東北風','3','2','晴時多雲','2020-08-31 06:00:00','2020-08-31 18:00:00'),('10004',34,30,28,26,0,88,'偏西風','2','2','多雲','2020-08-31 18:00:00','2020-09-01 06:00:00'),('10004',36,34,28,26,0,72,'西南風','6','4','多雲','2020-09-01 06:00:00','2020-09-01 18:00:00'),('10004',31,31,26,27,0,70,'西南風','7','4','多雲','2020-09-01 18:00:00','2020-09-02 06:00:00'),('10004',35,34,26,27,0,65,'西南風','7','4','晴時多雲','2020-09-02 06:00:00','2020-09-02 18:00:00'),('10004',32,30,30,26,0,82,'偏南風','3','2','晴時多雲','2020-09-02 18:00:00','2020-09-03 06:00:00'),('10005',36,34,28,28,30,68,'偏南風','5','3','多雲時陰短暫陣雨','2020-08-27 06:00:00','2020-08-27 18:00:00'),('10005',32,30,26,26,20,63,'偏南風','4','3','多雲','2020-08-27 18:00:00','2020-08-28 06:00:00'),('10005',35,33,26,26,50,69,'西南風','7','4','多雲午後短暫雷陣雨','2020-08-28 06:00:00','2020-08-28 18:00:00'),('10005',32,30,29,26,10,82,'偏南風','3','2','多雲','2020-08-28 18:00:00','2020-08-29 06:00:00'),('10005',37,33,28,26,20,71,'西南風','2','2','多雲','2020-08-29 06:00:00','2020-08-29 18:00:00'),('10005',33,30,29,26,10,83,'偏南風','2','2','多雲','2020-08-29 18:00:00','2020-08-30 06:00:00'),('10005',36,32,28,26,0,69,'偏北風','3','2','晴時多雲','2020-08-30 06:00:00','2020-08-30 18:00:00'),('10005',32,30,29,26,0,82,'偏東風','2','2','多雲時晴','2020-08-30 18:00:00','2020-08-31 06:00:00'),('10005',36,33,29,26,0,74,'偏北風','6','4','晴時多雲','2020-08-31 06:00:00','2020-08-31 18:00:00'),('10005',32,30,29,26,0,82,'偏北風','2','2','多雲時晴','2020-08-31 18:00:00','2020-09-01 06:00:00'),('10005',36,33,28,25,0,75,'西南風','5','3','多雲','2020-09-01 06:00:00','2020-09-01 18:00:00'),('10005',30,30,27,26,0,69,'西南風','5','3','多雲','2020-09-01 18:00:00','2020-09-02 06:00:00'),('10005',35,33,27,26,0,73,'西南風','5','3','晴時多雲','2020-09-02 06:00:00','2020-09-02 18:00:00'),('10005',33,30,29,26,0,82,'偏南風','3','2','晴時多雲','2020-09-02 18:00:00','2020-09-03 06:00:00'),('10007',34,33,27,26,60,75,'偏南風','7','4','多雲短暫陣雨或雷雨','2020-08-27 06:00:00','2020-08-27 18:00:00'),('10007',32,30,27,26,30,85,'偏南風','5','3','多雲短暫陣雨或雷雨','2020-08-27 18:00:00','2020-08-28 06:00:00'),('10007',36,33,27,26,50,74,'偏南風','8','5','多雲短暫陣雨','2020-08-28 06:00:00','2020-08-28 18:00:00'),('10007',33,30,30,26,10,83,'偏南風','2','2','多雲','2020-08-28 18:00:00','2020-08-29 06:00:00'),('10007',38,33,29,26,70,74,'偏南風','3','2','多雲短暫陣雨','2020-08-29 06:00:00','2020-08-29 18:00:00'),('10007',34,30,30,26,30,86,'東南風','2','2','多雲短暫陣雨','2020-08-29 18:00:00','2020-08-30 06:00:00'),('10007',38,33,30,26,0,75,'西北風','3','2','多雲時晴','2020-08-30 06:00:00','2020-08-30 18:00:00'),('10007',34,30,30,26,0,86,'東南風','2','2','多雲','2020-08-30 18:00:00','2020-08-31 06:00:00'),('10007',36,33,30,26,0,74,'偏北風','5','3','多雲午後短暫雷陣雨','2020-08-31 06:00:00','2020-08-31 18:00:00'),('10007',33,30,30,26,0,84,'東北風','3','2','多雲時晴','2020-08-31 18:00:00','2020-09-01 06:00:00'),('10007',37,33,30,26,0,76,'西南風','2','2','多雲午後短暫雷陣雨','2020-09-01 06:00:00','2020-09-01 18:00:00'),('10007',34,30,29,27,0,83,'偏南風','3','2','多雲','2020-09-01 18:00:00','2020-09-02 06:00:00'),('10007',38,33,28,27,0,74,'偏南風','3','2','多雲午後短暫雷陣雨','2020-09-02 06:00:00','2020-09-02 18:00:00'),('10007',35,30,30,27,0,86,'偏南風','2','2','晴時多雲','2020-09-02 18:00:00','2020-09-03 06:00:00'),('10008',34,32,28,26,60,71,'西南風','5','3','多雲時陰短暫陣雨或雷雨','2020-08-27 06:00:00','2020-08-27 18:00:00'),('10008',31,29,29,25,30,87,'東南風','2','2','多雲時陰短暫陣雨或雷雨','2020-08-27 18:00:00','2020-08-28 06:00:00'),('10008',37,32,28,25,60,76,'西南風','6','4','多雲短暫陣雨','2020-08-28 06:00:00','2020-08-28 18:00:00'),('10008',34,29,30,25,10,92,'東南風','1','<= 1','多雲','2020-08-28 18:00:00','2020-08-29 06:00:00'),('10008',38,33,29,25,80,72,'西南風','2','2','多雲短暫陣雨或雷雨','2020-08-29 06:00:00','2020-08-29 18:00:00'),('10008',35,30,30,26,30,90,'東北風','1','<= 1','多雲短暫陣雨','2020-08-29 18:00:00','2020-08-30 06:00:00'),('10008',38,33,29,25,0,73,'西北風','2','2','多雲午後短暫雷陣雨','2020-08-30 06:00:00','2020-08-30 18:00:00'),('10008',34,30,28,25,0,89,'東南風','1','<= 1','多雲短暫陣雨','2020-08-30 18:00:00','2020-08-31 06:00:00'),('10008',37,33,28,25,0,72,'偏北風','2','2','多雲午後短暫雷陣雨','2020-08-31 06:00:00','2020-08-31 18:00:00'),('10008',34,30,29,25,0,89,'偏西風','0','<= 1','多雲','2020-08-31 18:00:00','2020-09-01 06:00:00'),('10008',37,33,28,25,0,72,'西南風','3','2','多雲午後短暫雷陣雨','2020-09-01 06:00:00','2020-09-01 18:00:00'),('10008',34,30,28,25,0,86,'東南風','2','2','多雲','2020-09-01 18:00:00','2020-09-02 06:00:00'),('10008',38,33,27,25,0,68,'偏南風','2','2','多雲午後短暫雷陣雨','2020-09-02 06:00:00','2020-09-02 18:00:00'),('10008',35,30,28,25,0,89,'偏南風','1','<= 1','晴時多雲','2020-09-02 18:00:00','2020-09-03 06:00:00'),('10009',32,32,27,26,70,76,'偏南風','7','4','多雲時陰短暫陣雨或雷雨','2020-08-27 06:00:00','2020-08-27 18:00:00'),('10009',29,28,26,25,40,84,'偏南風','5','3','多雲時陰短暫陣雨或雷雨','2020-08-27 18:00:00','2020-08-28 06:00:00'),('10009',34,32,27,25,50,80,'偏南風','7','4','多雲短暫陣雨','2020-08-28 06:00:00','2020-08-28 18:00:00'),('10009',31,28,29,25,10,87,'偏南風','2','2','多雲','2020-08-28 18:00:00','2020-08-29 06:00:00'),('10009',37,33,29,25,80,76,'西南風','3','2','多雲短暫陣雨','2020-08-29 06:00:00','2020-08-29 18:00:00'),('10009',33,29,29,26,30,91,'東北風','1','<= 1','陰短暫陣雨','2020-08-29 18:00:00','2020-08-30 06:00:00'),('10009',37,33,29,25,0,74,'偏北風','2','2','多雲午後短暫雷陣雨','2020-08-30 06:00:00','2020-08-30 18:00:00'),('10009',32,29,28,25,0,88,'偏南風','2','2','多雲短暫陣雨','2020-08-30 18:00:00','2020-08-31 06:00:00'),('10009',37,33,28,25,0,77,'偏北風','2','2','多雲午後短暫雷陣雨','2020-08-31 06:00:00','2020-08-31 18:00:00'),('10009',33,29,28,25,0,89,'東北風','2','2','多雲短暫陣雨','2020-08-31 18:00:00','2020-09-01 06:00:00'),('10009',37,33,28,25,0,74,'西南風','2','2','多雲午後短暫雷陣雨','2020-09-01 06:00:00','2020-09-01 18:00:00'),('10009',33,29,27,26,0,84,'偏南風','3','2','多雲','2020-09-01 18:00:00','2020-09-02 06:00:00'),('10009',37,33,27,25,0,73,'西南風','2','2','多雲午後短暫雷陣雨','2020-09-02 06:00:00','2020-09-02 18:00:00'),('10009',33,29,29,26,0,89,'偏南風','1','<= 1','晴時多雲','2020-09-02 18:00:00','2020-09-03 06:00:00'),('10010',32,31,27,26,80,82,'偏南風','7','4','陰短暫陣雨或雷雨','2020-08-27 06:00:00','2020-08-27 18:00:00'),('10010',31,28,27,26,50,93,'偏南風','6','4','多雲時陰短暫陣雨或雷雨','2020-08-27 18:00:00','2020-08-28 06:00:00'),('10010',34,32,27,26,70,85,'偏南風','6','4','多雲時陰短暫陣雨','2020-08-28 06:00:00','2020-08-28 18:00:00'),('10010',32,29,28,26,30,94,'偏南風','5','3','多雲短暫陣雨','2020-08-28 18:00:00','2020-08-29 06:00:00'),('10010',37,33,28,26,30,82,'偏南風','4','3','多雲短暫陣雨','2020-08-29 06:00:00','2020-08-29 18:00:00'),('10010',34,30,30,26,30,96,'偏南風','2','2','多雲短暫陣雨或雷雨','2020-08-29 18:00:00','2020-08-30 06:00:00'),('10010',38,33,30,26,0,76,'西北風','3','2','多雲午後短暫雷陣雨','2020-08-30 06:00:00','2020-08-30 18:00:00'),('10010',34,30,29,26,0,91,'偏南風','2','2','多雲短暫陣雨','2020-08-30 18:00:00','2020-08-31 06:00:00'),('10010',36,33,28,26,0,76,'偏北風','5','3','多雲午後短暫雷陣雨','2020-08-31 06:00:00','2020-08-31 18:00:00'),('10010',32,30,29,26,0,94,'偏北風','3','2','多雲','2020-08-31 18:00:00','2020-09-01 06:00:00'),('10010',38,33,29,26,0,78,'西南風','3','2','多雲午後短暫雷陣雨','2020-09-01 06:00:00','2020-09-01 18:00:00'),('10010',34,30,28,26,0,94,'偏南風','3','2','多雲','2020-09-01 18:00:00','2020-09-02 06:00:00'),('10010',37,33,28,26,0,75,'偏南風','3','2','多雲午後短暫雷陣雨','2020-09-02 06:00:00','2020-09-02 18:00:00'),('10010',34,30,29,26,0,93,'偏南風','3','2','多雲時晴','2020-09-02 18:00:00','2020-09-03 06:00:00'),('10013',33,29,28,24,90,97,'偏南風','3','2','陰陣雨或雷雨','2020-08-27 06:00:00','2020-08-27 18:00:00'),('10013',31,27,28,25,70,98,'東南風','3','2','陰陣雨或雷雨','2020-08-27 18:00:00','2020-08-28 06:00:00'),('10013',36,30,28,25,70,97,'偏南風','4','3','陰短暫陣雨或雷雨','2020-08-28 06:00:00','2020-08-28 18:00:00'),('10013',32,28,28,25,30,98,'東南風','4','3','陰短暫陣雨','2020-08-28 18:00:00','2020-08-29 06:00:00'),('10013',39,33,29,25,30,96,'偏南風','2','2','多雲短暫陣雨','2020-08-29 06:00:00','2020-08-29 18:00:00'),('10013',34,29,29,25,20,98,'偏北風','2','2','陰天','2020-08-29 18:00:00','2020-08-30 06:00:00'),('10013',39,33,28,25,0,93,'東南風','2','2','多雲午後短暫雷陣雨','2020-08-30 06:00:00','2020-08-30 18:00:00'),('10013',33,28,28,24,0,98,'東北風','2','2','多雲短暫陣雨','2020-08-30 18:00:00','2020-08-31 06:00:00'),('10013',39,33,28,24,0,91,'東南風','2','2','多雲午後短暫雷陣雨','2020-08-31 06:00:00','2020-08-31 18:00:00'),('10013',34,29,28,25,0,98,'東北風','3','2','多雲短暫陣雨','2020-08-31 18:00:00','2020-09-01 06:00:00'),('10013',40,33,28,25,0,96,'西北風','3','2','多雲午後短暫雷陣雨','2020-09-01 06:00:00','2020-09-01 18:00:00'),('10013',34,29,29,25,0,98,'東南風','1','<= 1','多雲時陰短暫陣雨','2020-09-01 18:00:00','2020-09-02 06:00:00'),('10013',40,33,29,25,0,92,'東北風','2','2','多雲午後短暫雷陣雨','2020-09-02 06:00:00','2020-09-02 18:00:00'),('10013',34,29,29,25,0,96,'東南風','1','<= 1','陰短暫陣雨','2020-09-02 18:00:00','2020-09-03 06:00:00'),('10014',34,33,26,27,20,71,'偏南風','8','5','多雲','2020-08-27 06:00:00','2020-08-27 18:00:00'),('10014',31,30,26,26,10,87,'西南風','7','4','多雲','2020-08-27 18:00:00','2020-08-28 06:00:00'),('10014',33,32,26,26,10,78,'偏南風','8','5','多雲時晴','2020-08-28 06:00:00','2020-08-28 18:00:00'),('10014',33,30,29,26,10,82,'西北風','2','2','多雲時晴','2020-08-28 18:00:00','2020-08-29 06:00:00'),('10014',36,32,28,26,60,79,'偏北風','2','2','多雲午後短暫雷陣雨','2020-08-29 06:00:00','2020-08-29 18:00:00'),('10014',34,29,29,26,30,85,'西北風','2','2','多雲短暫陣雨','2020-08-29 18:00:00','2020-08-30 06:00:00'),('10014',36,31,28,26,0,77,'偏東風','2','2','多雲','2020-08-30 06:00:00','2020-08-30 18:00:00'),('10014',33,29,29,26,0,84,'偏西風','2','2','多雲','2020-08-30 18:00:00','2020-08-31 06:00:00'),('10014',36,32,28,26,0,74,'偏西風','2','2','多雲','2020-08-31 06:00:00','2020-08-31 18:00:00'),('10014',34,30,29,26,0,84,'偏北風','2','2','多雲時晴','2020-08-31 18:00:00','2020-09-01 06:00:00'),('10014',36,33,29,26,0,70,'東北風','2','2','多雲短暫陣雨','2020-09-01 06:00:00','2020-09-01 18:00:00'),('10014',33,30,29,27,0,72,'西南風','2','2','晴時多雲','2020-09-01 18:00:00','2020-09-02 06:00:00'),('10014',37,33,29,27,0,72,'偏東風','2','2','晴時多雲','2020-09-02 06:00:00','2020-09-02 18:00:00'),('10014',34,30,30,27,0,82,'西南風','2','2','晴時多雲','2020-09-02 18:00:00','2020-09-03 06:00:00'),('10015',37,33,30,26,20,70,'西北風','2','2','多雲時陰','2020-08-27 06:00:00','2020-08-27 18:00:00'),('10015',34,30,29,26,10,78,'西北風','2','2','多雲','2020-08-27 18:00:00','2020-08-28 06:00:00'),('10015',37,32,29,26,30,69,'偏北風','1','<= 1','多雲午後短暫雷陣雨','2020-08-28 06:00:00','2020-08-28 18:00:00'),('10015',34,30,29,26,30,82,'偏西風','2','2','多雲短暫陣雨','2020-08-28 18:00:00','2020-08-29 06:00:00'),('10015',37,32,28,26,50,73,'偏東風','2','2','多雲午後短暫雷陣雨','2020-08-29 06:00:00','2020-08-29 18:00:00'),('10015',34,30,28,26,20,87,'東北風','2','2','多雲','2020-08-29 18:00:00','2020-08-30 06:00:00'),('10015',36,32,28,26,0,73,'東北風','3','2','多雲','2020-08-30 06:00:00','2020-08-30 18:00:00'),('10015',33,30,28,26,0,80,'偏北風','3','2','多雲短暫陣雨','2020-08-30 18:00:00','2020-08-31 06:00:00'),('10015',37,33,28,26,0,72,'西南風','4','3','多雲','2020-08-31 06:00:00','2020-08-31 18:00:00'),('10015',34,30,29,26,0,80,'偏西風','2','2','晴時多雲','2020-08-31 18:00:00','2020-09-01 06:00:00'),('10015',38,33,29,26,0,72,'偏西風','1','<= 1','多雲','2020-09-01 06:00:00','2020-09-01 18:00:00'),('10015',35,30,28,27,0,76,'偏西風','2','2','晴時多雲','2020-09-01 18:00:00','2020-09-02 06:00:00'),('10015',36,33,28,26,0,52,'偏西風','2','2','晴時多雲','2020-09-02 06:00:00','2020-09-02 18:00:00'),('10015',34,31,30,27,0,79,'偏北風','2','2','晴時多雲','2020-09-02 18:00:00','2020-09-03 06:00:00'),('10016',30,30,26,26,80,84,'偏南風','>= 11','>= 6','陰短暫陣雨或雷雨','2020-08-27 06:00:00','2020-08-27 18:00:00'),('10016',28,28,25,26,80,95,'偏南風','10','5','陰短暫陣雨','2020-08-27 18:00:00','2020-08-28 06:00:00'),('10016',34,31,26,26,80,82,'偏南風','10','5','多雲時陰短暫陣雨','2020-08-28 06:00:00','2020-08-28 18:00:00'),('10016',30,29,28,27,40,93,'偏南風','6','4','多雲短暫陣雨','2020-08-28 18:00:00','2020-08-29 06:00:00'),('10016',35,31,30,27,30,79,'偏南風','4','3','多雲短暫陣雨','2020-08-29 06:00:00','2020-08-29 18:00:00'),('10016',32,29,31,27,10,93,'西南風','3','2','多雲','2020-08-29 18:00:00','2020-08-30 06:00:00'),('10016',36,32,32,27,0,82,'偏北風','3','2','晴時多雲','2020-08-30 06:00:00','2020-08-30 18:00:00'),('10016',33,29,28,27,0,94,'東北風','6','4','多雲短暫陣雨','2020-08-30 18:00:00','2020-08-31 06:00:00'),('10016',34,32,28,27,0,82,'東北風','8','5','多雲短暫陣雨','2020-08-31 06:00:00','2020-08-31 18:00:00'),('10016',31,29,30,27,0,92,'偏北風','5','3','多雲短暫陣雨','2020-08-31 18:00:00','2020-09-01 06:00:00'),('10016',36,32,30,27,0,83,'西南風','4','3','多雲短暫陣雨','2020-09-01 06:00:00','2020-09-01 18:00:00'),('10016',31,29,29,27,0,93,'西南風','5','3','多雲短暫陣雨','2020-09-01 18:00:00','2020-09-02 06:00:00'),('10016',36,32,29,27,0,84,'偏南風','4','3','多雲短暫陣雨','2020-09-02 06:00:00','2020-09-02 18:00:00'),('10016',31,29,30,27,0,93,'西南風','5','3','多雲短暫陣雨','2020-09-02 18:00:00','2020-09-03 06:00:00'),('10017',37,33,29,26,50,69,'東南風','2','2','多雲短暫陣雨','2020-08-27 06:00:00','2020-08-27 18:00:00'),('10017',34,30,30,26,10,86,'偏東風','2','2','多雲','2020-08-27 18:00:00','2020-08-28 06:00:00'),('10017',38,33,30,26,50,78,'偏北風','2','2','多雲午後短暫雷陣雨','2020-08-28 06:00:00','2020-08-28 18:00:00'),('10017',35,30,30,26,10,86,'偏南風','2','2','多雲','2020-08-28 18:00:00','2020-08-29 06:00:00'),('10017',37,32,29,26,20,74,'東南風','2','2','多雲','2020-08-29 06:00:00','2020-08-29 18:00:00'),('10017',34,30,29,26,30,86,'東南風','4','3','多雲短暫陣雨','2020-08-29 18:00:00','2020-08-30 06:00:00'),('10017',38,33,29,26,0,82,'偏東風','4','3','多雲短暫陣雨','2020-08-30 06:00:00','2020-08-30 18:00:00'),('10017',33,30,29,27,0,85,'東北風','4','3','多雲短暫陣雨','2020-08-30 18:00:00','2020-08-31 06:00:00'),('10017',36,32,29,26,0,85,'西北風','4','3','多雲時陰短暫陣雨','2020-08-31 06:00:00','2020-08-31 18:00:00'),('10017',32,29,27,26,0,85,'偏西風','5','3','多雲短暫陣雨','2020-08-31 18:00:00','2020-09-01 06:00:00'),('10017',36,34,27,26,0,68,'偏西風','7','4','多雲短暫陣雨','2020-09-01 06:00:00','2020-09-01 18:00:00'),('10017',32,31,28,28,0,69,'西南風','5','3','多雲','2020-09-01 18:00:00','2020-09-02 06:00:00'),('10017',36,34,28,28,0,67,'西南風','6','4','晴時多雲','2020-09-02 06:00:00','2020-09-02 18:00:00'),('10017',34,30,30,26,0,88,'偏南風','3','2','晴時多雲','2020-09-02 18:00:00','2020-09-03 06:00:00'),('10018',36,33,27,28,30,66,'西南風','7','4','多雲短暫陣雨','2020-08-27 06:00:00','2020-08-27 18:00:00'),('10018',33,31,28,26,20,79,'東南風','3','2','多雲','2020-08-27 18:00:00','2020-08-28 06:00:00'),('10018',35,33,28,26,60,68,'西南風','7','4','多雲午後短暫雷陣雨','2020-08-28 06:00:00','2020-08-28 18:00:00'),('10018',33,30,29,26,10,84,'西南風','2','2','多雲','2020-08-28 18:00:00','2020-08-29 06:00:00'),('10018',38,33,29,26,20,74,'偏西風','3','2','多雲','2020-08-29 06:00:00','2020-08-29 18:00:00'),('10018',35,30,29,26,20,88,'西南風','3','2','晴時多雲','2020-08-29 18:00:00','2020-08-30 06:00:00'),('10018',36,34,29,26,0,67,'東北風','6','4','晴時多雲','2020-08-30 06:00:00','2020-08-30 18:00:00'),('10018',32,31,29,26,0,81,'東北風','6','4','晴時多雲','2020-08-30 18:00:00','2020-08-31 06:00:00'),('10018',36,32,29,26,0,78,'東北風','4','3','晴時多雲','2020-08-31 06:00:00','2020-08-31 18:00:00'),('10018',34,30,29,26,0,89,'偏西風','2','2','多雲','2020-08-31 18:00:00','2020-09-01 06:00:00'),('10018',35,33,28,26,0,76,'西南風','7','4','多雲','2020-09-01 06:00:00','2020-09-01 18:00:00'),('10018',31,31,26,27,0,73,'西南風','7','4','多雲','2020-09-01 18:00:00','2020-09-02 06:00:00'),('10018',34,33,26,27,0,71,'西南風','8','5','晴時多雲','2020-09-02 06:00:00','2020-09-02 18:00:00'),('10018',32,30,30,26,0,84,'偏南風','4','3','晴時多雲','2020-09-02 18:00:00','2020-09-03 06:00:00'),('10020',32,32,27,26,80,74,'偏南風','6','4','多雲短暫陣雨或雷雨','2020-08-27 06:00:00','2020-08-27 18:00:00'),('10020',30,28,26,25,50,83,'偏南風','5','3','多雲時陰短暫陣雨或雷雨','2020-08-27 18:00:00','2020-08-28 06:00:00'),('10020',35,32,25,25,60,78,'偏南風','5','3','多雲短暫陣雨','2020-08-28 06:00:00','2020-08-28 18:00:00'),('10020',31,28,27,25,30,84,'偏南風','4','3','多雲短暫陣雨','2020-08-28 18:00:00','2020-08-29 06:00:00'),('10020',38,33,27,25,20,75,'偏南風','3','2','多雲','2020-08-29 06:00:00','2020-08-29 18:00:00'),('10020',33,29,28,25,20,89,'西南風','1','<= 1','多雲','2020-08-29 18:00:00','2020-08-30 06:00:00'),('10020',38,34,28,25,0,71,'偏北風','2','2','多雲午後短暫雷陣雨','2020-08-30 06:00:00','2020-08-30 18:00:00'),('10020',32,29,28,25,0,88,'偏南風','2','2','多雲短暫陣雨','2020-08-30 18:00:00','2020-08-31 06:00:00'),('10020',37,33,28,25,0,71,'偏北風','3','2','多雲午後短暫雷陣雨','2020-08-31 06:00:00','2020-08-31 18:00:00'),('10020',32,29,28,25,0,91,'偏北風','2','2','多雲短暫陣雨','2020-08-31 18:00:00','2020-09-01 06:00:00'),('10020',38,34,27,25,0,73,'西南風','2','2','多雲午後短暫雷陣雨','2020-09-01 06:00:00','2020-09-01 18:00:00'),('10020',33,29,27,25,0,86,'偏南風','2','2','多雲','2020-09-01 18:00:00','2020-09-02 06:00:00'),('10020',38,34,27,25,0,70,'偏南風','2','2','多雲午後短暫雷陣雨','2020-09-02 06:00:00','2020-09-02 18:00:00'),('10020',33,29,28,25,0,87,'偏南風','1','<= 1','晴時多雲','2020-09-02 18:00:00','2020-09-03 06:00:00'),('63',38,34,30,27,90,64,'西北風','2','2','多雲時陰短暫陣雨','2020-08-27 06:00:00','2020-08-27 18:00:00'),('63',35,30,30,26,20,80,'偏東風','1','<= 1','多雲','2020-08-27 18:00:00','2020-08-28 06:00:00'),('63',40,34,29,26,80,71,'偏東風','2','2','多雲午後短暫雷陣雨','2020-08-28 06:00:00','2020-08-28 18:00:00'),('63',35,30,30,27,10,83,'偏西風','1','<= 1','多雲','2020-08-28 18:00:00','2020-08-29 06:00:00'),('63',38,33,30,27,20,73,'偏東風','2','2','多雲','2020-08-29 06:00:00','2020-08-29 18:00:00'),('63',35,30,30,27,20,81,'偏東風','2','2','晴時多雲','2020-08-29 18:00:00','2020-08-30 06:00:00'),('63',39,34,30,27,0,74,'偏東風','3','2','晴時多雲','2020-08-30 06:00:00','2020-08-30 18:00:00'),('63',34,30,30,27,0,84,'偏東風','2','2','晴時多雲','2020-08-30 18:00:00','2020-08-31 06:00:00'),('63',39,33,30,27,0,82,'西北風','2','2','多雲','2020-08-31 06:00:00','2020-08-31 18:00:00'),('63',34,30,28,26,0,84,'偏西風','5','3','陰天','2020-08-31 18:00:00','2020-09-01 06:00:00'),('63',37,34,28,26,0,70,'偏西風','4','3','多雲','2020-09-01 06:00:00','2020-09-01 18:00:00'),('63',34,31,29,28,0,61,'偏西風','2','2','多雲','2020-09-01 18:00:00','2020-09-02 06:00:00'),('63',38,34,29,28,0,63,'偏西風','3','2','晴時多雲','2020-09-02 06:00:00','2020-09-02 18:00:00'),('63',34,30,30,27,0,82,'偏東風','2','2','晴時多雲','2020-09-02 18:00:00','2020-09-03 06:00:00'),('64',34,30,29,26,90,88,'偏南風','4','3','陰陣雨或雷雨','2020-08-27 06:00:00','2020-08-27 18:00:00'),('64',33,28,29,27,70,92,'偏南風','4','3','陰陣雨或雷雨','2020-08-27 18:00:00','2020-08-28 06:00:00'),('64',35,30,28,27,70,89,'西南風','7','4','陰短暫陣雨或雷雨','2020-08-28 06:00:00','2020-08-28 18:00:00'),('64',33,29,30,27,50,90,'東南風','4','3','多雲時陰短暫陣雨','2020-08-28 18:00:00','2020-08-29 06:00:00'),('64',36,32,32,27,30,83,'西南風','3','2','多雲短暫陣雨','2020-08-29 06:00:00','2020-08-29 18:00:00'),('64',34,30,31,27,20,88,'偏南風','3','2','多雲時陰','2020-08-29 18:00:00','2020-08-30 06:00:00'),('64',37,32,31,27,0,85,'東北風','2','2','多雲午後短暫雷陣雨','2020-08-30 06:00:00','2020-08-30 18:00:00'),('64',34,30,30,27,0,87,'西南風','2','2','多雲短暫陣雨','2020-08-30 18:00:00','2020-08-31 06:00:00'),('64',36,32,30,27,0,81,'東南風','3','2','多雲午後短暫雷陣雨','2020-08-31 06:00:00','2020-08-31 18:00:00'),('64',33,30,29,27,0,89,'西北風','5','3','多雲短暫陣雨','2020-08-31 18:00:00','2020-09-01 06:00:00'),('64',37,32,29,27,0,88,'西北風','5','3','多雲午後短暫雷陣雨','2020-09-01 06:00:00','2020-09-01 18:00:00'),('64',34,30,31,27,0,92,'西南風','3','2','多雲短暫陣雨','2020-09-01 18:00:00','2020-09-02 06:00:00'),('64',36,32,31,27,0,80,'偏西風','3','2','多雲午後短暫雷陣雨','2020-09-02 06:00:00','2020-09-02 18:00:00'),('64',34,30,31,27,0,86,'西南風','2','2','多雲短暫陣雨','2020-09-02 18:00:00','2020-09-03 06:00:00'),('65',39,34,31,27,80,66,'東北風','2','2','多雲時陰短暫陣雨','2020-08-27 06:00:00','2020-08-27 18:00:00'),('65',36,31,31,27,20,86,'東北風','1','<= 1','多雲時陰','2020-08-27 18:00:00','2020-08-28 06:00:00'),('65',41,34,30,27,80,72,'偏東風','2','2','多雲午後短暫雷陣雨','2020-08-28 06:00:00','2020-08-28 18:00:00'),('65',37,31,31,27,10,88,'偏西風','1','<= 1','多雲','2020-08-28 18:00:00','2020-08-29 06:00:00'),('65',39,33,31,27,20,76,'東北風','2','2','多雲','2020-08-29 06:00:00','2020-08-29 18:00:00'),('65',36,30,32,28,10,89,'偏東風','2','2','晴時多雲','2020-08-29 18:00:00','2020-08-30 06:00:00'),('65',38,34,31,27,0,72,'偏東風','3','2','晴時多雲','2020-08-30 06:00:00','2020-08-30 18:00:00'),('65',35,31,31,28,0,88,'偏東風','2','2','晴時多雲','2020-08-30 18:00:00','2020-08-31 06:00:00'),('65',39,33,31,27,0,82,'東北風','2','2','多雲','2020-08-31 06:00:00','2020-08-31 18:00:00'),('65',35,30,29,27,0,86,'偏西風','4','3','陰天','2020-08-31 18:00:00','2020-09-01 06:00:00'),('65',38,34,28,27,0,70,'偏西風','4','3','多雲','2020-09-01 06:00:00','2020-09-01 18:00:00'),('65',35,32,30,28,0,63,'西南風','2','2','多雲','2020-09-01 18:00:00','2020-09-02 06:00:00'),('65',38,35,30,28,0,63,'偏西風','3','2','晴時多雲','2020-09-02 06:00:00','2020-09-02 18:00:00'),('65',35,31,30,27,0,83,'東南風','2','2','晴時多雲','2020-09-02 18:00:00','2020-09-03 06:00:00'),('66',34,33,29,26,60,72,'偏南風','5','3','多雲時陰短暫陣雨或雷雨','2020-08-27 06:00:00','2020-08-27 18:00:00'),('66',33,30,28,26,30,74,'偏南風','3','2','多雲短暫陣雨或雷雨','2020-08-27 18:00:00','2020-08-28 06:00:00'),('66',37,33,28,26,60,74,'偏南風','6','4','多雲短暫陣雨','2020-08-28 06:00:00','2020-08-28 18:00:00'),('66',34,30,30,26,10,81,'偏南風','2','2','多雲','2020-08-28 18:00:00','2020-08-29 06:00:00'),('66',38,33,30,26,90,71,'西南風','2','2','多雲短暫陣雨','2020-08-29 06:00:00','2020-08-29 18:00:00'),('66',35,30,30,26,30,82,'東南風','1','<= 1','多雲短暫陣雨','2020-08-29 18:00:00','2020-08-30 06:00:00'),('66',38,33,30,26,0,72,'西北風','2','2','多雲午後短暫雷陣雨','2020-08-30 06:00:00','2020-08-30 18:00:00'),('66',34,30,29,26,0,80,'東南風','2','2','多雲','2020-08-30 18:00:00','2020-08-31 06:00:00'),('66',37,33,29,26,0,70,'偏北風','2','2','多雲午後短暫雷陣雨','2020-08-31 06:00:00','2020-08-31 18:00:00'),('66',34,31,29,26,0,72,'東北風','2','2','多雲時晴','2020-08-31 18:00:00','2020-09-01 06:00:00'),('66',38,33,29,26,0,69,'西南風','2','2','多雲午後短暫雷陣雨','2020-09-01 06:00:00','2020-09-01 18:00:00'),('66',35,31,28,27,0,74,'偏南風','3','2','多雲','2020-09-01 18:00:00','2020-09-02 06:00:00'),('66',38,33,28,26,0,69,'偏南風','3','2','多雲午後短暫雷陣雨','2020-09-02 06:00:00','2020-09-02 18:00:00'),('66',34,30,30,27,0,79,'偏南風','1','<= 1','晴時多雲','2020-09-02 18:00:00','2020-09-03 06:00:00'),('67',32,29,28,26,90,85,'偏南風','7','4','陰陣雨或雷雨','2020-08-27 06:00:00','2020-08-27 18:00:00'),('67',30,28,29,26,70,92,'偏南風','3','2','陰陣雨或雷雨','2020-08-27 18:00:00','2020-08-28 06:00:00'),('67',34,30,28,26,60,87,'偏南風','7','4','陰短暫陣雨或雷雨','2020-08-28 06:00:00','2020-08-28 18:00:00'),('67',32,28,29,27,30,90,'偏南風','5','3','陰短暫陣雨','2020-08-28 18:00:00','2020-08-29 06:00:00'),('67',36,32,30,27,30,77,'西南風','5','3','多雲短暫陣雨','2020-08-29 06:00:00','2020-08-29 18:00:00'),('67',34,30,31,27,30,89,'偏南風','2','2','多雲短暫陣雨','2020-08-29 18:00:00','2020-08-30 06:00:00'),('67',36,32,31,27,0,79,'西北風','4','3','多雲午後短暫雷陣雨','2020-08-30 06:00:00','2020-08-30 18:00:00'),('67',33,30,30,27,0,89,'東南風','3','2','多雲短暫陣雨','2020-08-30 18:00:00','2020-08-31 06:00:00'),('67',36,32,30,27,0,78,'偏北風','4','3','多雲午後短暫雷陣雨','2020-08-31 06:00:00','2020-08-31 18:00:00'),('67',32,30,30,27,0,88,'偏北風','5','3','多雲','2020-08-31 18:00:00','2020-09-01 06:00:00'),('67',36,32,30,27,0,79,'西南風','5','3','多雲午後短暫雷陣雨','2020-09-01 06:00:00','2020-09-01 18:00:00'),('67',34,30,30,27,0,90,'偏南風','3','2','多雲短暫陣雨','2020-09-01 18:00:00','2020-09-02 06:00:00'),('67',36,32,30,27,0,77,'西南風','4','3','多雲午後短暫雷陣雨','2020-09-02 06:00:00','2020-09-02 18:00:00'),('67',34,30,31,28,0,84,'偏南風','3','2','多雲','2020-09-02 18:00:00','2020-09-03 06:00:00'),('68',39,35,30,27,70,66,'西南風','2','2','多雲時陰短暫陣雨或雷雨','2020-08-27 06:00:00','2020-08-27 18:00:00'),('68',36,31,30,26,20,84,'偏東風','1','<= 1','多雲','2020-08-27 18:00:00','2020-08-28 06:00:00'),('68',40,34,29,26,70,73,'東北風','2','2','多雲午後短暫雷陣雨','2020-08-28 06:00:00','2020-08-28 18:00:00'),('68',35,30,30,26,10,91,'西南風','1','<= 1','多雲','2020-08-28 18:00:00','2020-08-29 06:00:00'),('68',38,33,29,26,20,75,'東北風','2','2','多雲','2020-08-29 06:00:00','2020-08-29 18:00:00'),('68',35,30,30,26,10,87,'偏東風','2','2','晴時多雲','2020-08-29 18:00:00','2020-08-30 06:00:00'),('68',38,34,29,26,0,69,'東北風','3','2','晴時多雲','2020-08-30 06:00:00','2020-08-30 18:00:00'),('68',34,31,29,26,0,86,'東北風','2','2','晴時多雲','2020-08-30 18:00:00','2020-08-31 06:00:00'),('68',39,33,29,26,0,84,'東北風','2','2','多雲','2020-08-31 06:00:00','2020-08-31 18:00:00'),('68',34,30,28,26,0,86,'西南風','3','2','多雲','2020-08-31 18:00:00','2020-09-01 06:00:00'),('68',37,34,28,26,0,72,'西南風','5','3','多雲','2020-09-01 06:00:00','2020-09-01 18:00:00'),('68',34,31,27,27,0,68,'西南風','5','3','多雲','2020-09-01 18:00:00','2020-09-02 06:00:00'),('68',39,35,27,27,0,64,'偏西風','6','4','晴時多雲','2020-09-02 06:00:00','2020-09-02 18:00:00'),('68',35,31,30,26,0,85,'西南風','2','2','晴時多雲','2020-09-02 18:00:00','2020-09-03 06:00:00');
/*!40000 ALTER TABLE `weathers` ENABLE KEYS */;
UNLOCK TABLES;
/*!40103 SET TIME_ZONE=@OLD_TIME_ZONE */;

/*!40101 SET SQL_MODE=@OLD_SQL_MODE */;
/*!40014 SET FOREIGN_KEY_CHECKS=@OLD_FOREIGN_KEY_CHECKS */;
/*!40014 SET UNIQUE_CHECKS=@OLD_UNIQUE_CHECKS */;
/*!40101 SET CHARACTER_SET_CLIENT=@OLD_CHARACTER_SET_CLIENT */;
/*!40101 SET CHARACTER_SET_RESULTS=@OLD_CHARACTER_SET_RESULTS */;
/*!40101 SET COLLATION_CONNECTION=@OLD_COLLATION_CONNECTION */;
/*!40111 SET SQL_NOTES=@OLD_SQL_NOTES */;

-- Dump completed on 2020-08-27 18:12:18
